Date,Region_ko,Birth,Birth_rate,Death,Death_rate,Marriage,Marriage_rate,Natural_growth,Natural_growth_rate,Net_migration
2000-01-01,강원특별자치도,1966.0,14.91,1067.0,8.1,817.0,6.2,899.0,6.8,-1615.0
2000-02-01,강원특별자치도,1780.0,14.44,898.0,7.3,710.0,5.8,882.0,7.2,-2004.0
2000-03-01,강원특별자치도,1803.0,13.69,1022.0,7.8,882.0,6.7,781.0,5.9,-698.0
2000-04-01,강원특별자치도,1612.0,12.65,901.0,7.1,870.0,6.8,711.0,5.6,-1620.0
2000-05-01,강원특별자치도,1615.0,12.27,886.0,6.7,1118.0,8.5,729.0,5.5,-1309.0
2000-06-01,강원특별자치도,1495.0,11.74,866.0,6.8,884.0,6.9,629.0,4.9,-896.0
2000-07-01,강원특별자치도,1503.0,11.42,853.0,6.5,593.0,4.5,650.0,4.9,-611.0
2000-08-01,강원특별자치도,1513.0,11.49,858.0,6.5,525.0,4.0,655.0,5.0,-433.0
2000-09-01,강원특별자치도,1584.0,12.43,863.0,6.8,527.0,4.1,721.0,5.7,-308.0
2000-10-01,강원특별자치도,1542.0,11.72,928.0,7.1,917.0,7.0,614.0,4.7,-422.0
2000-11-01,강원특별자치도,1563.0,12.27,914.0,7.2,1051.0,8.2,649.0,5.1,-503.0
2000-12-01,강원특별자치도,1506.0,11.44,928.0,7.0,1004.0,7.6,578.0,4.4,-715.0
2001-01-01,강원특별자치도,1781.0,13.49,853.0,6.5,721.0,5.5,928.0,7.0,-1265.0
2001-02-01,강원특별자치도,1473.0,12.35,838.0,7.0,642.0,5.4,635.0,5.3,-1661.0
2001-03-01,강원특별자치도,1646.0,12.47,1006.0,7.6,812.0,6.2,640.0,4.9,-1096.0
2001-04-01,강원특별자치도,1469.0,11.51,941.0,7.4,912.0,7.1,528.0,4.1,-851.0
2001-05-01,강원특별자치도,1432.0,10.86,932.0,7.1,982.0,7.4,500.0,3.8,-738.0
2001-06-01,강원특별자치도,1253.0,9.82,869.0,6.8,733.0,5.7,384.0,3.0,-546.0
2001-07-01,강원특별자치도,1356.0,10.28,857.0,6.5,573.0,4.3,499.0,3.8,-910.0
2001-08-01,강원특별자치도,1353.0,10.26,825.0,6.3,545.0,4.1,528.0,4.0,-683.0
2001-09-01,강원특별자치도,1305.0,10.23,829.0,6.5,513.0,4.0,476.0,3.7,-470.0
2001-10-01,강원특별자치도,1282.0,9.73,987.0,7.5,718.0,5.5,295.0,2.2,-963.0
2001-11-01,강원특별자치도,1267.0,9.94,935.0,7.3,982.0,7.7,332.0,2.6,-724.0
2001-12-01,강원특별자치도,1256.0,9.53,918.0,7.0,1029.0,7.8,338.0,2.6,1794.0
2002-01-01,강원특별자치도,1527.0,11.6,856.0,6.5,817.0,6.2,671.0,5.1,-4751.0
2002-02-01,강원특별자치도,1298.0,10.93,754.0,6.4,528.0,4.4,544.0,4.6,-2231.0
2002-03-01,강원특별자치도,1522.0,11.59,946.0,7.2,762.0,5.8,576.0,4.4,-1757.0
2002-04-01,강원특별자치도,1379.0,10.86,948.0,7.5,742.0,5.8,431.0,3.4,-1570.0
2002-05-01,강원특별자치도,1273.0,9.71,920.0,7.0,920.0,7.0,353.0,2.7,-701.0
2002-06-01,강원특별자치도,1186.0,9.35,816.0,6.4,758.0,6.0,370.0,2.9,-861.0
2002-07-01,강원특별자치도,1226.0,9.36,804.0,6.1,572.0,4.4,422.0,3.2,-1451.0
2002-08-01,강원특별자치도,1244.0,9.52,940.0,7.2,511.0,3.9,304.0,2.3,-1056.0
2002-09-01,강원특별자치도,1203.0,9.51,968.0,7.7,445.0,3.5,235.0,1.9,-807.0
2002-10-01,강원특별자치도,1183.0,9.04,928.0,7.1,693.0,5.3,255.0,1.9,-1252.0
2002-11-01,강원특별자치도,1091.0,8.63,953.0,7.5,741.0,5.9,138.0,1.1,-1257.0
2002-12-01,강원특별자치도,1182.0,9.05,1078.0,8.3,889.0,6.8,104.0,0.8,513.0
2003-01-01,강원특별자치도,1352.0,10.39,1004.0,7.7,635.0,4.9,348.0,2.7,-4055.0
2003-02-01,강원특별자치도,1222.0,10.42,842.0,7.2,565.0,4.8,380.0,3.2,-2510.0
2003-03-01,강원특별자치도,1312.0,10.09,857.0,6.6,725.0,5.6,455.0,3.5,-1499.0
2003-04-01,강원특별자치도,1314.0,10.44,889.0,7.1,741.0,5.9,425.0,3.4,-979.0
2003-05-01,강원특별자치도,1189.0,9.14,900.0,6.9,841.0,6.5,289.0,2.2,-345.0
2003-06-01,강원특별자치도,1157.0,9.2,831.0,6.6,656.0,5.2,326.0,2.6,-268.0
2003-07-01,강원특별자치도,1112.0,8.56,876.0,6.7,630.0,4.8,236.0,1.8,115.0
2003-08-01,강원특별자치도,1093.0,8.41,914.0,7.0,485.0,3.7,179.0,1.4,-716.0
2003-09-01,강원특별자치도,1133.0,9.01,902.0,7.2,499.0,4.0,231.0,1.8,-265.0
2003-10-01,강원특별자치도,1214.0,9.34,956.0,7.4,780.0,6.0,258.0,2.0,741.0
2003-11-01,강원특별자치도,1115.0,8.87,945.0,7.5,840.0,6.7,170.0,1.4,-1687.0
2003-12-01,강원특별자치도,1136.0,8.76,974.0,7.5,1016.0,7.8,162.0,1.2,-1595.0
2004-01-01,강원특별자치도,1293.0,10.0,973.0,7.5,652.0,5.0,320.0,2.5,-1694.0
2004-02-01,강원특별자치도,1213.0,10.04,894.0,7.4,622.0,5.1,319.0,2.6,-1882.0
2004-03-01,강원특별자치도,1360.0,10.54,1004.0,7.8,775.0,6.0,356.0,2.8,-479.0
2004-04-01,강원특별자치도,1151.0,9.22,919.0,7.4,575.0,4.6,232.0,1.9,-773.0
2004-05-01,강원특별자치도,1154.0,8.95,923.0,7.2,780.0,6.0,231.0,1.8,-271.0
2004-06-01,강원특별자치도,1048.0,8.4,813.0,6.5,723.0,5.8,235.0,1.9,-92.0
2004-07-01,강원특별자치도,1163.0,9.01,867.0,6.7,514.0,4.0,296.0,2.3,-538.0
2004-08-01,강원특별자치도,1108.0,8.59,870.0,6.7,514.0,4.0,238.0,1.8,31.0
2004-09-01,강원특별자치도,1085.0,8.69,797.0,6.4,446.0,3.6,288.0,2.3,878.0
2004-10-01,강원특별자치도,1149.0,8.91,862.0,6.7,693.0,5.4,287.0,2.2,-992.0
2004-11-01,강원특별자치도,1032.0,8.27,848.0,6.8,848.0,6.8,184.0,1.5,-1009.0
2004-12-01,강원특별자치도,1020.0,7.91,881.0,6.8,1093.0,8.5,139.0,1.1,-1521.0
2005-01-01,강원특별자치도,1209.0,9.36,898.0,7.0,665.0,5.1,311.0,2.4,-1557.0
2005-02-01,강원특별자치도,1063.0,9.12,778.0,6.7,513.0,4.4,285.0,2.4,-1382.0
2005-03-01,강원특별자치도,1152.0,8.93,938.0,7.3,722.0,5.6,214.0,1.7,-1578.0
2005-04-01,강원특별자치도,1055.0,8.45,936.0,7.5,726.0,5.8,119.0,1.0,-1015.0
2005-05-01,강원특별자치도,1034.0,8.02,952.0,7.4,826.0,6.4,82.0,0.6,-687.0
2005-06-01,강원특별자치도,1008.0,8.08,812.0,6.5,781.0,6.3,196.0,1.6,-797.0
2005-07-01,강원특별자치도,954.0,7.41,853.0,6.6,600.0,4.7,101.0,0.8,-712.0
2005-08-01,강원특별자치도,1090.0,8.46,878.0,6.8,599.0,4.7,212.0,1.6,-604.0
2005-09-01,강원특별자치도,1112.0,8.92,813.0,6.5,552.0,4.4,299.0,2.4,-383.0
2005-10-01,강원특별자치도,1035.0,8.04,901.0,7.0,657.0,5.1,134.0,1.0,-682.0
2005-11-01,강원특별자치도,1015.0,8.16,857.0,6.9,815.0,6.5,158.0,1.3,-761.0
2005-12-01,강원특별자치도,930.0,7.23,957.0,7.4,1040.0,8.1,-27.0,-0.2,-1315.0
2006-01-01,강원특별자치도,1180.0,9.18,908.0,7.1,663.0,5.2,272.0,2.1,-1233.0
2006-02-01,강원특별자치도,1066.0,9.19,822.0,7.1,616.0,5.3,244.0,2.1,-1494.0
2006-03-01,강원특별자치도,1209.0,9.42,914.0,7.1,759.0,5.9,295.0,2.3,-1292.0
2006-04-01,강원특별자치도,1003.0,8.08,908.0,7.3,687.0,5.5,95.0,0.8,-433.0
2006-05-01,강원특별자치도,1042.0,8.13,892.0,7.0,818.0,6.4,150.0,1.2,-338.0
2006-06-01,강원특별자치도,912.0,7.35,858.0,6.9,849.0,6.8,54.0,0.4,-675.0
2006-07-01,강원특별자치도,1001.0,7.81,916.0,7.2,597.0,4.7,85.0,0.7,-324.0
2006-08-01,강원특별자치도,1045.0,8.16,812.0,6.3,522.0,4.1,233.0,1.8,-926.0
2006-09-01,강원특별자치도,1048.0,8.46,836.0,6.7,531.0,4.3,212.0,1.7,-389.0
2006-10-01,강원특별자치도,1025.0,8.01,832.0,6.5,610.0,4.8,193.0,1.5,-477.0
2006-11-01,강원특별자치도,972.0,7.85,902.0,7.3,869.0,7.0,70.0,0.6,-799.0
2006-12-01,강원특별자치도,952.0,7.44,890.0,7.0,1210.0,9.5,62.0,0.5,-1180.0
2007-01-01,강원특별자치도,1230.0,9.62,972.0,7.6,911.0,7.1,258.0,2.0,-746.0
2007-02-01,강원특별자치도,1135.0,9.83,840.0,7.3,640.0,5.5,295.0,2.6,-1692.0
2007-03-01,강원특별자치도,1160.0,9.08,898.0,7.0,679.0,5.3,262.0,2.1,-555.0
2007-04-01,강원특별자치도,1161.0,9.39,918.0,7.4,740.0,6.0,243.0,2.0,-622.0
2007-05-01,강원특별자치도,1118.0,8.76,893.0,7.0,888.0,7.0,225.0,1.8,-196.0
2007-06-01,강원특별자치도,1014.0,8.2,801.0,6.5,700.0,5.7,213.0,1.7,-242.0
2007-07-01,강원특별자치도,1091.0,8.54,750.0,5.9,659.0,5.2,341.0,2.7,-415.0
2007-08-01,강원특별자치도,1227.0,9.61,858.0,6.7,618.0,4.8,369.0,2.9,-399.0
2007-09-01,강원특별자치도,1225.0,9.91,790.0,6.4,470.0,3.8,435.0,3.5,-181.0
2007-10-01,강원특별자치도,1270.0,9.94,887.0,6.9,710.0,5.6,383.0,3.0,-165.0
2007-11-01,강원특별자치도,1097.0,8.88,872.0,7.1,879.0,7.1,225.0,1.8,-252.0
2007-12-01,강원특별자치도,962.0,7.53,922.0,7.2,1036.0,8.1,40.0,0.3,-681.0
2008-01-01,강원특별자치도,1275.0,10.01,914.0,7.2,802.0,6.3,361.0,2.8,-806.0
2008-02-01,강원특별자치도,1079.0,9.06,894.0,7.5,586.0,4.9,185.0,1.6,-325.0
2008-03-01,강원특별자치도,1130.0,8.87,970.0,7.6,731.0,5.7,160.0,1.3,97.0
2008-04-01,강원특별자치도,956.0,7.76,886.0,7.2,706.0,5.7,70.0,0.6,128.0
2008-05-01,강원특별자치도,961.0,7.54,860.0,6.7,815.0,6.4,101.0,0.8,386.0
2008-06-01,강원특별자치도,962.0,7.8,826.0,6.7,751.0,6.1,136.0,1.1,1182.0
2008-07-01,강원특별자치도,1081.0,8.47,861.0,6.7,716.0,5.6,220.0,1.7,193.0
2008-08-01,강원특별자치도,964.0,7.55,822.0,6.4,525.0,4.1,142.0,1.1,-170.0
2008-09-01,강원특별자치도,1044.0,8.45,845.0,6.8,533.0,4.3,199.0,1.6,223.0
2008-10-01,강원특별자치도,1010.0,7.91,857.0,6.7,649.0,5.1,153.0,1.2,100.0
2008-11-01,강원특별자치도,959.0,7.76,852.0,6.9,720.0,5.8,107.0,0.9,304.0
2008-12-01,강원특별자치도,952.0,7.45,919.0,7.2,983.0,7.7,33.0,0.3,-2.0
2009-01-01,강원특별자치도,1179.0,9.2,956.0,7.5,725.0,5.7,223.0,1.7,-833.0
2009-02-01,강원특별자치도,1041.0,9.0,771.0,6.7,605.0,5.2,270.0,2.3,-1175.0
2009-03-01,강원특별자치도,1080.0,8.43,901.0,7.0,642.0,5.0,179.0,1.4,1485.0
2009-04-01,강원특별자치도,1041.0,8.39,935.0,7.5,691.0,5.6,106.0,0.9,461.0
2009-05-01,강원특별자치도,968.0,7.55,924.0,7.2,727.0,5.7,44.0,0.3,19.0
2009-06-01,강원특별자치도,935.0,7.54,864.0,7.0,705.0,5.7,71.0,0.6,219.0
2009-07-01,강원특별자치도,955.0,7.45,826.0,6.4,564.0,4.4,129.0,1.0,183.0
2009-08-01,강원특별자치도,951.0,7.41,797.0,6.2,521.0,4.1,154.0,1.2,108.0
2009-09-01,강원특별자치도,1032.0,8.31,863.0,7.0,531.0,4.3,169.0,1.4,54.0
2009-10-01,강원특별자치도,984.0,7.67,859.0,6.7,659.0,5.1,125.0,1.0,281.0
2009-11-01,강원특별자치도,974.0,7.84,812.0,6.5,740.0,6.0,162.0,1.3,327.0
2009-12-01,강원특별자치도,972.0,7.57,907.0,7.1,971.0,7.6,65.0,0.5,689.0
2010-01-01,강원특별자치도,1094.0,8.52,933.0,7.3,690.0,5.4,161.0,1.3,-1261.0
2010-02-01,강원특별자치도,988.0,8.52,763.0,6.6,559.0,4.8,225.0,1.9,-1359.0
2010-03-01,강원특별자치도,1145.0,8.92,912.0,7.1,749.0,5.8,233.0,1.8,1062.0
2010-04-01,강원특별자치도,998.0,8.03,854.0,6.9,689.0,5.5,144.0,1.2,-32.0
2010-05-01,강원특별자치도,1004.0,7.81,909.0,7.1,773.0,6.0,95.0,0.7,-17.0
2010-06-01,강원특별자치도,982.0,7.9,858.0,6.9,774.0,6.2,124.0,1.0,-242.0
2010-07-01,강원특별자치도,1024.0,7.97,925.0,7.2,580.0,4.5,99.0,0.8,-166.0
2010-08-01,강원특별자치도,1017.0,7.91,844.0,6.6,600.0,4.7,173.0,1.3,955.0
2010-09-01,강원특별자치도,1075.0,8.63,821.0,6.6,535.0,4.3,254.0,2.0,738.0
2010-10-01,강원특별자치도,1120.0,8.7,957.0,7.4,677.0,5.3,163.0,1.3,498.0
2010-11-01,강원특별자치도,1056.0,8.48,985.0,7.9,827.0,6.6,71.0,0.6,540.0
2010-12-01,강원특별자치도,974.0,7.57,968.0,7.5,912.0,7.1,6.0,0.0,-161.0
2011-01-01,강원특별자치도,1190.0,9.25,906.0,7.0,677.0,5.3,284.0,2.2,-1223.0
2011-02-01,강원특별자치도,1019.0,8.77,921.0,7.9,585.0,5.0,98.0,0.8,-1159.0
2011-03-01,강원특별자치도,1162.0,9.03,912.0,7.1,709.0,5.5,250.0,1.9,1898.0
2011-04-01,강원특별자치도,1068.0,8.57,854.0,6.9,661.0,5.3,214.0,1.7,1608.0
2011-05-01,강원특별자치도,1072.0,8.32,860.0,6.7,792.0,6.1,212.0,1.6,-5.0
2011-06-01,강원특별자치도,970.0,7.78,867.0,6.9,723.0,5.8,103.0,0.8,74.0
2011-07-01,강원특별자치도,1129.0,8.76,874.0,6.8,690.0,5.4,255.0,2.0,525.0
2011-08-01,강원특별자치도,967.0,7.5,884.0,6.9,564.0,4.4,83.0,0.6,168.0
2011-09-01,강원특별자치도,943.0,7.55,796.0,6.4,532.0,4.3,147.0,1.2,315.0
2011-10-01,강원특별자치도,969.0,7.51,897.0,6.9,672.0,5.2,72.0,0.6,769.0
2011-11-01,강원특별자치도,990.0,7.92,847.0,6.8,824.0,6.6,143.0,1.1,1048.0
2011-12-01,강원특별자치도,929.0,7.19,903.0,7.0,909.0,7.0,26.0,0.2,635.0
2012-01-01,강원특별자치도,1062.0,8.24,980.0,7.6,717.0,5.6,82.0,0.6,-1228.0
2012-02-01,강원특별자치도,1099.0,9.12,1072.0,8.9,649.0,5.4,27.0,0.2,-1040.0
2012-03-01,강원특별자치도,1118.0,8.68,965.0,7.5,717.0,5.6,153.0,1.2,2118.0
2012-04-01,강원특별자치도,1006.0,8.06,935.0,7.5,733.0,5.9,71.0,0.6,405.0
2012-05-01,강원특별자치도,963.0,7.46,870.0,6.7,663.0,5.1,93.0,0.7,456.0
2012-06-01,강원특별자치도,1047.0,8.38,822.0,6.6,677.0,5.4,225.0,1.8,106.0
2012-07-01,강원특별자치도,1040.0,8.06,837.0,6.5,642.0,5.0,203.0,1.6,254.0
2012-08-01,강원특별자치도,1060.0,8.21,878.0,6.8,561.0,4.3,182.0,1.4,-239.0
2012-09-01,강원특별자치도,1121.0,8.97,836.0,6.7,465.0,3.7,285.0,2.3,568.0
2012-10-01,강원특별자치도,1074.0,8.32,964.0,7.5,734.0,5.7,110.0,0.9,-244.0
2012-11-01,강원특별자치도,962.0,7.7,916.0,7.3,758.0,6.1,46.0,0.4,94.0
2012-12-01,강원특별자치도,874.0,6.77,955.0,7.4,909.0,7.0,-81.0,-0.6,-538.0
2013-01-01,강원특별자치도,1102.0,8.51,958.0,7.4,701.0,5.4,144.0,1.1,-1014.0
2013-02-01,강원특별자치도,858.0,7.34,887.0,7.6,539.0,4.6,-29.0,-0.2,-1158.0
2013-03-01,강원특별자치도,991.0,7.66,989.0,7.6,606.0,4.7,2.0,0.0,1501.0
2013-04-01,강원특별자치도,928.0,7.41,899.0,7.2,650.0,5.2,29.0,0.2,979.0
2013-05-01,강원특별자치도,879.0,6.79,845.0,6.5,766.0,5.9,34.0,0.3,205.0
2013-06-01,강원특별자치도,848.0,6.76,775.0,6.2,673.0,5.4,73.0,0.6,259.0
2013-07-01,강원특별자치도,952.0,7.35,868.0,6.7,662.0,5.1,84.0,0.6,102.0
2013-08-01,강원특별자치도,897.0,6.92,860.0,6.6,574.0,4.4,37.0,0.3,154.0
2013-09-01,강원특별자치도,893.0,7.12,902.0,7.2,487.0,3.9,-9.0,-0.1,522.0
2013-10-01,강원특별자치도,923.0,7.12,918.0,7.1,684.0,5.3,5.0,0.0,576.0
2013-11-01,강원특별자치도,869.0,6.92,924.0,7.4,748.0,6.0,-55.0,-0.4,635.0
2013-12-01,강원특별자치도,840.0,6.47,931.0,7.2,856.0,6.6,-91.0,-0.7,225.0
2014-01-01,강원특별자치도,1001.0,7.71,998.0,7.7,634.0,4.9,3.0,0.0,-1557.0
2014-02-01,강원특별자치도,882.0,7.53,953.0,8.1,593.0,5.1,-71.0,-0.6,-1388.0
2014-03-01,강원특별자치도,951.0,7.33,1048.0,8.1,707.0,5.5,-97.0,-0.7,1878.0
2014-04-01,강원특별자치도,876.0,6.98,858.0,6.8,625.0,5.0,18.0,0.1,448.0
2014-05-01,강원특별자치도,889.0,6.85,929.0,7.2,732.0,5.6,-40.0,-0.3,275.0
2014-06-01,강원특별자치도,864.0,6.88,865.0,6.9,662.0,5.3,-1.0,0.0,-289.0
2014-07-01,강원특별자치도,910.0,7.01,845.0,6.5,639.0,4.9,65.0,0.5,-368.0
2014-08-01,강원특별자치도,886.0,6.83,868.0,6.7,528.0,4.1,18.0,0.1,-341.0
2014-09-01,강원특별자치도,875.0,6.97,835.0,6.7,532.0,4.2,40.0,0.3,312.0
2014-10-01,강원특별자치도,915.0,7.05,948.0,7.3,714.0,5.5,-33.0,-0.3,696.0
2014-11-01,강원특별자치도,806.0,6.41,900.0,7.2,579.0,4.6,-94.0,-0.7,493.0
2014-12-01,강원특별자치도,807.0,6.21,957.0,7.4,840.0,6.5,-150.0,-1.2,1926.0
2015-01-01,강원특별자치도,1044.0,8.03,1014.0,7.8,756.0,5.8,30.0,0.2,-802.0
2015-02-01,강원특별자치도,820.0,6.99,957.0,8.2,507.0,4.3,-137.0,-1.2,-744.0
2015-03-01,강원특별자치도,1058.0,8.14,1061.0,8.2,703.0,5.4,-3.0,0.0,285.0
2015-04-01,강원특별자치도,985.0,7.83,1048.0,8.3,602.0,4.8,-63.0,-0.5,629.0
2015-05-01,강원특별자치도,900.0,6.92,893.0,6.9,687.0,5.3,7.0,0.1,1362.0
2015-06-01,강원특별자치도,884.0,7.02,905.0,7.2,723.0,5.7,-21.0,-0.2,1877.0
2015-07-01,강원특별자치도,890.0,6.83,903.0,6.9,599.0,4.6,-13.0,-0.1,523.0
2015-08-01,강원특별자치도,878.0,6.74,861.0,6.6,537.0,4.1,17.0,0.1,-142.0
2015-09-01,강원특별자치도,887.0,7.03,918.0,7.3,527.0,4.2,-31.0,-0.2,414.0
2015-10-01,강원특별자치도,923.0,7.08,910.0,7.0,676.0,5.2,13.0,0.1,1084.0
2015-11-01,강원특별자치도,819.0,6.49,895.0,7.1,676.0,5.4,-76.0,-0.6,-26.0
2015-12-01,강원특별자치도,841.0,6.45,936.0,7.2,883.0,6.8,-95.0,-0.7,313.0
2016-01-01,강원특별자치도,893.0,6.87,1020.0,7.8,622.0,4.8,-127.0,-1.0,-272.0
2016-02-01,강원특별자치도,883.0,7.26,1048.0,8.6,568.0,4.7,-165.0,-1.4,-1000.0
2016-03-01,강원특별자치도,967.0,7.44,957.0,7.4,657.0,5.1,10.0,0.1,-136.0
2016-04-01,강원특별자치도,840.0,6.68,959.0,7.6,612.0,4.9,-119.0,-0.9,333.0
2016-05-01,강원특별자치도,801.0,6.16,969.0,7.5,657.0,5.1,-168.0,-1.3,-268.0
2016-06-01,강원특별자치도,817.0,6.5,889.0,7.1,600.0,4.8,-72.0,-0.6,772.0
2016-07-01,강원특별자치도,859.0,6.61,855.0,6.6,551.0,4.2,4.0,0.0,37.0
2016-08-01,강원특별자치도,852.0,6.55,866.0,6.7,574.0,4.4,-14.0,-0.1,179.0
2016-09-01,강원특별자치도,843.0,6.7,898.0,7.1,541.0,4.3,-55.0,-0.4,600.0
2016-10-01,강원특별자치도,785.0,6.03,941.0,7.2,622.0,4.8,-156.0,-1.2,575.0
2016-11-01,강원특별자치도,787.0,6.25,970.0,7.7,680.0,5.4,-183.0,-1.5,295.0
2016-12-01,강원특별자치도,731.0,5.62,1065.0,8.2,784.0,6.0,-334.0,-2.6,777.0
2017-01-01,강원특별자치도,830.0,6.36,1106.0,8.5,626.0,4.8,-276.0,-2.1,-1333.0
2017-02-01,강원특별자치도,765.0,6.5,916.0,7.8,592.0,5.0,-151.0,-1.3,-742.0
2017-03-01,강원특별자치도,775.0,5.95,951.0,7.3,686.0,5.3,-176.0,-1.4,-106.0
2017-04-01,강원특별자치도,769.0,6.1,883.0,7.0,550.0,4.4,-114.0,-0.9,-14.0
2017-05-01,강원특별자치도,756.0,5.8,981.0,7.5,653.0,5.0,-225.0,-1.7,37.0
2017-06-01,강원특별자치도,711.0,5.64,902.0,7.2,636.0,5.0,-191.0,-1.5,780.0
2017-07-01,강원특별자치도,745.0,5.72,897.0,6.9,535.0,4.1,-152.0,-1.2,-305.0
2017-08-01,강원특별자치도,814.0,6.25,873.0,6.7,517.0,4.0,-59.0,-0.5,162.0
2017-09-01,강원특별자치도,762.0,6.04,931.0,7.4,490.0,3.9,-169.0,-1.3,401.0
2017-10-01,강원특별자치도,721.0,5.53,1039.0,8.0,485.0,3.7,-318.0,-2.4,487.0
2017-11-01,강원특별자치도,715.0,5.67,999.0,7.9,683.0,5.4,-284.0,-2.3,1529.0
2017-12-01,강원특별자치도,595.0,4.56,1067.0,8.2,842.0,6.5,-472.0,-3.6,1139.0
2018-01-01,강원특별자치도,874.0,6.7,1292.0,9.9,669.0,5.1,-418.0,-3.2,-1620.0
2018-02-01,강원특별자치도,773.0,6.6,990.0,8.4,495.0,4.2,-217.0,-1.8,-1466.0
2018-03-01,강원특별자치도,733.0,5.6,992.0,7.6,634.0,4.9,-259.0,-2.0,134.0
2018-04-01,강원특별자치도,731.0,5.8,949.0,7.5,497.0,3.9,-218.0,-1.7,-518.0
2018-05-01,강원특별자치도,670.0,5.2,1011.0,7.8,688.0,5.3,-341.0,-2.6,81.0
2018-06-01,강원특별자치도,633.0,5.0,915.0,7.3,579.0,4.6,-282.0,-2.2,-225.0
2018-07-01,강원특별자치도,692.0,5.3,961.0,7.4,531.0,4.1,-269.0,-2.1,-311.0
2018-08-01,강원특별자치도,700.0,5.4,890.0,6.8,464.0,3.6,-190.0,-1.5,-415.0
2018-09-01,강원특별자치도,696.0,5.5,953.0,7.6,421.0,3.3,-257.0,-2.0,200.0
2018-10-01,강원특별자치도,673.0,5.2,989.0,7.6,620.0,4.8,-316.0,-2.4,21.0
2018-11-01,강원특별자치도,609.0,4.8,964.0,7.7,649.0,5.2,-355.0,-2.8,392.0
2018-12-01,강원특별자치도,567.0,4.4,1070.0,8.2,747.0,5.7,-503.0,-3.9,-127.0
2019-01-01,강원특별자치도,862.0,6.6,1094.0,8.4,577.0,4.4,-232.0,-1.8,-1028.0
2019-02-01,강원특별자치도,646.0,5.5,936.0,8.0,503.0,4.3,-290.0,-2.5,-1001.0
2019-03-01,강원특별자치도,726.0,5.6,969.0,7.5,529.0,4.1,-243.0,-1.9,255.0
2019-04-01,강원특별자치도,730.0,5.8,1027.0,8.2,534.0,4.3,-297.0,-2.4,534.0
2019-05-01,강원특별자치도,697.0,5.4,989.0,7.6,701.0,5.4,-292.0,-2.3,215.0
2019-06-01,강원특별자치도,634.0,5.1,908.0,7.2,534.0,4.3,-274.0,-2.2,273.0
2019-07-01,강원특별자치도,704.0,5.4,911.0,7.0,500.0,3.9,-207.0,-1.6,70.0
2019-08-01,강원특별자치도,693.0,5.3,997.0,7.7,468.0,3.6,-304.0,-2.3,309.0
2019-09-01,강원특별자치도,599.0,4.8,964.0,7.7,454.0,3.6,-365.0,-2.9,290.0
2019-10-01,강원특별자치도,707.0,5.5,1057.0,8.2,602.0,4.6,-350.0,-2.7,491.0
2019-11-01,강원특별자치도,660.0,5.3,977.0,7.8,616.0,4.9,-317.0,-2.5,817.0
2019-12-01,강원특별자치도,625.0,4.8,1077.0,8.3,744.0,5.7,-452.0,-3.5,436.0
2020-01-01,강원특별자치도,723.0,5.6,1178.0,9.1,538.0,4.2,-455.0,-3.5,-497.0
2020-02-01,강원특별자치도,654.0,5.4,1040.0,8.6,514.0,4.2,-386.0,-3.2,-535.0
2020-03-01,강원특별자치도,720.0,5.6,985.0,7.6,518.0,4.0,-265.0,-2.1,-672.0
2020-04-01,강원특별자치도,686.0,5.5,967.0,7.7,418.0,3.3,-281.0,-2.2,-595.0
2020-05-01,강원특별자치도,645.0,5.0,999.0,7.7,512.0,4.0,-354.0,-2.7,1150.0
2020-06-01,강원특별자치도,671.0,5.4,939.0,7.5,501.0,4.0,-268.0,-2.1,992.0
2020-07-01,강원특별자치도,619.0,4.8,937.0,7.2,465.0,3.6,-318.0,-2.5,1085.0
2020-08-01,강원특별자치도,597.0,4.6,1026.0,7.9,369.0,2.9,-429.0,-3.3,923.0
2020-09-01,강원특별자치도,675.0,5.4,975.0,7.8,406.0,3.2,-300.0,-2.4,640.0
2020-10-01,강원특별자치도,653.0,5.0,1028.0,7.9,468.0,3.6,-375.0,-2.9,1111.0
2020-11-01,강원특별자치도,585.0,4.7,1019.0,8.1,536.0,4.3,-434.0,-3.5,937.0
2020-12-01,강원특별자치도,607.0,4.7,1089.0,8.4,623.0,4.8,-482.0,-3.7,918.0
2021-01-01,강원특별자치도,736.0,5.7,1072.0,8.3,422.0,3.2,-336.0,-2.6,-797.0
2021-02-01,강원특별자치도,585.0,5.0,967.0,8.3,427.0,3.6,-382.0,-3.3,-485.0
2021-03-01,강원특별자치도,684.0,5.3,1095.0,8.4,473.0,3.6,-411.0,-3.2,-61.0
2021-04-01,강원특별자치도,588.0,4.7,1051.0,8.4,456.0,3.6,-463.0,-3.7,540.0
2021-05-01,강원특별자치도,566.0,4.4,980.0,7.6,518.0,4.0,-414.0,-3.2,892.0
2021-06-01,강원특별자치도,593.0,4.7,989.0,7.9,476.0,3.8,-396.0,-3.2,718.0
2021-07-01,강원특별자치도,675.0,5.2,1011.0,7.8,436.0,3.4,-336.0,-2.6,922.0
2021-08-01,강원특별자치도,649.0,5.0,1041.0,8.0,362.0,2.8,-392.0,-3.0,429.0
2021-09-01,강원특별자치도,594.0,4.7,1070.0,8.5,422.0,3.4,-476.0,-3.8,954.0
2021-10-01,강원특별자치도,618.0,4.8,1165.0,9.0,503.0,3.9,-547.0,-4.2,1440.0
2021-11-01,강원특별자치도,587.0,4.7,1114.0,8.9,569.0,4.5,-527.0,-4.2,1192.0
2021-12-01,강원특별자치도,482.0,3.7,1191.0,9.2,558.0,4.3,-709.0,-5.4,937.0
2022-01-01,강원특별자치도,707.0,5.4,1186.0,9.1,447.0,3.4,-479.0,-3.7,618.0
2022-02-01,강원특별자치도,580.0,4.9,1144.0,9.7,420.0,3.6,-564.0,-4.8,888.0
2022-03-01,강원특별자치도,657.0,5.1,1717.0,13.2,476.0,3.7,-1060.0,-8.1,830.0
2022-04-01,강원특별자치도,567.0,4.5,1493.0,11.9,457.0,3.6,-926.0,-7.4,958.0
2022-05-01,강원특별자치도,574.0,4.4,1198.0,9.2,493.0,3.8,-623.0,-4.8,641.0
2022-06-01,강원특별자치도,610.0,4.8,1024.0,8.1,424.0,3.4,-414.0,-3.3,494.0
2000-01-01,경기도,13527.0,17.85,3770.0,5.0,5759.0,7.6,9757.0,12.9,13227.0
2000-02-01,경기도,12437.0,17.51,3080.0,4.3,5036.0,7.1,9357.0,13.2,11923.0
2000-03-01,경기도,13157.0,17.29,3325.0,4.4,6119.0,8.0,9832.0,12.9,16655.0
2000-04-01,경기도,11698.0,15.83,3262.0,4.4,6043.0,8.2,8436.0,11.4,14659.0
2000-05-01,경기도,11362.0,14.83,3201.0,4.2,7143.0,9.3,8161.0,10.7,15931.0
2000-06-01,경기도,10491.0,14.12,2956.0,4.0,6147.0,8.3,7535.0,10.1,12467.0
2000-07-01,경기도,10682.0,13.88,3051.0,4.0,4224.0,5.5,7631.0,9.9,13723.0
2000-08-01,경기도,11256.0,14.59,3113.0,4.0,3912.0,5.1,8143.0,10.6,10572.0
2000-09-01,경기도,11708.0,15.66,3223.0,4.3,3392.0,4.5,8485.0,11.3,10795.0
2000-10-01,경기도,12126.0,15.67,3437.0,4.4,5856.0,7.6,8689.0,11.2,19742.0
2000-11-01,경기도,11949.0,15.9,3299.0,4.4,7421.0,9.9,8650.0,11.5,23593.0
2000-12-01,경기도,11311.0,14.51,3275.0,4.2,8108.0,10.4,8036.0,10.3,20739.0
2001-01-01,경기도,12699.0,16.2,3328.0,4.2,5408.0,6.9,9371.0,12.0,14218.0
2001-02-01,경기도,11314.0,15.93,3141.0,4.4,4665.0,6.6,8173.0,11.5,15195.0
2001-03-01,경기도,12234.0,15.52,3469.0,4.4,5981.0,7.6,8765.0,11.1,21733.0
2001-04-01,경기도,10811.0,14.13,3347.0,4.4,6228.0,8.1,7464.0,9.8,22445.0
2001-05-01,경기도,10453.0,13.17,3275.0,4.1,7231.0,9.1,7178.0,9.0,26290.0
2001-06-01,경기도,9524.0,12.37,2915.0,3.8,5735.0,7.4,6609.0,8.6,20059.0
2001-07-01,경기도,9785.0,12.26,3169.0,4.0,4525.0,5.7,6616.0,8.3,20475.0
2001-08-01,경기도,9889.0,12.35,3170.0,4.0,4277.0,5.3,6719.0,8.4,23136.0
2001-09-01,경기도,10343.0,13.32,3227.0,4.2,3825.0,4.9,7116.0,9.2,22378.0
2001-10-01,경기도,10150.0,12.62,3410.0,4.2,4889.0,6.1,6740.0,8.4,23925.0
2001-11-01,경기도,9540.0,12.21,3389.0,4.3,7196.0,9.2,6151.0,7.9,22024.0
2001-12-01,경기도,9522.0,11.76,3323.0,4.1,8556.0,10.6,6199.0,7.7,17069.0
2002-01-01,경기도,11374.0,14.01,3354.0,4.1,5931.0,7.3,8020.0,9.9,27958.0
2002-02-01,경기도,10189.0,13.84,2961.0,4.0,4289.0,5.8,7228.0,9.8,24321.0
2002-03-01,경기도,11050.0,13.51,3410.0,4.2,5628.0,6.9,7640.0,9.3,27812.0
2002-04-01,경기도,10292.0,12.96,3375.0,4.3,6045.0,7.6,6917.0,8.7,28200.0
2002-05-01,경기도,9868.0,11.99,3437.0,4.2,7177.0,8.7,6431.0,7.8,29389.0
2002-06-01,경기도,8886.0,11.11,3211.0,4.0,5454.0,6.8,5675.0,7.1,23300.0
2002-07-01,경기도,9380.0,11.32,3212.0,3.9,4950.0,6.0,6168.0,7.4,23444.0
2002-08-01,경기도,9309.0,11.2,3215.0,3.9,4586.0,5.5,6094.0,7.3,25130.0
2002-09-01,경기도,9466.0,11.73,3207.0,4.0,3633.0,4.5,6259.0,7.8,26307.0
2002-10-01,경기도,9318.0,11.13,3562.0,4.3,5321.0,6.4,5756.0,6.9,31334.0
2002-11-01,경기도,9066.0,11.16,3768.0,4.6,7095.0,8.7,5298.0,6.5,24678.0
2002-12-01,경기도,8656.0,10.28,3916.0,4.7,8221.0,9.8,4740.0,5.6,23909.0
2003-01-01,경기도,10972.0,13.0,3606.0,4.3,5332.0,6.3,7366.0,8.7,18318.0
2003-02-01,경기도,10072.0,13.18,3277.0,4.3,4962.0,6.5,6795.0,8.9,17480.0
2003-03-01,경기도,11412.0,13.46,3431.0,4.0,5707.0,6.7,7981.0,9.4,21284.0
2003-04-01,경기도,10406.0,12.64,3407.0,4.1,5919.0,7.2,6999.0,8.5,20050.0
2003-05-01,경기도,9739.0,11.41,3552.0,4.2,6645.0,7.8,6187.0,7.3,20625.0
2003-06-01,경기도,8895.0,10.75,3117.0,3.8,5504.0,6.7,5778.0,7.0,14452.0
2003-07-01,경기도,9258.0,10.81,3245.0,3.8,5066.0,5.9,6013.0,7.0,18892.0
2003-08-01,경기도,9369.0,10.9,3419.0,4.0,4388.0,5.1,5950.0,6.9,19102.0
2003-09-01,경기도,10329.0,12.39,3386.0,4.1,3724.0,4.5,6943.0,8.3,15765.0
2003-10-01,경기도,10570.0,12.27,3620.0,4.2,6029.0,7.0,6950.0,8.1,17735.0
2003-11-01,경기도,9945.0,11.9,3548.0,4.2,6407.0,7.7,6397.0,7.7,20656.0
2003-12-01,경기도,9466.0,10.93,3606.0,4.2,8572.0,9.9,5860.0,6.8,17684.0
2004-01-01,경기도,11258.0,13.0,3649.0,4.2,5359.0,6.2,7609.0,8.8,22055.0
2004-02-01,경기도,10138.0,12.48,3426.0,4.2,5101.0,6.3,6712.0,8.3,19623.0
2004-03-01,경기도,11134.0,12.79,3601.0,4.1,6301.0,7.2,7533.0,8.7,19310.0
2004-04-01,경기도,10110.0,11.98,3698.0,4.4,5207.0,6.2,6412.0,7.6,14357.0
2004-05-01,경기도,9628.0,11.02,3659.0,4.2,6063.0,6.9,5969.0,6.8,13455.0
2004-06-01,경기도,8867.0,10.46,3306.0,3.9,6231.0,7.4,5561.0,6.6,10846.0
2004-07-01,경기도,9247.0,10.54,3384.0,3.9,4736.0,5.4,5863.0,6.7,13806.0
2004-08-01,경기도,9399.0,10.7,3407.0,3.9,4776.0,5.4,5992.0,6.8,12837.0
2004-09-01,경기도,9766.0,11.47,3294.0,3.9,3854.0,4.5,6472.0,7.6,9670.0
2004-10-01,경기도,10129.0,11.5,3721.0,4.2,5552.0,6.3,6408.0,7.3,13102.0
2004-11-01,경기도,9446.0,11.06,3588.0,4.2,6875.0,8.0,5858.0,6.9,14804.0
2004-12-01,경기도,8690.0,9.82,3533.0,4.0,10181.0,11.5,5157.0,5.8,25010.0
2005-01-01,경기도,10120.0,11.38,3752.0,4.2,5137.0,5.8,6368.0,7.2,14238.0
2005-02-01,경기도,8888.0,11.04,3298.0,4.1,4469.0,5.6,5590.0,6.9,13508.0
2005-03-01,경기도,10065.0,11.27,3697.0,4.1,5879.0,6.6,6368.0,7.1,17542.0
2005-04-01,경기도,9168.0,10.58,3653.0,4.2,6044.0,7.0,5515.0,6.4,14463.0
2005-05-01,경기도,9031.0,10.07,3693.0,4.1,6877.0,7.7,5338.0,6.0,14215.0
2005-06-01,경기도,8462.0,9.73,3441.0,4.0,6297.0,7.2,5021.0,5.8,13755.0
2005-07-01,경기도,8852.0,9.83,3427.0,3.8,4975.0,5.5,5425.0,6.0,9813.0
2005-08-01,경기도,8978.0,9.96,3466.0,3.8,5490.0,6.1,5512.0,6.1,12516.0
2005-09-01,경기도,9321.0,10.67,3392.0,3.9,4604.0,5.3,5929.0,6.8,10653.0
2005-10-01,경기도,9499.0,10.51,3734.0,4.1,5555.0,6.1,5765.0,6.4,12716.0
2005-11-01,경기도,8913.0,10.18,3624.0,4.1,7575.0,8.6,5289.0,6.0,13935.0
2005-12-01,경기도,8236.0,9.08,3814.0,4.2,9529.0,10.5,4422.0,4.9,21497.0
2006-01-01,경기도,10110.0,11.12,3705.0,4.1,5925.0,6.5,6405.0,7.0,10764.0
2006-02-01,경기도,9456.0,11.5,3298.0,4.0,4954.0,6.0,6158.0,7.5,10923.0
2006-03-01,경기도,10446.0,11.45,3720.0,4.1,6310.0,6.9,6726.0,7.4,14256.0
2006-04-01,경기도,9505.0,10.75,3659.0,4.1,5626.0,6.4,5846.0,6.6,10995.0
2006-05-01,경기도,9671.0,10.57,3626.0,4.0,7341.0,8.0,6045.0,6.6,10254.0
2006-06-01,경기도,9149.0,10.31,3355.0,3.8,6781.0,7.6,5794.0,6.5,12094.0
2006-07-01,경기도,8931.0,9.73,3507.0,3.8,5236.0,5.7,5424.0,5.9,7213.0
2006-08-01,경기도,9559.0,10.4,3605.0,3.9,5945.0,6.5,5954.0,6.5,10240.0
2006-09-01,경기도,9834.0,11.04,3539.0,4.0,4549.0,5.1,6295.0,7.1,6503.0
2006-10-01,경기도,9896.0,10.74,3625.0,3.9,5657.0,6.1,6271.0,6.8,9545.0
2006-11-01,경기도,9622.0,10.77,3686.0,4.1,8067.0,9.0,5936.0,6.6,14993.0
2006-12-01,경기도,8932.0,9.66,3870.0,4.2,10840.0,11.7,5062.0,5.5,20853.0
2007-01-01,경기도,11086.0,11.96,4014.0,4.3,7466.0,8.1,7072.0,7.6,11287.0
2007-02-01,경기도,10122.0,12.07,3375.0,4.0,6417.0,7.7,6747.0,8.0,8665.0
2007-03-01,경기도,11222.0,12.06,3700.0,4.0,6279.0,6.8,7522.0,8.1,11194.0
2007-04-01,경기도,10149.0,11.26,3662.0,4.1,6297.0,7.0,6487.0,7.2,10129.0
2007-05-01,경기도,10212.0,10.94,3606.0,3.9,7514.0,8.1,6606.0,7.1,10181.0
2007-06-01,경기도,9268.0,10.25,3409.0,3.8,6590.0,7.3,5859.0,6.5,8050.0
2007-07-01,경기도,10088.0,10.78,3571.0,3.8,5893.0,6.3,6517.0,7.0,6942.0
2007-08-01,경기도,11317.0,12.08,3462.0,3.7,6246.0,6.7,7855.0,8.4,5867.0
2007-09-01,경기도,11498.0,12.66,3616.0,4.0,4459.0,4.9,7882.0,8.7,4657.0
2007-10-01,경기도,11594.0,12.35,3819.0,4.1,6574.0,7.0,7775.0,8.3,7606.0
2007-11-01,경기도,10704.0,11.77,3758.0,4.1,8060.0,8.9,6946.0,7.6,11018.0
2007-12-01,경기도,9388.0,9.97,3873.0,4.1,9453.0,10.0,5515.0,5.9,17504.0
2008-01-01,경기도,12005.0,12.75,3870.0,4.1,6932.0,7.4,8135.0,8.6,7105.0
2008-02-01,경기도,10234.0,11.6,3630.0,4.1,5672.0,6.4,6604.0,7.5,6151.0
2008-03-01,경기도,10531.0,11.16,4060.0,4.3,6666.0,7.1,6471.0,6.9,7286.0
2008-04-01,경기도,9878.0,10.8,3634.0,4.0,6374.0,7.0,6244.0,6.8,10389.0
2008-05-01,경기도,9710.0,10.26,3647.0,3.9,7318.0,7.7,6063.0,6.4,10397.0
2008-06-01,경기도,8984.0,9.8,3416.0,3.7,6421.0,7.0,5568.0,6.1,8839.0
2008-07-01,경기도,9697.0,10.22,3398.0,3.6,6241.0,6.6,6299.0,6.6,8747.0
2008-08-01,경기도,9670.0,10.18,3564.0,3.8,5739.0,6.0,6106.0,6.4,8797.0
2008-09-01,경기도,10418.0,11.31,3339.0,3.6,4849.0,5.3,7079.0,7.7,8029.0
2008-10-01,경기도,10210.0,10.71,3880.0,4.1,6141.0,6.4,6330.0,6.6,8092.0
2008-11-01,경기도,9250.0,10.01,3803.0,4.1,6419.0,6.9,5447.0,5.9,8643.0
2008-12-01,경기도,8810.0,9.22,3927.0,4.1,9232.0,9.7,4883.0,5.1,8122.0
2009-01-01,경기도,11226.0,11.7,4117.0,4.3,6586.0,6.9,7109.0,7.4,3709.0
2009-02-01,경기도,9417.0,10.86,3562.0,4.1,5370.0,6.2,5855.0,6.8,5920.0
2009-03-01,경기도,10252.0,10.67,3888.0,4.0,6047.0,6.3,6364.0,6.6,7754.0
2009-04-01,경기도,9535.0,10.24,3813.0,4.1,5795.0,6.2,5722.0,6.1,5796.0
2009-05-01,경기도,9176.0,9.53,3907.0,4.1,6834.0,7.1,5269.0,5.5,4919.0
2009-06-01,경기도,8753.0,9.38,3592.0,3.8,5929.0,6.4,5161.0,5.5,4202.0
2009-07-01,경기도,9232.0,9.56,3560.0,3.7,5500.0,5.7,5672.0,5.9,6042.0
2009-08-01,경기도,9079.0,9.39,3651.0,3.8,5629.0,5.8,5428.0,5.6,7407.0
2009-09-01,경기도,9827.0,10.49,3417.0,3.6,5072.0,5.4,6410.0,6.8,9193.0
2009-10-01,경기도,9736.0,10.05,3815.0,3.9,5587.0,5.8,5921.0,6.1,9000.0
2009-11-01,경기도,8906.0,9.48,3780.0,4.0,6406.0,6.8,5126.0,5.5,12829.0
2009-12-01,경기도,8553.0,8.8,4030.0,4.1,8648.0,8.9,4523.0,4.7,17382.0
2010-01-01,경기도,11009.0,11.3,4005.0,4.1,6041.0,6.2,7004.0,7.2,11609.0
2010-02-01,경기도,9293.0,10.54,3549.0,4.0,5791.0,6.6,5744.0,6.5,14290.0
2010-03-01,경기도,10445.0,10.68,4019.0,4.1,6692.0,6.8,6426.0,6.6,16247.0
2010-04-01,경기도,9737.0,10.26,3990.0,4.2,6580.0,6.9,5747.0,6.1,12999.0
2010-05-01,경기도,9508.0,9.68,4078.0,4.2,6642.0,6.8,5430.0,5.5,12567.0
2010-06-01,경기도,9230.0,9.7,3863.0,4.1,6710.0,7.0,5367.0,5.6,11460.0
2010-07-01,경기도,9683.0,9.83,3900.0,4.0,5883.0,6.0,5783.0,5.9,9894.0
2010-08-01,경기도,9991.0,10.13,3783.0,3.8,6601.0,6.7,6208.0,6.3,10402.0
2010-09-01,경기도,11131.0,11.64,3784.0,4.0,5250.0,5.5,7347.0,7.7,7989.0
2010-10-01,경기도,11454.0,11.59,4269.0,4.3,5983.0,6.1,7185.0,7.3,9823.0
2010-11-01,경기도,10817.0,11.3,4109.0,4.3,7178.0,7.5,6708.0,7.0,11967.0
2010-12-01,경기도,9455.0,9.54,4338.0,4.4,9120.0,9.2,5117.0,5.2,13190.0
2011-01-01,경기도,12323.0,12.42,4427.0,4.5,6149.0,6.2,7896.0,8.0,8220.0
2011-02-01,경기도,10044.0,11.19,3846.0,4.3,5527.0,6.2,6198.0,6.9,6922.0
2011-03-01,경기도,11260.0,11.32,4151.0,4.2,6681.0,6.7,7109.0,7.1,7354.0
2011-04-01,경기도,10262.0,10.65,3995.0,4.1,6218.0,6.5,6267.0,6.5,5539.0
2011-05-01,경기도,10143.0,10.17,4130.0,4.1,7177.0,7.2,6013.0,6.0,6272.0
2011-06-01,경기도,9510.0,9.85,3892.0,4.0,6639.0,6.9,5618.0,5.8,3441.0
2011-07-01,경기도,9828.0,9.84,3860.0,3.9,5736.0,5.7,5968.0,6.0,6328.0
2011-08-01,경기도,10259.0,10.26,3979.0,4.0,6663.0,6.7,6280.0,6.3,6790.0
2011-09-01,경기도,10035.0,10.36,3824.0,3.9,5247.0,5.4,6211.0,6.4,4393.0
2011-10-01,경기도,9887.0,9.87,4104.0,4.1,6174.0,6.2,5783.0,5.8,3350.0
2011-11-01,경기도,9779.0,10.08,3943.0,4.1,7657.0,7.9,5836.0,6.0,6007.0
2011-12-01,경기도,8697.0,8.66,4243.0,4.2,9269.0,9.2,4454.0,4.4,11183.0
2012-01-01,경기도,11569.0,11.54,4554.0,4.5,6913.0,6.9,7015.0,7.0,5317.0
2012-02-01,경기도,10407.0,11.08,4634.0,4.9,5947.0,6.3,5773.0,6.1,6726.0
2012-03-01,경기도,11000.0,10.95,4577.0,4.6,6877.0,6.8,6423.0,6.4,5418.0
2012-04-01,경기도,10238.0,10.52,4252.0,4.4,6566.0,6.7,5986.0,6.2,6416.0
2012-05-01,경기도,10196.0,10.13,4077.0,4.0,6692.0,6.6,6119.0,6.1,7047.0
2012-06-01,경기도,9864.0,10.11,3909.0,4.0,6266.0,6.4,5955.0,6.1,6118.0
2012-07-01,경기도,10279.0,10.19,3978.0,3.9,5915.0,5.9,6301.0,6.2,6388.0
2012-08-01,경기도,10795.0,10.69,4148.0,4.1,5960.0,5.9,6647.0,6.6,7775.0
2012-09-01,경기도,10941.0,11.18,3864.0,3.9,4755.0,4.9,7077.0,7.2,5340.0
2012-10-01,경기도,10790.0,10.66,4309.0,4.3,6801.0,6.7,6481.0,6.4,5572.0
2012-11-01,경기도,9702.0,9.9,4171.0,4.3,7464.0,7.6,5531.0,5.6,5333.0
2012-12-01,경기도,8965.0,8.84,4357.0,4.3,9293.0,9.2,4608.0,4.5,15303.0
2013-01-01,경기도,11335.0,11.13,4643.0,4.6,6578.0,6.5,6692.0,6.6,8070.0
2013-02-01,경기도,9445.0,10.25,4069.0,4.4,5803.0,6.3,5376.0,5.8,7502.0
2013-03-01,경기도,10117.0,9.91,4592.0,4.5,5618.0,5.5,5525.0,5.4,5497.0
2013-04-01,경기도,9310.0,9.41,4283.0,4.3,5924.0,6.0,5027.0,5.1,5492.0
2013-05-01,경기도,9237.0,9.03,4286.0,4.2,7427.0,7.3,4951.0,4.8,6727.0
2013-06-01,경기도,8516.0,8.59,3924.0,4.0,6398.0,6.5,4592.0,4.6,6169.0
2013-07-01,경기도,9233.0,9.01,3972.0,3.9,6402.0,6.2,5261.0,5.1,8319.0
2013-08-01,경기도,9397.0,9.16,4103.0,4.0,6183.0,6.0,5294.0,5.2,6320.0
2013-09-01,경기도,9498.0,9.55,4061.0,4.1,4830.0,4.9,5437.0,5.5,3987.0
2013-10-01,경기도,9020.0,8.77,4295.0,4.2,6538.0,6.4,4725.0,4.6,2900.0
2013-11-01,경기도,8647.0,8.68,4342.0,4.4,6795.0,6.8,4305.0,4.3,3461.0
2013-12-01,경기도,8374.0,8.13,4389.0,4.3,9153.0,8.9,3985.0,3.9,9687.0
2014-01-01,경기도,10389.0,10.08,4473.0,4.3,6427.0,6.2,5916.0,5.7,6246.0
2014-02-01,경기도,9280.0,9.96,4512.0,4.8,5985.0,6.4,4768.0,5.1,5359.0
2014-03-01,경기도,9961.0,9.64,4575.0,4.4,6093.0,5.9,5386.0,5.2,4584.0
2014-04-01,경기도,9529.0,9.53,4343.0,4.3,5857.0,5.9,5186.0,5.2,4520.0
2014-05-01,경기도,9232.0,8.93,4267.0,4.1,6831.0,6.6,4965.0,4.8,3950.0
2014-06-01,경기도,8910.0,8.89,3766.0,3.8,6096.0,6.1,5144.0,5.1,8760.0
2014-07-01,경기도,9413.0,9.08,4069.0,3.9,6202.0,6.0,5344.0,5.2,7146.0
2014-08-01,경기도,9301.0,8.96,4018.0,3.9,5367.0,5.2,5283.0,5.1,5181.0
2014-09-01,경기도,9849.0,9.8,4070.0,4.0,4628.0,4.6,5779.0,5.7,3578.0
2014-10-01,경기도,9458.0,9.1,4299.0,4.1,6559.0,6.3,5159.0,5.0,2288.0
2014-11-01,경기도,8351.0,8.3,4378.0,4.3,5828.0,5.8,3973.0,3.9,1046.0
2014-12-01,경기도,8496.0,8.16,4655.0,4.5,8433.0,8.1,3841.0,3.7,4738.0
2015-01-01,경기도,10739.0,10.31,4636.0,4.5,6797.0,6.5,6103.0,5.9,3447.0
2015-02-01,경기도,9269.0,9.85,4390.0,4.7,4987.0,5.3,4879.0,5.2,4235.0
2015-03-01,경기도,10412.0,9.98,4964.0,4.8,6628.0,6.4,5448.0,5.2,8803.0
2015-04-01,경기도,9842.0,9.74,4553.0,4.5,5942.0,5.9,5289.0,5.2,6922.0
2015-05-01,경기도,9443.0,9.03,4429.0,4.2,6930.0,6.6,5014.0,4.8,7519.0
2015-06-01,경기도,9278.0,9.16,4059.0,4.0,6481.0,6.4,5219.0,5.2,7136.0
2015-07-01,경기도,9455.0,9.03,4105.0,3.9,5708.0,5.4,5350.0,5.1,7013.0
2015-08-01,경기도,9226.0,8.8,4209.0,4.0,5333.0,5.1,5017.0,4.8,9781.0
2015-09-01,경기도,9449.0,9.3,4051.0,4.0,4780.0,4.7,5398.0,5.3,9125.0
2015-10-01,경기도,9497.0,9.03,4504.0,4.3,5682.0,5.4,4993.0,4.7,9392.0
2015-11-01,경기도,8501.0,8.35,4532.0,4.4,6482.0,6.4,3969.0,3.9,8553.0
2015-12-01,경기도,8384.0,7.96,4573.0,4.3,8200.0,7.8,3811.0,3.6,12842.0
2016-01-01,경기도,10095.0,9.59,4820.0,4.6,5967.0,5.7,5275.0,5.0,9190.0
2016-02-01,경기도,8970.0,9.1,4862.0,4.9,5556.0,5.6,4108.0,4.2,9794.0
2016-03-01,경기도,9827.0,9.32,4926.0,4.7,6163.0,5.8,4901.0,4.6,9264.0
2016-04-01,경기도,9080.0,8.89,4431.0,4.3,5645.0,5.5,4649.0,4.6,7554.0
2016-05-01,경기도,8981.0,8.5,4412.0,4.2,6248.0,5.9,4569.0,4.3,10377.0
2016-06-01,경기도,8547.0,8.35,4337.0,4.2,6012.0,5.9,4210.0,4.1,10215.0
2016-07-01,경기도,8970.0,8.47,4329.0,4.1,5346.0,5.0,4641.0,4.4,13224.0
2016-08-01,경기도,8925.0,8.41,4488.0,4.2,5761.0,5.4,4437.0,4.2,15118.0
2016-09-01,경기도,9001.0,8.75,4271.0,4.2,4502.0,4.4,4730.0,4.6,11058.0
2016-10-01,경기도,8134.0,7.64,4665.0,4.4,5560.0,5.2,3469.0,3.3,12836.0
2016-11-01,경기도,7901.0,7.66,4638.0,4.5,6321.0,6.1,3263.0,3.2,11874.0
2016-12-01,경기도,7212.0,6.76,5036.0,4.7,6971.0,6.5,2176.0,2.0,13113.0
2017-01-01,경기도,9046.0,8.45,5229.0,4.9,5885.0,5.5,3817.0,3.6,8145.0
2017-02-01,경기도,8041.0,8.3,4462.0,4.6,5309.0,5.5,3579.0,3.7,8902.0
2017-03-01,경기도,8612.0,8.03,4804.0,4.5,5741.0,5.4,3808.0,3.5,9832.0
2017-04-01,경기도,7981.0,7.68,4604.0,4.4,4965.0,4.8,3377.0,3.2,6299.0
2017-05-01,경기도,8058.0,7.5,4708.0,4.4,6751.0,6.3,3350.0,3.1,7106.0
2017-06-01,경기도,7517.0,7.22,4398.0,4.2,5566.0,5.3,3119.0,3.0,6047.0
2017-07-01,경기도,7787.0,7.23,4434.0,4.1,4780.0,4.4,3353.0,3.1,8009.0
2017-08-01,경기도,7906.0,7.34,4551.0,4.2,5105.0,4.7,3355.0,3.1,10764.0
2017-09-01,경기도,7928.0,7.59,4550.0,4.4,4627.0,4.4,3378.0,3.2,13923.0
2017-10-01,경기도,7326.0,6.78,4874.0,4.5,4413.0,4.1,2452.0,2.3,10472.0
2017-11-01,경기도,7140.0,6.82,4882.0,4.7,6284.0,6.0,2258.0,2.2,13699.0
2017-12-01,경기도,6746.0,6.23,5356.0,4.9,7003.0,6.5,1390.0,1.3,12964.0
2018-01-01,경기도,8817.0,8.1,6182.0,5.7,6266.0,5.8,2635.0,2.4,14107.0
2018-02-01,경기도,7255.0,7.4,5031.0,5.1,4903.0,5.0,2224.0,2.3,15542.0
2018-03-01,경기도,7969.0,7.3,5162.0,4.7,6027.0,5.5,2807.0,2.6,14921.0
2018-04-01,경기도,7357.0,7.0,4736.0,4.5,5327.0,5.1,2621.0,2.5,12780.0
2018-05-01,경기도,7533.0,6.9,4910.0,4.5,6448.0,5.9,2623.0,2.4,13814.0
2018-06-01,경기도,7089.0,6.7,4531.0,4.3,5174.0,4.9,2558.0,2.4,13605.0
2018-07-01,경기도,7317.0,6.7,4753.0,4.3,5117.0,4.7,2564.0,2.3,14907.0
2018-08-01,경기도,7383.0,6.7,4879.0,4.5,5031.0,4.6,2504.0,2.3,16238.0
2018-09-01,경기도,7108.0,6.7,4603.0,4.3,3802.0,3.6,2505.0,2.4,11836.0
2018-10-01,경기도,7358.0,6.7,5042.0,4.6,5838.0,5.3,2316.0,2.1,14880.0
2018-11-01,경기도,6763.0,6.4,4931.0,4.6,5947.0,5.6,1832.0,1.7,13541.0
2018-12-01,경기도,6226.0,5.7,5290.0,4.8,6997.0,6.4,936.0,0.9,13923.0
2019-01-01,경기도,8337.0,7.6,5524.0,5.0,5312.0,4.8,2813.0,2.6,11183.0
2019-02-01,경기도,7031.0,7.1,4736.0,4.8,4591.0,4.6,2295.0,2.3,11420.0
2019-03-01,경기도,7230.0,6.6,5078.0,4.6,5068.0,4.6,2152.0,1.9,9363.0
2019-04-01,경기도,6996.0,6.5,4927.0,4.6,5204.0,4.9,2069.0,1.9,10213.0
2019-05-01,경기도,6858.0,6.2,5119.0,4.6,5952.0,5.4,1739.0,1.6,13339.0
2019-06-01,경기도,6636.0,6.2,4693.0,4.4,4728.0,4.4,1943.0,1.8,11594.0
2019-07-01,경기도,7026.0,6.3,4714.0,4.3,5130.0,4.6,2312.0,2.1,14121.0
2019-08-01,경기도,6721.0,6.1,4816.0,4.3,4836.0,4.4,1905.0,1.7,15703.0
2019-09-01,경기도,6793.0,6.3,5068.0,4.7,4350.0,4.0,1725.0,1.6,11149.0
2019-10-01,경기도,7102.0,6.4,5105.0,4.6,5207.0,4.7,1997.0,1.8,9319.0
2019-11-01,경기도,6607.0,6.1,5241.0,4.9,5387.0,5.0,1366.0,1.3,7252.0
2019-12-01,경기도,5861.0,5.3,5547.0,5.0,6591.0,5.9,314.0,0.3,10010.0
2020-01-01,경기도,7423.0,6.7,5834.0,5.2,5201.0,4.7,1589.0,1.4,9341.0
2020-02-01,경기도,6418.0,6.2,5068.0,4.9,5069.0,4.9,1350.0,1.3,13798.0
2020-03-01,경기도,6840.0,6.1,5297.0,4.8,5230.0,4.7,1543.0,1.4,21855.0
2020-04-01,경기도,6459.0,6.0,5065.0,4.7,4385.0,4.1,1394.0,1.3,20454.0
2020-05-01,경기도,6583.0,5.9,5060.0,4.5,4915.0,4.4,1523.0,1.4,11298.0
2020-06-01,경기도,6338.0,5.8,4965.0,4.6,4612.0,4.3,1373.0,1.3,12668.0
2020-07-01,경기도,6532.0,5.8,4905.0,4.4,4725.0,4.2,1627.0,1.5,11290.0
2020-08-01,경기도,6451.0,5.7,5188.0,4.6,4099.0,3.7,1263.0,1.1,17145.0
2020-09-01,경기도,6761.0,6.2,5006.0,4.6,4196.0,3.9,1755.0,1.6,15208.0
2020-10-01,경기도,6299.0,5.6,5379.0,4.8,4473.0,4.0,920.0,0.8,10985.0
2020-11-01,경기도,5825.0,5.3,5416.0,5.0,4979.0,4.6,409.0,0.4,11700.0
2020-12-01,경기도,5808.0,5.2,5611.0,5.0,5930.0,5.3,197.0,0.2,12631.0
2021-01-01,경기도,7209.0,6.4,5771.0,5.1,4226.0,3.7,1438.0,1.3,21144.0
2021-02-01,경기도,6291.0,6.1,5054.0,4.9,4176.0,4.1,1237.0,1.2,20813.0
2021-03-01,경기도,6962.0,6.1,5629.0,5.0,4669.0,4.1,1333.0,1.2,15135.0
2021-04-01,경기도,6699.0,6.1,5269.0,4.8,4454.0,4.0,1430.0,1.3,12600.0
2021-05-01,경기도,6268.0,5.5,5436.0,4.8,4624.0,4.1,832.0,0.7,9322.0
2021-06-01,경기도,6226.0,5.6,5206.0,4.7,4645.0,4.2,1020.0,0.9,10603.0
2021-07-01,경기도,6583.0,5.8,5560.0,4.9,4640.0,4.1,1023.0,0.9,10591.0
2021-08-01,경기도,6473.0,5.7,5381.0,4.7,4291.0,3.8,1092.0,1.0,15924.0
2021-09-01,경기도,6347.0,5.7,5363.0,4.9,4031.0,3.6,984.0,0.9,10251.0
2021-10-01,경기도,6105.0,5.3,5831.0,5.1,4450.0,3.9,274.0,0.2,6525.0
2021-11-01,경기도,5766.0,5.2,6021.0,5.4,4892.0,4.4,-255.0,-0.2,8569.0
2021-12-01,경기도,5210.0,4.6,6917.0,6.0,5560.0,4.9,-1707.0,-1.5,9040.0
2022-01-01,경기도,7435.0,6.5,6378.0,5.6,3933.0,3.4,1057.0,0.9,5525.0
2022-02-01,경기도,6283.0,6.1,6091.0,5.9,4123.0,4.0,192.0,0.2,2176.0
2022-03-01,경기도,6985.0,6.1,9137.0,8.0,4251.0,3.7,-2152.0,-1.9,2188.0
2022-04-01,경기도,6351.0,5.7,7683.0,6.9,4393.0,4.0,-1332.0,-1.2,3588.0
2022-05-01,경기도,5938.0,5.2,6191.0,5.4,4689.0,4.1,-252.0,-0.2,3719.0
2022-06-01,경기도,5723.0,5.2,5206.0,4.7,4128.0,3.7,516.0,0.5,3896.0
2000-01-01,경상남도,3928.0,15.05,2125.0,8.1,2092.0,8.0,1803.0,6.9,323.0
2000-02-01,경상남도,3612.0,14.79,1629.0,6.7,1882.0,7.7,1983.0,8.1,-2167.0
2000-03-01,경상남도,3972.0,15.21,1744.0,6.7,1900.0,7.3,2228.0,8.5,-1055.0
2000-04-01,경상남도,3661.0,14.48,1648.0,6.5,1500.0,5.9,2013.0,8.0,-426.0
2000-05-01,경상남도,3516.0,13.45,1618.0,6.2,2220.0,8.5,1898.0,7.3,-399.0
2000-06-01,경상남도,2992.0,11.82,1509.0,6.0,1701.0,6.7,1483.0,5.9,393.0
2000-07-01,경상남도,3087.0,11.79,1518.0,5.8,1168.0,4.5,1569.0,6.0,-849.0
2000-08-01,경상남도,3264.0,12.46,1576.0,6.0,1070.0,4.1,1688.0,6.4,-352.0
2000-09-01,경상남도,3353.0,13.23,1662.0,6.6,906.0,3.6,1691.0,6.7,-331.0
2000-10-01,경상남도,3619.0,13.82,1803.0,6.9,1430.0,5.5,1816.0,6.9,-1230.0
2000-11-01,경상남도,3385.0,13.35,1714.0,6.8,1845.0,7.3,1671.0,6.6,-586.0
2000-12-01,경상남도,3291.0,12.56,1709.0,6.5,2186.0,8.3,1582.0,6.0,-1833.0
2001-01-01,경상남도,3503.0,13.33,1680.0,6.4,1925.0,7.3,1823.0,6.9,-1072.0
2001-02-01,경상남도,3297.0,13.88,1578.0,6.6,1674.0,7.0,1719.0,7.2,-2477.0
2001-03-01,경상남도,3561.0,13.54,1760.0,6.7,1559.0,5.9,1801.0,6.8,-1173.0
2001-04-01,경상남도,3170.0,12.45,1667.0,6.5,1765.0,6.9,1503.0,5.9,-191.0
2001-05-01,경상남도,3058.0,11.62,1693.0,6.4,2027.0,7.7,1365.0,5.2,-507.0
2001-06-01,경상남도,2779.0,10.91,1484.0,5.8,1508.0,5.9,1295.0,5.1,-411.0
2001-07-01,경상남도,2734.0,10.39,1524.0,5.8,1165.0,4.4,1210.0,4.6,-223.0
2001-08-01,경상남도,2821.0,10.71,1538.0,5.8,1087.0,4.1,1283.0,4.9,-758.0
2001-09-01,경상남도,3013.0,11.82,1583.0,6.2,851.0,3.3,1430.0,5.6,198.0
2001-10-01,경상남도,2972.0,11.28,1706.0,6.5,1150.0,4.4,1266.0,4.8,1050.0
2001-11-01,경상남도,2809.0,11.0,1621.0,6.3,1804.0,7.1,1188.0,4.7,585.0
2001-12-01,경상남도,2758.0,10.44,1645.0,6.2,2334.0,8.8,1113.0,4.2,-187.0
2002-01-01,경상남도,3011.0,11.41,1639.0,6.2,1954.0,7.4,1372.0,5.2,-156.0
2002-02-01,경상남도,2704.0,11.34,1456.0,6.1,1392.0,5.8,1248.0,5.2,-1956.0
2002-03-01,경상남도,3136.0,11.88,1643.0,6.2,1655.0,6.3,1493.0,5.7,49.0
2002-04-01,경상남도,2781.0,10.88,1616.0,6.3,1351.0,5.3,1165.0,4.6,940.0
2002-05-01,경상남도,2643.0,10.0,1644.0,6.2,1959.0,7.4,999.0,3.8,3443.0
2002-06-01,경상남도,2439.0,9.52,1533.0,6.0,1456.0,5.7,906.0,3.5,1478.0
2002-07-01,경상남도,2707.0,10.22,1513.0,5.7,1207.0,4.6,1194.0,4.5,167.0
2002-08-01,경상남도,2581.0,9.74,1640.0,6.2,1034.0,3.9,941.0,3.6,69.0
2002-09-01,경상남도,2642.0,10.3,1614.0,6.3,889.0,3.5,1028.0,4.0,1309.0
2002-10-01,경상남도,2648.0,9.98,1703.0,6.4,1223.0,4.6,945.0,3.6,2618.0
2002-11-01,경상남도,2490.0,9.69,1838.0,7.2,1698.0,6.6,652.0,2.5,1828.0
2002-12-01,경상남도,2421.0,9.12,1944.0,7.3,2087.0,7.9,477.0,1.8,-2893.0
2003-01-01,경상남도,2897.0,10.92,1719.0,6.5,1652.0,6.2,1178.0,4.4,-1262.0
2003-02-01,경상남도,2593.0,10.82,1503.0,6.3,1582.0,6.6,1090.0,4.5,-890.0
2003-03-01,경상남도,3007.0,11.33,1621.0,6.1,1473.0,5.5,1386.0,5.2,1351.0
2003-04-01,경상남도,2909.0,11.31,1573.0,6.1,1376.0,5.4,1336.0,5.2,1261.0
2003-05-01,경상남도,2765.0,10.39,1636.0,6.2,1771.0,6.7,1129.0,4.2,1914.0
2003-06-01,경상남도,2420.0,9.4,1479.0,5.7,1391.0,5.4,941.0,3.7,3132.0
2003-07-01,경상남도,2417.0,9.08,1628.0,6.1,1242.0,4.7,789.0,3.0,-1054.0
2003-08-01,경상남도,2487.0,9.34,1571.0,5.9,1018.0,3.8,916.0,3.4,1185.0
2003-09-01,경상남도,2694.0,10.45,1713.0,6.6,818.0,3.2,981.0,3.8,-835.0
2003-10-01,경상남도,2766.0,10.38,1693.0,6.4,1432.0,5.4,1073.0,4.0,192.0
2003-11-01,경상남도,2615.0,10.14,1671.0,6.5,1630.0,6.3,944.0,3.7,6.0
2003-12-01,경상남도,2532.0,9.5,1730.0,6.5,2173.0,8.2,802.0,3.0,-712.0
2004-01-01,경상남도,2884.0,10.85,1656.0,6.2,1712.0,6.4,1228.0,4.6,-2387.0
2004-02-01,경상남도,2551.0,10.26,1678.0,6.8,1580.0,6.4,873.0,3.5,-2608.0
2004-03-01,경상남도,3008.0,11.32,1777.0,6.7,1499.0,5.6,1231.0,4.6,-716.0
2004-04-01,경상남도,2641.0,10.27,1613.0,6.3,1181.0,4.6,1028.0,4.0,65.0
2004-05-01,경상남도,2510.0,9.44,1645.0,6.2,1682.0,6.3,865.0,3.3,1051.0
2004-06-01,경상남도,2334.0,9.07,1428.0,5.5,1689.0,6.6,906.0,3.5,216.0
2004-07-01,경상남도,2461.0,9.25,1599.0,6.0,1198.0,4.5,862.0,3.2,-267.0
2004-08-01,경상남도,2515.0,9.45,1593.0,6.0,1250.0,4.7,922.0,3.5,-1668.0
2004-09-01,경상남도,2573.0,10.0,1536.0,6.0,901.0,3.5,1037.0,4.0,-237.0
2004-10-01,경상남도,2698.0,10.15,1714.0,6.4,1220.0,4.6,984.0,3.7,-59.0
2004-11-01,경상남도,2435.0,9.46,1563.0,6.1,1795.0,7.0,872.0,3.4,670.0
2004-12-01,경상남도,2312.0,8.68,1679.0,6.3,2668.0,10.0,633.0,2.4,329.0
2005-01-01,경상남도,2571.0,9.63,1663.0,6.2,1603.0,6.0,908.0,3.4,-3079.0
2005-02-01,경상남도,2335.0,9.69,1544.0,6.4,1369.0,5.7,791.0,3.3,-999.0
2005-03-01,경상남도,2634.0,9.87,1769.0,6.6,1584.0,5.9,865.0,3.2,-166.0
2005-04-01,경상남도,2447.0,9.47,1616.0,6.3,1355.0,5.2,831.0,3.2,1039.0
2005-05-01,경상남도,2344.0,8.77,1683.0,6.3,1812.0,6.8,661.0,2.5,2072.0
2005-06-01,경상남도,2199.0,8.49,1505.0,5.8,1663.0,6.4,694.0,2.7,3732.0
2005-07-01,경상남도,2205.0,8.23,1517.0,5.7,1245.0,4.6,688.0,2.6,-438.0
2005-08-01,경상남도,2302.0,8.59,1504.0,5.6,1354.0,5.1,798.0,3.0,367.0
2005-09-01,경상남도,2540.0,9.79,1526.0,5.9,1035.0,4.0,1014.0,3.9,586.0
2005-10-01,경상남도,2408.0,8.98,1695.0,6.3,1319.0,4.9,713.0,2.7,69.0
2005-11-01,경상남도,2302.0,8.87,1628.0,6.3,1829.0,7.0,674.0,2.6,1536.0
2005-12-01,경상남도,2184.0,8.14,1770.0,6.6,2496.0,9.3,414.0,1.5,900.0
2006-01-01,경상남도,2603.0,9.7,1744.0,6.5,1789.0,6.7,859.0,3.2,-1674.0
2006-02-01,경상남도,2572.0,10.61,1511.0,6.2,1503.0,6.2,1061.0,4.4,-1390.0
2006-03-01,경상남도,2643.0,9.85,1634.0,6.1,1616.0,6.0,1009.0,3.8,92.0
2006-04-01,경상남도,2429.0,9.35,1606.0,6.2,1440.0,5.5,823.0,3.2,667.0
2006-05-01,경상남도,2491.0,9.27,1532.0,5.7,2000.0,7.4,959.0,3.6,1042.0
2006-06-01,경상남도,2273.0,8.74,1441.0,5.5,1801.0,6.9,832.0,3.2,135.0
2006-07-01,경상남도,2334.0,8.68,1511.0,5.6,1380.0,5.1,823.0,3.1,-89.0
2006-08-01,경상남도,2479.0,9.22,1525.0,5.7,1553.0,5.8,954.0,3.5,-626.0
2006-09-01,경상남도,2501.0,9.61,1594.0,6.1,1155.0,4.4,907.0,3.5,-168.0
2006-10-01,경상남도,2527.0,9.39,1633.0,6.1,1382.0,5.1,894.0,3.3,631.0
2006-11-01,경상남도,2411.0,9.26,1576.0,6.1,2200.0,8.4,835.0,3.2,1097.0
2006-12-01,경상남도,2261.0,8.39,1675.0,6.2,2970.0,11.0,586.0,2.2,1577.0
2007-01-01,경상남도,2874.0,10.67,1755.0,6.5,2277.0,8.4,1119.0,4.2,-1694.0
2007-02-01,경상남도,2537.0,10.42,1499.0,6.2,1914.0,7.9,1038.0,4.3,-743.0
2007-03-01,경상남도,2844.0,10.55,1636.0,6.1,1760.0,6.5,1208.0,4.5,67.0
2007-04-01,경상남도,2643.0,10.13,1589.0,6.1,1614.0,6.2,1054.0,4.0,-95.0
2007-05-01,경상남도,2763.0,10.24,1561.0,5.8,1938.0,7.2,1202.0,4.5,549.0
2007-06-01,경상남도,2468.0,9.45,1371.0,5.2,1718.0,6.6,1097.0,4.2,258.0
2007-07-01,경상남도,2639.0,9.77,1546.0,5.7,1501.0,5.6,1093.0,4.0,1008.0
2007-08-01,경상남도,3044.0,11.26,1562.0,5.8,1503.0,5.6,1482.0,5.5,2194.0
2007-09-01,경상남도,3059.0,11.68,1543.0,5.9,1053.0,4.0,1516.0,5.8,1499.0
2007-10-01,경상남도,3102.0,11.45,1741.0,6.4,1558.0,5.8,1361.0,5.0,2141.0
2007-11-01,경상남도,2831.0,10.79,1729.0,6.6,2161.0,8.2,1102.0,4.2,1470.0
2007-12-01,경상남도,2509.0,9.25,1652.0,6.1,2558.0,9.4,857.0,3.2,1289.0
2008-01-01,경상남도,3033.0,11.2,1771.0,6.5,2022.0,7.5,1262.0,4.7,-1956.0
2008-02-01,경상남도,2636.0,10.41,1751.0,6.9,1642.0,6.5,885.0,3.5,-616.0
2008-03-01,경상남도,2740.0,10.12,1814.0,6.7,1777.0,6.6,926.0,3.4,611.0
2008-04-01,경상남도,2660.0,10.14,1563.0,6.0,1544.0,5.9,1097.0,4.2,668.0
2008-05-01,경상남도,2493.0,9.19,1534.0,5.7,2006.0,7.4,959.0,3.5,1350.0
2008-06-01,경상남도,2311.0,8.8,1461.0,5.6,1732.0,6.6,850.0,3.2,2082.0
2008-07-01,경상남도,2522.0,9.28,1491.0,5.5,1565.0,5.8,1031.0,3.8,1980.0
2008-08-01,경상남도,2546.0,9.36,1584.0,5.8,1337.0,4.9,962.0,3.5,1424.0
2008-09-01,경상남도,2775.0,10.54,1426.0,5.4,1191.0,4.5,1349.0,5.1,1300.0
2008-10-01,경상남도,2793.0,10.25,1707.0,6.3,1594.0,5.9,1086.0,4.0,1876.0
2008-11-01,경상남도,2532.0,9.59,1647.0,6.2,1642.0,6.2,885.0,3.4,1616.0
2008-12-01,경상남도,2452.0,8.98,1592.0,5.8,2445.0,9.0,860.0,3.2,2694.0
2009-01-01,경상남도,2878.0,10.51,1775.0,6.5,1934.0,7.1,1103.0,4.0,-1313.0
2009-02-01,경상남도,2558.0,10.34,1420.0,5.7,1439.0,5.8,1138.0,4.6,-1181.0
2009-03-01,경상남도,2754.0,10.05,1569.0,5.7,1542.0,5.6,1185.0,4.3,708.0
2009-04-01,경상남도,2558.0,9.64,1626.0,6.1,1567.0,5.9,932.0,3.5,1212.0
2009-05-01,경상남도,2431.0,8.86,1649.0,6.0,1806.0,6.6,782.0,2.9,935.0
2009-06-01,경상남도,2280.0,8.58,1545.0,5.8,1654.0,6.2,735.0,2.8,1435.0
2009-07-01,경상남도,2424.0,8.82,1529.0,5.6,1347.0,4.9,895.0,3.3,1996.0
2009-08-01,경상남도,2529.0,9.2,1534.0,5.6,1478.0,5.4,995.0,3.6,1133.0
2009-09-01,경상남도,2633.0,9.89,1486.0,5.6,1222.0,4.6,1147.0,4.3,983.0
2009-10-01,경상남도,2569.0,9.33,1655.0,6.0,1443.0,5.2,914.0,3.3,1459.0
2009-11-01,경상남도,2401.0,9.0,1681.0,6.3,1761.0,6.6,720.0,2.7,1663.0
2009-12-01,경상남도,2305.0,8.35,1688.0,6.1,2301.0,8.3,617.0,2.2,2209.0
2010-01-01,경상남도,2872.0,10.4,1767.0,6.4,1873.0,6.8,1105.0,4.0,-7.0
2010-02-01,경상남도,2595.0,10.4,1516.0,6.1,1682.0,6.7,1079.0,4.3,-875.0
2010-03-01,경상남도,2814.0,10.18,1593.0,5.8,1733.0,6.3,1221.0,4.4,360.0
2010-04-01,경상남도,2629.0,9.82,1630.0,6.1,1698.0,6.3,999.0,3.7,1143.0
2010-05-01,경상남도,2519.0,9.1,1553.0,5.6,2013.0,7.3,966.0,3.5,1320.0
2010-06-01,경상남도,2447.0,9.13,1587.0,5.9,1977.0,7.4,860.0,3.2,109.0
2010-07-01,경상남도,2497.0,9.01,1557.0,5.6,1535.0,5.5,940.0,3.4,-161.0
2010-08-01,경상남도,2656.0,9.58,1530.0,5.5,1557.0,5.6,1126.0,4.1,-186.0
2010-09-01,경상남도,2868.0,10.69,1520.0,5.7,1232.0,4.6,1348.0,5.0,671.0
2010-10-01,경상남도,3046.0,10.99,1754.0,6.3,1505.0,5.4,1292.0,4.7,111.0
2010-11-01,경상남도,2764.0,10.3,1695.0,6.3,1957.0,7.3,1069.0,4.0,389.0
2010-12-01,경상남도,2496.0,9.0,1800.0,6.5,2408.0,8.7,696.0,2.5,372.0
2011-01-01,경상남도,3099.0,11.17,1806.0,6.5,1874.0,6.8,1293.0,4.7,-84.0
2011-02-01,경상남도,2601.0,10.38,1593.0,6.4,1601.0,6.4,1008.0,4.0,-1274.0
2011-03-01,경상남도,3041.0,10.95,1655.0,6.0,1715.0,6.2,1386.0,5.0,394.0
2011-04-01,경상남도,2917.0,10.85,1698.0,6.3,1606.0,6.0,1219.0,4.5,1413.0
2011-05-01,경상남도,2721.0,9.79,1618.0,5.8,1941.0,7.0,1103.0,4.0,-111.0
2011-06-01,경상남도,2568.0,9.54,1598.0,5.9,1756.0,6.5,970.0,3.6,-101.0
2011-07-01,경상남도,2600.0,9.35,1552.0,5.6,1376.0,4.9,1048.0,3.8,-43.0
2011-08-01,경상남도,2691.0,9.67,1529.0,5.5,1644.0,5.9,1162.0,4.2,882.0
2011-09-01,경상남도,2722.0,10.1,1525.0,5.7,1228.0,4.6,1197.0,4.4,1399.0
2011-10-01,경상남도,2608.0,9.36,1680.0,6.0,1588.0,5.7,928.0,3.3,999.0
2011-11-01,경상남도,2543.0,9.42,1647.0,6.1,1925.0,7.1,896.0,3.3,526.0
2011-12-01,경상남도,2425.0,8.69,1692.0,6.1,2515.0,9.0,733.0,2.6,534.0
2012-01-01,경상남도,3092.0,11.11,1816.0,6.5,2036.0,7.3,1276.0,4.6,-191.0
2012-02-01,경상남도,2753.0,10.57,1879.0,7.2,1639.0,6.3,874.0,3.4,-2719.0
2012-03-01,경상남도,2967.0,10.66,1838.0,6.6,1644.0,5.9,1129.0,4.1,-780.0
2012-04-01,경상남도,2870.0,10.66,1764.0,6.5,1702.0,6.3,1106.0,4.1,69.0
2012-05-01,경상남도,2715.0,9.75,1650.0,5.9,1703.0,6.1,1065.0,3.8,1130.0
2012-06-01,경상남도,2599.0,9.64,1511.0,5.6,1637.0,6.1,1088.0,4.0,742.0
2012-07-01,경상남도,2679.0,9.61,1521.0,5.5,1530.0,5.5,1158.0,4.2,-712.0
2012-08-01,경상남도,2793.0,10.02,1528.0,5.5,1490.0,5.3,1265.0,4.5,-746.0
2012-09-01,경상남도,2844.0,10.54,1598.0,5.9,1022.0,3.8,1246.0,4.6,-79.0
2012-10-01,경상남도,2919.0,10.46,1751.0,6.3,1578.0,5.7,1168.0,4.2,767.0
2012-11-01,경상남도,2681.0,9.93,1745.0,6.5,1838.0,6.8,936.0,3.5,-366.0
2012-12-01,경상남도,2299.0,8.23,1818.0,6.5,2321.0,8.3,481.0,1.7,113.0
2013-01-01,경상남도,3044.0,10.87,1843.0,6.6,1921.0,6.9,1201.0,4.3,-1192.0
2013-02-01,경상남도,2448.0,9.68,1732.0,6.8,1600.0,6.3,716.0,2.8,-1906.0
2013-03-01,경상남도,2515.0,8.98,1853.0,6.6,1485.0,5.3,662.0,2.4,-932.0
2013-04-01,경상남도,2496.0,9.21,1616.0,6.0,1428.0,5.3,880.0,3.2,-93.0
2013-05-01,경상남도,2414.0,8.62,1597.0,5.7,1988.0,7.1,817.0,2.9,226.0
2013-06-01,경상남도,2242.0,8.27,1511.0,5.6,1537.0,5.7,731.0,2.7,1884.0
2013-07-01,경상남도,2456.0,8.76,1477.0,5.3,1639.0,5.8,979.0,3.5,673.0
2013-08-01,경상남도,2410.0,8.59,1585.0,5.6,1593.0,5.7,825.0,2.9,89.0
2013-09-01,경상남도,2506.0,9.23,1601.0,5.9,1114.0,4.1,905.0,3.3,214.0
2013-10-01,경상남도,2488.0,8.86,1715.0,6.1,1695.0,6.0,773.0,2.8,1455.0
2013-11-01,경상남도,2272.0,8.35,1633.0,6.0,1792.0,6.6,639.0,2.3,1132.0
2013-12-01,경상남도,2213.0,7.87,1831.0,6.5,2499.0,8.9,382.0,1.4,2244.0
2014-01-01,경상남도,2753.0,9.78,1789.0,6.4,1788.0,6.4,964.0,3.4,393.0
2014-02-01,경상남도,2651.0,10.43,1669.0,6.6,1681.0,6.6,982.0,3.9,-1475.0
2014-03-01,경상남도,2639.0,9.38,1841.0,6.5,1485.0,5.3,798.0,2.8,-222.0
2014-04-01,경상남도,2556.0,9.38,1722.0,6.3,1459.0,5.4,834.0,3.1,1016.0
2014-05-01,경상남도,2458.0,8.73,1615.0,5.7,1768.0,6.3,843.0,3.0,1940.0
2014-06-01,경상남도,2390.0,8.76,1595.0,5.8,1503.0,5.5,795.0,2.9,415.0
2014-07-01,경상남도,2432.0,8.62,1594.0,5.7,1509.0,5.4,838.0,3.0,290.0
2014-08-01,경상남도,2446.0,8.67,1573.0,5.6,1405.0,5.0,873.0,3.1,125.0
2014-09-01,경상남도,2620.0,9.59,1630.0,6.0,1105.0,4.0,990.0,3.6,-486.0
2014-10-01,경상남도,2501.0,8.86,1676.0,5.9,1694.0,6.0,825.0,2.9,-555.0
2014-11-01,경상남도,2150.0,7.87,1708.0,6.2,1475.0,5.4,442.0,1.6,2279.0
2014-12-01,경상남도,2167.0,7.67,1827.0,6.5,2184.0,7.7,340.0,1.2,2355.0
2015-01-01,경상남도,2743.0,9.7,1960.0,6.9,1848.0,6.5,783.0,2.8,183.0
2015-02-01,경상남도,2415.0,9.45,1793.0,7.0,1316.0,5.2,622.0,2.4,-699.0
2015-03-01,경상남도,2715.0,9.6,2105.0,7.4,1692.0,6.0,610.0,2.2,987.0
2015-04-01,경상남도,2644.0,9.65,1786.0,6.5,1450.0,5.3,858.0,3.1,1044.0
2015-05-01,경상남도,2440.0,8.62,1818.0,6.4,1739.0,6.1,622.0,2.2,581.0
2015-06-01,경상남도,2423.0,8.84,1677.0,6.1,1685.0,6.1,746.0,2.7,-423.0
2015-07-01,경상남도,2435.0,8.59,1690.0,6.0,1374.0,4.8,745.0,2.6,-816.0
2015-08-01,경상남도,2264.0,7.99,1651.0,5.8,1426.0,5.0,613.0,2.2,-123.0
2015-09-01,경상남도,2505.0,9.13,1578.0,5.8,1078.0,3.9,927.0,3.4,1508.0
2015-10-01,경상남도,2558.0,9.02,1758.0,6.2,1419.0,5.0,800.0,2.8,1003.0
2015-11-01,경상남도,2257.0,8.22,1715.0,6.2,1587.0,5.8,542.0,2.0,618.0
2015-12-01,경상남도,2138.0,7.53,1782.0,6.3,2057.0,7.2,356.0,1.3,1242.0
2016-01-01,경상남도,2595.0,9.16,1899.0,6.7,1599.0,5.6,696.0,2.5,-482.0
2016-02-01,경상남도,2334.0,8.81,1847.0,7.0,1516.0,5.7,487.0,1.8,-686.0
2016-03-01,경상남도,2547.0,8.99,1893.0,6.7,1561.0,5.5,654.0,2.3,-243.0
2016-04-01,경상남도,2391.0,8.72,1645.0,6.0,1427.0,5.2,746.0,2.7,792.0
2016-05-01,경상남도,2356.0,8.31,1775.0,6.3,1564.0,5.5,581.0,2.0,262.0
2016-06-01,경상남도,2147.0,7.82,1594.0,5.8,1560.0,5.7,553.0,2.0,275.0
2016-07-01,경상남도,2206.0,7.78,1647.0,5.8,1232.0,4.3,559.0,2.0,-106.0
2016-08-01,경상남도,2270.0,8.0,1722.0,6.1,1477.0,5.2,548.0,1.9,-823.0
2016-09-01,경상남도,2330.0,8.49,1718.0,6.3,1057.0,3.9,612.0,2.2,-169.0
2016-10-01,경상남도,2087.0,7.36,1826.0,6.4,1263.0,4.5,261.0,0.9,602.0
2016-11-01,경상남도,2067.0,7.53,1790.0,6.5,1548.0,5.6,277.0,1.0,578.0
2016-12-01,경상남도,1808.0,6.37,1837.0,6.5,1776.0,6.3,-29.0,-0.1,1772.0
2017-01-01,경상남도,2331.0,8.19,1974.0,6.9,1536.0,5.4,357.0,1.3,-127.0
2017-02-01,경상남도,2000.0,7.78,1796.0,7.0,1273.0,5.0,204.0,0.8,-1979.0
2017-03-01,경상남도,2203.0,7.74,1753.0,6.2,1410.0,5.0,450.0,1.6,-570.0
2017-04-01,경상남도,2093.0,7.6,1777.0,6.5,1295.0,4.7,316.0,1.1,-344.0
2017-05-01,경상남도,2053.0,7.21,1749.0,6.1,1681.0,5.9,304.0,1.1,439.0
2017-06-01,경상남도,1901.0,6.9,1624.0,5.9,1355.0,4.9,277.0,1.0,614.0
2017-07-01,경상남도,1963.0,6.89,1598.0,5.6,1116.0,3.9,365.0,1.3,928.0
2017-08-01,경상남도,2087.0,7.33,1721.0,6.0,1218.0,4.3,366.0,1.3,-566.0
2017-09-01,경상남도,1978.0,7.17,1692.0,6.1,990.0,3.6,286.0,1.0,539.0
2017-10-01,경상남도,1849.0,6.49,1955.0,6.9,1004.0,3.5,-106.0,-0.4,2185.0
2017-11-01,경상남도,1743.0,6.32,1908.0,6.9,1498.0,5.4,-165.0,-0.6,1379.0
2017-12-01,경상남도,1648.0,5.78,2087.0,7.3,1602.0,5.6,-439.0,-1.5,1481.0
2018-01-01,경상남도,2076.0,7.3,2438.0,8.5,1478.0,5.2,-362.0,-1.3,-3.0
2018-02-01,경상남도,1843.0,7.2,1908.0,7.4,1156.0,4.5,-65.0,-0.3,-1360.0
2018-03-01,경상남도,2019.0,7.1,2001.0,7.0,1329.0,4.7,18.0,0.1,-975.0
2018-04-01,경상남도,1782.0,6.5,1809.0,6.6,1157.0,4.2,-27.0,-0.1,-451.0
2018-05-01,경상남도,1913.0,6.7,1763.0,6.2,1409.0,4.9,150.0,0.5,348.0
2018-06-01,경상남도,1688.0,6.1,1756.0,6.4,1161.0,4.2,-68.0,-0.2,-257.0
2018-07-01,경상남도,1754.0,6.2,1790.0,6.3,1165.0,4.1,-36.0,-0.1,-282.0
2018-08-01,경상남도,1785.0,6.3,1780.0,6.2,1161.0,4.1,5.0,0.0,-631.0
2018-09-01,경상남도,1605.0,5.8,1740.0,6.3,745.0,2.7,-135.0,-0.5,-705.0
2018-10-01,경상남도,1705.0,6.0,1890.0,6.6,1171.0,4.1,-185.0,-0.6,-615.0
2018-11-01,경상남도,1655.0,6.0,1830.0,6.6,1389.0,5.0,-175.0,-0.6,-199.0
2018-12-01,경상남도,1399.0,4.9,2014.0,7.1,1675.0,5.9,-615.0,-2.2,-680.0
2019-01-01,경상남도,2019.0,7.1,2031.0,7.1,1253.0,4.4,-12.0,0.0,-509.0
2019-02-01,경상남도,1717.0,6.7,1701.0,6.6,1055.0,4.1,16.0,0.1,-2204.0
2019-03-01,경상남도,1664.0,5.8,1842.0,6.5,1079.0,3.8,-178.0,-0.6,-1093.0
2019-04-01,경상남도,1690.0,6.1,1781.0,6.5,1112.0,4.0,-91.0,-0.3,-861.0
2019-05-01,경상남도,1569.0,5.5,1891.0,6.6,1279.0,4.5,-322.0,-1.1,-978.0
2019-06-01,경상남도,1471.0,5.3,1702.0,6.2,1015.0,3.7,-231.0,-0.8,-742.0
2019-07-01,경상남도,1553.0,5.5,1765.0,6.2,1035.0,3.6,-212.0,-0.7,-436.0
2019-08-01,경상남도,1515.0,5.3,1769.0,6.2,1071.0,3.8,-254.0,-0.9,-798.0
2019-09-01,경상남도,1572.0,5.7,1719.0,6.3,799.0,2.9,-147.0,-0.5,-1089.0
2019-10-01,경상남도,1654.0,5.8,1956.0,6.9,1182.0,4.2,-302.0,-1.1,-2.0
2019-11-01,경상남도,1490.0,5.4,1907.0,6.9,1177.0,4.3,-417.0,-1.5,-291.0
2019-12-01,경상남도,1336.0,4.7,2041.0,7.2,1556.0,5.5,-705.0,-2.5,-307.0
2020-01-01,경상남도,1633.0,5.8,2174.0,7.7,1197.0,4.2,-541.0,-1.9,-614.0
2020-02-01,경상남도,1454.0,5.5,1862.0,7.0,1115.0,4.2,-408.0,-1.5,-2013.0
2020-03-01,경상남도,1484.0,5.3,1894.0,6.7,1062.0,3.8,-410.0,-1.5,-3123.0
2020-04-01,경상남도,1471.0,5.4,1811.0,6.6,877.0,3.2,-340.0,-1.2,-1696.0
2020-05-01,경상남도,1400.0,5.0,1834.0,6.5,1016.0,3.6,-434.0,-1.5,-1629.0
2020-06-01,경상남도,1387.0,5.1,1778.0,6.5,912.0,3.3,-391.0,-1.4,-1461.0
2020-07-01,경상남도,1464.0,5.2,1866.0,6.6,891.0,3.2,-402.0,-1.4,-1445.0
2020-08-01,경상남도,1341.0,4.8,1944.0,6.9,808.0,2.9,-603.0,-2.1,-1982.0
2020-09-01,경상남도,1516.0,5.6,1833.0,6.7,815.0,3.0,-317.0,-1.2,-1165.0
2020-10-01,경상남도,1318.0,4.7,2024.0,7.2,985.0,3.5,-706.0,-2.5,-230.0
2020-11-01,경상남도,1189.0,4.4,1842.0,6.8,972.0,3.6,-653.0,-2.4,-1206.0
2020-12-01,경상남도,1166.0,4.1,2019.0,7.2,1250.0,4.4,-853.0,-3.0,-94.0
2021-01-01,경상남도,1509.0,5.4,2035.0,7.2,881.0,3.1,-526.0,-1.9,-1257.0
2021-02-01,경상남도,1316.0,5.2,1751.0,6.9,841.0,3.3,-435.0,-1.7,-1922.0
2021-03-01,경상남도,1442.0,5.1,1948.0,6.9,847.0,3.0,-506.0,-1.8,-1556.0
2021-04-01,경상남도,1317.0,4.8,1805.0,6.6,904.0,3.3,-488.0,-1.8,-348.0
2021-05-01,경상남도,1339.0,4.8,1912.0,6.8,851.0,3.0,-573.0,-2.0,-687.0
2021-06-01,경상남도,1264.0,4.6,1767.0,6.5,889.0,3.3,-503.0,-1.8,-624.0
2021-07-01,경상남도,1371.0,4.9,1931.0,6.9,837.0,3.0,-560.0,-2.0,-701.0
2021-08-01,경상남도,1322.0,4.7,1958.0,7.0,848.0,3.0,-636.0,-2.3,-1869.0
2021-09-01,경상남도,1334.0,4.9,1932.0,7.1,738.0,2.7,-598.0,-2.2,-2567.0
2021-10-01,경상남도,1238.0,4.4,2041.0,7.3,862.0,3.1,-803.0,-2.9,-481.0
2021-11-01,경상남도,1135.0,4.2,2093.0,7.7,943.0,3.5,-958.0,-3.5,-781.0
2021-12-01,경상남도,975.0,3.5,2219.0,7.9,1090.0,3.9,-1244.0,-4.4,-910.0
2022-01-01,경상남도,1310.0,4.7,2142.0,7.6,871.0,3.1,-831.0,-3.0,-2001.0
2022-02-01,경상남도,1198.0,4.7,2112.0,8.4,906.0,3.6,-915.0,-3.6,-3558.0
2022-03-01,경상남도,1294.0,4.6,3311.0,11.8,930.0,3.3,-2017.0,-7.2,-2052.0
2022-04-01,경상남도,1208.0,4.5,2882.0,10.7,954.0,3.5,-1674.0,-6.2,-898.0
2022-05-01,경상남도,1143.0,4.1,2116.0,7.6,961.0,3.4,-973.0,-3.5,-1605.0
2022-06-01,경상남도,1051.0,3.9,1860.0,6.9,784.0,2.9,-809.0,-3.0,-1649.0
2000-01-01,경상북도,3362.0,14.14,2230.0,9.4,1691.0,7.1,1132.0,4.8,-3943.0
2000-02-01,경상북도,3221.0,14.5,1899.0,8.5,1548.0,7.0,1322.0,6.0,-4397.0
2000-03-01,경상북도,3292.0,13.87,1887.0,8.0,1706.0,7.2,1405.0,5.9,-1276.0
2000-04-01,경상북도,2968.0,12.92,1802.0,7.8,1396.0,6.1,1166.0,5.1,-2390.0
2000-05-01,경상북도,2973.0,12.53,1781.0,7.5,1846.0,7.8,1192.0,5.0,-1903.0
2000-06-01,경상북도,2472.0,10.76,1660.0,7.2,1441.0,6.3,812.0,3.5,-1036.0
2000-07-01,경상북도,2714.0,11.44,1737.0,7.3,956.0,4.0,977.0,4.1,-1968.0
2000-08-01,경상북도,2751.0,11.6,1688.0,7.1,894.0,3.8,1063.0,4.5,-2845.0
2000-09-01,경상북도,2881.0,12.56,1724.0,7.5,797.0,3.5,1157.0,5.0,-1782.0
2000-10-01,경상북도,2858.0,12.06,1840.0,7.8,1359.0,5.7,1018.0,4.3,-1822.0
2000-11-01,경상북도,2882.0,12.57,1871.0,8.2,1591.0,6.9,1011.0,4.4,-1840.0
2000-12-01,경상북도,2816.0,11.89,1861.0,7.9,1836.0,7.8,955.0,4.0,-504.0
2001-01-01,경상북도,2955.0,12.44,1840.0,7.7,1508.0,6.4,1115.0,4.7,-3836.0
2001-02-01,경상북도,2718.0,12.69,1770.0,8.3,1348.0,6.3,948.0,4.4,-5237.0
2001-03-01,경상북도,3023.0,12.76,2054.0,8.7,1319.0,5.6,969.0,4.1,-2231.0
2001-04-01,경상북도,2666.0,11.63,1808.0,7.9,1535.0,6.7,858.0,3.7,-1645.0
2001-05-01,경상북도,2595.0,10.96,1852.0,7.8,1720.0,7.3,743.0,3.1,-1705.0
2001-06-01,경상북도,2319.0,10.12,1655.0,7.2,1175.0,5.1,664.0,2.9,-1376.0
2001-07-01,경상북도,2313.0,9.77,1616.0,6.8,963.0,4.1,697.0,2.9,-1886.0
2001-08-01,경상북도,2422.0,10.24,1672.0,7.1,965.0,4.1,750.0,3.2,-1796.0
2001-09-01,경상북도,2425.0,10.6,1634.0,7.1,755.0,3.3,791.0,3.5,-802.0
2001-10-01,경상북도,2460.0,10.41,1848.0,7.8,1119.0,4.7,612.0,2.6,-2149.0
2001-11-01,경상북도,2298.0,10.05,1782.0,7.8,1545.0,6.8,516.0,2.3,-1525.0
2001-12-01,경상북도,2306.0,9.76,1787.0,7.6,1932.0,8.2,519.0,2.2,2883.0
2002-01-01,경상북도,2517.0,10.65,1805.0,7.6,1521.0,6.4,712.0,3.0,-6692.0
2002-02-01,경상북도,2265.0,10.63,1589.0,7.5,1133.0,5.3,676.0,3.2,-5334.0
2002-03-01,경상북도,2564.0,10.88,1872.0,7.9,1314.0,5.6,692.0,2.9,-2407.0
2002-04-01,경상북도,2360.0,10.36,1791.0,7.9,1251.0,5.5,569.0,2.5,-2160.0
2002-05-01,경상북도,2208.0,9.39,1774.0,7.5,1531.0,6.5,434.0,1.8,-1431.0
2002-06-01,경상북도,2009.0,8.83,1687.0,7.4,1196.0,5.3,322.0,1.4,-2319.0
2002-07-01,경상북도,2189.0,9.32,1637.0,7.0,980.0,4.2,552.0,2.3,-2780.0
2002-08-01,경상북도,2073.0,8.83,1694.0,7.2,865.0,3.7,379.0,1.6,-3168.0
2002-09-01,경상북도,2025.0,8.92,1808.0,8.0,686.0,3.0,217.0,1.0,-2078.0
2002-10-01,경상북도,1987.0,8.48,1808.0,7.7,1106.0,4.7,179.0,0.8,-2850.0
2002-11-01,경상북도,1936.0,8.55,1884.0,8.3,1369.0,6.0,52.0,0.2,-2857.0
2002-12-01,경상북도,1889.0,8.07,2176.0,9.3,1648.0,7.0,-287.0,-1.2,2798.0
2003-01-01,경상북도,2231.0,9.55,1885.0,8.1,1210.0,5.2,346.0,1.5,-8651.0
2003-02-01,경상북도,2165.0,10.28,1707.0,8.1,1095.0,5.2,458.0,2.2,-7150.0
2003-03-01,경상북도,2507.0,10.77,1847.0,7.9,1212.0,5.2,660.0,2.8,-2911.0
2003-04-01,경상북도,2264.0,10.06,1707.0,7.6,1261.0,5.6,557.0,2.5,-1978.0
2003-05-01,경상북도,2066.0,8.89,1743.0,7.5,1491.0,6.4,323.0,1.4,-2125.0
2003-06-01,경상북도,1881.0,8.37,1629.0,7.2,1126.0,5.0,252.0,1.1,-642.0
2003-07-01,경상북도,1921.0,8.28,1687.0,7.3,1025.0,4.4,234.0,1.0,-2085.0
2003-08-01,경상북도,1955.0,8.43,1744.0,7.5,832.0,3.6,211.0,0.9,-2919.0
2003-09-01,경상북도,2128.0,9.49,1749.0,7.8,697.0,3.1,379.0,1.7,-1961.0
2003-10-01,경상북도,2207.0,9.54,1865.0,8.1,1142.0,4.9,342.0,1.5,-2617.0
2003-11-01,경상북도,2134.0,9.54,1856.0,8.3,1417.0,6.3,278.0,1.2,-1942.0
2003-12-01,경상북도,1988.0,8.6,1777.0,7.7,1732.0,7.5,211.0,0.9,-1852.0
2004-01-01,경상북도,2206.0,9.58,1822.0,7.9,1215.0,5.3,384.0,1.7,-6912.0
2004-02-01,경상북도,2049.0,9.54,1685.0,7.8,1111.0,5.2,364.0,1.7,-6376.0
2004-03-01,경상북도,2257.0,9.84,1971.0,8.6,1298.0,5.7,286.0,1.2,-1996.0
2004-04-01,경상북도,2193.0,9.89,1740.0,7.8,947.0,4.3,453.0,2.0,-1704.0
2004-05-01,경상북도,1888.0,8.25,1703.0,7.4,1265.0,5.5,185.0,0.8,-1620.0
2004-06-01,경상북도,1774.0,8.01,1609.0,7.3,1231.0,5.6,165.0,0.7,-1964.0
2004-07-01,경상북도,1948.0,8.51,1607.0,7.0,916.0,4.0,341.0,1.5,-765.0
2004-08-01,경상북도,1814.0,7.93,1594.0,7.0,934.0,4.1,220.0,1.0,-1742.0
2004-09-01,경상북도,1884.0,8.52,1652.0,7.5,731.0,3.3,232.0,1.0,-441.0
2004-10-01,경상북도,2043.0,8.94,1784.0,7.8,1016.0,4.4,259.0,1.1,-681.0
2004-11-01,경상북도,1770.0,8.0,1726.0,7.8,1412.0,6.4,44.0,0.2,-1016.0
2004-12-01,경상북도,1727.0,7.56,1791.0,7.8,1924.0,8.4,-64.0,-0.3,-1704.0
2005-01-01,경상북도,2029.0,8.87,1740.0,7.6,1219.0,5.3,289.0,1.3,-2801.0
2005-02-01,경상북도,1818.0,8.8,1562.0,7.6,1001.0,4.8,256.0,1.2,-3212.0
2005-03-01,경상북도,2076.0,9.08,1801.0,7.9,1309.0,5.7,275.0,1.2,-121.0
2005-04-01,경상북도,1897.0,8.57,1779.0,8.0,1130.0,5.1,118.0,0.5,192.0
2005-05-01,경상북도,1950.0,8.53,1750.0,7.7,1376.0,6.0,200.0,0.9,-138.0
2005-06-01,경상북도,1694.0,7.65,1628.0,7.4,1175.0,5.3,66.0,0.3,-756.0
2005-07-01,경상북도,1795.0,7.85,1558.0,6.8,919.0,4.0,237.0,1.0,-334.0
2005-08-01,경상북도,1794.0,7.85,1641.0,7.2,1029.0,4.5,153.0,0.7,-1820.0
2005-09-01,경상북도,1879.0,8.49,1559.0,7.0,820.0,3.7,320.0,1.4,-253.0
2005-10-01,경상북도,1919.0,8.4,1691.0,7.4,1068.0,4.7,228.0,1.0,-7.0
2005-11-01,경상북도,1799.0,8.14,1790.0,8.1,1589.0,7.2,9.0,0.0,-672.0
2005-12-01,경상북도,1689.0,7.4,1811.0,7.9,2004.0,8.8,-122.0,-0.5,-1595.0
2006-01-01,경상북도,2025.0,8.87,1784.0,7.8,1311.0,5.7,241.0,1.1,836.0
2006-02-01,경상북도,1892.0,9.17,1586.0,7.7,1172.0,5.7,306.0,1.5,-1633.0
2006-03-01,경상북도,2110.0,9.24,1723.0,7.5,1387.0,6.1,387.0,1.7,1217.0
2006-04-01,경상북도,1873.0,8.47,1613.0,7.3,1233.0,5.6,260.0,1.2,1586.0
2006-05-01,경상북도,1857.0,8.12,1655.0,7.2,1578.0,6.9,202.0,0.9,687.0
2006-06-01,경상북도,1782.0,8.05,1618.0,7.3,1435.0,6.5,164.0,0.7,-1660.0
2006-07-01,경상북도,1737.0,7.6,1579.0,6.9,1097.0,4.8,158.0,0.7,-1208.0
2006-08-01,경상북도,1812.0,7.93,1599.0,7.0,1076.0,4.7,213.0,0.9,-1800.0
2006-09-01,경상북도,1953.0,8.84,1643.0,7.4,873.0,4.0,310.0,1.4,-704.0
2006-10-01,경상북도,1986.0,8.7,1678.0,7.3,1058.0,4.6,308.0,1.3,-319.0
2006-11-01,경상북도,1805.0,8.17,1674.0,7.6,1627.0,7.4,131.0,0.6,-344.0
2006-12-01,경상북도,1735.0,7.6,1791.0,7.8,2331.0,10.2,-56.0,-0.2,23.0
2007-01-01,경상북도,2146.0,9.4,1874.0,8.2,1761.0,7.7,272.0,1.2,-3483.0
2007-02-01,경상북도,2032.0,9.87,1514.0,7.4,1366.0,6.6,518.0,2.5,-3336.0
2007-03-01,경상북도,2272.0,9.97,1766.0,7.8,1398.0,6.1,506.0,2.2,-1215.0
2007-04-01,경상북도,2058.0,9.33,1711.0,7.8,1237.0,5.6,347.0,1.6,-22.0
2007-05-01,경상북도,2064.0,9.06,1658.0,7.3,1587.0,7.0,406.0,1.8,-1075.0
2007-06-01,경상북도,1906.0,8.65,1539.0,7.0,1350.0,6.1,367.0,1.7,-623.0
2007-07-01,경상북도,1993.0,8.75,1565.0,6.9,1188.0,5.2,428.0,1.9,-1419.0
2007-08-01,경상북도,2172.0,9.54,1628.0,7.1,1169.0,5.1,544.0,2.4,-1505.0
2007-09-01,경상북도,2172.0,9.86,1581.0,7.2,818.0,3.7,591.0,2.7,-161.0
2007-10-01,경상북도,2327.0,10.22,1705.0,7.5,1291.0,5.7,622.0,2.7,544.0
2007-11-01,경상북도,2097.0,9.51,1678.0,7.6,1665.0,7.6,419.0,1.9,-725.0
2007-12-01,경상북도,1823.0,8.0,1756.0,7.7,1793.0,7.9,67.0,0.3,-1591.0
2008-01-01,경상북도,2318.0,10.21,1773.0,7.8,1552.0,6.8,545.0,2.4,-2351.0
2008-02-01,경상북도,1968.0,9.27,1691.0,8.0,1223.0,5.8,277.0,1.3,-3829.0
2008-03-01,경상북도,2151.0,9.49,1793.0,7.9,1346.0,5.9,358.0,1.6,1224.0
2008-04-01,경상북도,2034.0,9.27,1678.0,7.6,1243.0,5.7,356.0,1.6,-1723.0
2008-05-01,경상북도,1908.0,8.42,1650.0,7.3,1446.0,6.4,258.0,1.1,-1224.0
2008-06-01,경상북도,1756.0,8.01,1470.0,6.7,1284.0,5.9,286.0,1.3,-891.0
2008-07-01,경상북도,1958.0,8.64,1568.0,6.9,1264.0,5.6,390.0,1.7,-1051.0
2008-08-01,경상북도,1856.0,8.19,1560.0,6.9,1069.0,4.7,296.0,1.3,-1248.0
2008-09-01,경상북도,1930.0,8.8,1457.0,6.6,921.0,4.2,473.0,2.2,-800.0
2008-10-01,경상북도,2025.0,8.94,1647.0,7.3,1125.0,5.0,378.0,1.7,-494.0
2008-11-01,경상북도,1875.0,8.55,1645.0,7.5,1308.0,6.0,230.0,1.0,-796.0
2008-12-01,경상북도,1759.0,7.77,1722.0,7.6,1853.0,8.2,37.0,0.2,-917.0
2009-01-01,경상북도,2189.0,9.64,1875.0,8.3,1368.0,6.0,314.0,1.4,-1477.0
2009-02-01,경상북도,1933.0,9.43,1522.0,7.4,1113.0,5.4,411.0,2.0,-3279.0
2009-03-01,경상북도,2018.0,8.9,1710.0,7.5,1197.0,5.3,308.0,1.4,-387.0
2009-04-01,경상북도,1914.0,8.72,1622.0,7.4,1190.0,5.4,292.0,1.3,115.0
2009-05-01,경상북도,1751.0,7.72,1748.0,7.7,1323.0,5.8,3.0,0.0,725.0
2009-06-01,경상북도,1759.0,8.01,1540.0,7.0,1172.0,5.3,219.0,1.0,-1068.0
2009-07-01,경상북도,1797.0,7.93,1572.0,6.9,1033.0,4.6,225.0,1.0,-1461.0
2009-08-01,경상북도,1784.0,7.87,1516.0,6.7,976.0,4.3,268.0,1.2,-1093.0
2009-09-01,경상북도,1832.0,8.35,1479.0,6.7,932.0,4.2,353.0,1.6,-709.0
2009-10-01,경상북도,1888.0,8.33,1644.0,7.3,1074.0,4.7,244.0,1.1,-768.0
2009-11-01,경상북도,1801.0,8.21,1616.0,7.4,1290.0,5.9,185.0,0.8,44.0
2009-12-01,경상북도,1707.0,7.53,1783.0,7.9,1831.0,8.1,-76.0,-0.3,1051.0
2010-01-01,경상북도,2110.0,9.31,1721.0,7.6,1357.0,6.0,389.0,1.7,-2521.0
2010-02-01,경상북도,1898.0,9.28,1581.0,7.7,1109.0,5.4,317.0,1.5,-2710.0
2010-03-01,경상북도,2038.0,9.0,1687.0,7.4,1337.0,5.9,351.0,1.5,238.0
2010-04-01,경상북도,1895.0,8.64,1620.0,7.4,1293.0,5.9,275.0,1.3,1088.0
2010-05-01,경상북도,1856.0,8.19,1733.0,7.6,1410.0,6.2,123.0,0.5,312.0
2010-06-01,경상북도,1896.0,8.64,1628.0,7.4,1350.0,6.2,268.0,1.2,-1250.0
2010-07-01,경상북도,1796.0,7.92,1650.0,7.3,1197.0,5.3,146.0,0.6,-269.0
2010-08-01,경상북도,1952.0,8.61,1609.0,7.1,1134.0,5.0,343.0,1.5,-566.0
2010-09-01,경상북도,2071.0,9.44,1612.0,7.3,952.0,4.3,459.0,2.1,1.0
2010-10-01,경상북도,2202.0,9.72,1858.0,8.2,1167.0,5.1,344.0,1.5,-25.0
2010-11-01,경상북도,2081.0,9.49,1774.0,8.1,1439.0,6.6,307.0,1.4,1087.0
2010-12-01,경상북도,1905.0,8.4,1776.0,7.8,1847.0,8.1,129.0,0.6,1063.0
2011-01-01,경상북도,2391.0,10.55,1896.0,8.4,1354.0,6.0,495.0,2.2,-1786.0
2011-02-01,경상북도,2049.0,10.01,1692.0,8.3,1160.0,5.7,357.0,1.7,-1790.0
2011-03-01,경상북도,2246.0,9.91,1845.0,8.1,1307.0,5.8,401.0,1.8,64.0
2011-04-01,경상북도,2048.0,9.34,1660.0,7.6,1282.0,5.8,388.0,1.8,572.0
2011-05-01,경상북도,1999.0,8.82,1762.0,7.8,1478.0,6.5,237.0,1.0,298.0
2011-06-01,경상북도,1972.0,8.98,1573.0,7.2,1359.0,6.2,399.0,1.8,557.0
2011-07-01,경상북도,1911.0,8.42,1600.0,7.1,1091.0,4.8,311.0,1.4,856.0
2011-08-01,경상북도,2047.0,9.02,1595.0,7.0,1223.0,5.4,452.0,2.0,383.0
2011-09-01,경상북도,2019.0,9.19,1547.0,7.0,975.0,4.4,472.0,2.1,1125.0
2011-10-01,경상북도,1894.0,8.33,1689.0,7.4,1229.0,5.4,205.0,0.9,1101.0
2011-11-01,경상북도,1868.0,8.49,1651.0,7.5,1541.0,7.0,217.0,1.0,1197.0
2011-12-01,경상북도,1806.0,7.94,1727.0,7.6,1943.0,8.5,79.0,0.3,2239.0
2012-01-01,경상북도,2319.0,10.22,1833.0,8.1,1348.0,5.9,486.0,2.1,-2424.0
2012-02-01,경상북도,2101.0,9.9,2094.0,9.9,1311.0,6.2,7.0,0.0,-2438.0
2012-03-01,경상북도,2247.0,9.91,1894.0,8.4,1356.0,6.0,353.0,1.6,-94.0
2012-04-01,경상북도,2019.0,9.2,1707.0,7.8,1390.0,6.3,312.0,1.4,-251.0
2012-05-01,경상북도,1989.0,8.77,1669.0,7.4,1344.0,5.9,320.0,1.4,-366.0
2012-06-01,경상북도,1881.0,8.57,1557.0,7.1,1241.0,5.7,324.0,1.5,23.0
2012-07-01,경상북도,2105.0,9.28,1566.0,6.9,1161.0,5.1,539.0,2.4,-311.0
2012-08-01,경상북도,2055.0,9.06,1539.0,6.8,1113.0,4.9,516.0,2.3,-810.0
2012-09-01,경상북도,2076.0,9.46,1536.0,7.0,798.0,3.6,540.0,2.5,-189.0
2012-10-01,경상북도,2079.0,9.17,1775.0,7.8,1187.0,5.2,304.0,1.3,487.0
2012-11-01,경상북도,1953.0,8.9,1729.0,7.9,1447.0,6.6,224.0,1.0,1051.0
2012-12-01,경상북도,1811.0,7.98,1745.0,7.7,1687.0,7.4,66.0,0.3,462.0
2013-01-01,경상북도,2240.0,9.84,1839.0,8.1,1458.0,6.4,401.0,1.8,-384.0
2013-02-01,경상북도,1874.0,9.12,1704.0,8.3,1145.0,5.6,170.0,0.8,-2049.0
2013-03-01,경상북도,1958.0,8.61,1826.0,8.0,1224.0,5.4,132.0,0.6,-360.0
2013-04-01,경상북도,1822.0,8.28,1792.0,8.1,1159.0,5.3,30.0,0.1,-301.0
2013-05-01,경상북도,1868.0,8.21,1627.0,7.2,1479.0,6.5,241.0,1.1,-116.0
2013-06-01,경상북도,1634.0,7.42,1544.0,7.0,1309.0,5.9,90.0,0.4,185.0
2013-07-01,경상북도,1897.0,8.34,1546.0,6.8,1309.0,5.8,351.0,1.5,-693.0
2013-08-01,경상북도,1823.0,8.01,1570.0,6.9,1188.0,5.2,253.0,1.1,-305.0
2013-09-01,경상북도,1899.0,8.63,1553.0,7.1,831.0,3.8,346.0,1.6,-132.0
2013-10-01,경상북도,1860.0,8.17,1710.0,7.5,1263.0,5.6,150.0,0.7,379.0
2013-11-01,경상북도,1712.0,7.77,1750.0,7.9,1330.0,6.0,-38.0,-0.2,1151.0
2013-12-01,경상북도,1619.0,7.11,1784.0,7.8,1726.0,7.6,-165.0,-0.7,760.0
2014-01-01,경상북도,2157.0,9.47,1728.0,7.6,1318.0,5.8,429.0,1.9,-1389.0
2014-02-01,경상북도,1895.0,9.22,1680.0,8.2,1211.0,5.9,215.0,1.0,-1213.0
2014-03-01,경상북도,1976.0,8.68,1904.0,8.4,1215.0,5.3,72.0,0.3,-296.0
2014-04-01,경상북도,1927.0,8.75,1646.0,7.5,1094.0,5.0,281.0,1.3,76.0
2014-05-01,경상북도,1762.0,7.74,1772.0,7.8,1285.0,5.6,-10.0,0.0,-39.0
2014-06-01,경상북도,1717.0,7.8,1592.0,7.2,1106.0,5.0,125.0,0.6,-464.0
2014-07-01,경상북도,1825.0,8.02,1538.0,6.8,1109.0,4.9,287.0,1.3,-169.0
2014-08-01,경상북도,1801.0,7.91,1617.0,7.1,993.0,4.4,184.0,0.8,283.0
2014-09-01,경상북도,1854.0,8.41,1622.0,7.4,904.0,4.1,232.0,1.1,5772.0
2014-10-01,경상북도,1805.0,7.92,1715.0,7.5,1333.0,5.8,90.0,0.4,-3853.0
2014-11-01,경상북도,1628.0,7.38,1695.0,7.7,1019.0,4.6,-67.0,-0.3,-683.0
2014-12-01,경상북도,1715.0,7.53,1795.0,7.9,1596.0,7.0,-80.0,-0.4,987.0
2015-01-01,경상북도,2159.0,9.48,1956.0,8.6,1313.0,5.8,203.0,0.9,-1640.0
2015-02-01,경상북도,1850.0,8.99,1728.0,8.4,989.0,4.8,122.0,0.6,-1059.0
2015-03-01,경상북도,2107.0,9.26,2114.0,9.3,1357.0,6.0,-7.0,0.0,-1314.0
2015-04-01,경상북도,1932.0,8.77,1798.0,8.2,1171.0,5.3,134.0,0.6,-624.0
2015-05-01,경상북도,1833.0,8.06,1722.0,7.6,1235.0,5.4,111.0,0.5,-492.0
2015-06-01,경상북도,1755.0,7.97,1584.0,7.2,1272.0,5.8,171.0,0.8,943.0
2015-07-01,경상북도,1825.0,8.02,1608.0,7.1,1051.0,4.6,217.0,1.0,864.0
2015-08-01,경상북도,1777.0,7.8,1575.0,6.9,991.0,4.4,202.0,0.9,716.0
2015-09-01,경상북도,1897.0,8.6,1571.0,7.1,818.0,3.7,326.0,1.5,59.0
2015-10-01,경상북도,1880.0,8.25,1824.0,8.0,1101.0,4.8,56.0,0.2,287.0
2015-11-01,경상북도,1694.0,7.68,1760.0,8.0,1347.0,6.1,-66.0,-0.3,1202.0
2015-12-01,경상북도,1601.0,7.02,1622.0,7.1,1628.0,7.1,-21.0,-0.1,481.0
2016-01-01,경상북도,1996.0,8.78,1855.0,8.2,1113.0,4.9,141.0,0.6,-1685.0
2016-02-01,경상북도,1732.0,8.15,1857.0,8.7,1103.0,5.2,-125.0,-0.6,-82.0
2016-03-01,경상북도,1954.0,8.6,1924.0,8.5,1216.0,5.4,30.0,0.1,122.0
2016-04-01,경상북도,1818.0,8.27,1737.0,7.9,1118.0,5.1,81.0,0.4,-57.0
2016-05-01,경상북도,1747.0,7.69,1696.0,7.5,1220.0,5.4,51.0,0.2,421.0
2016-06-01,경상북도,1690.0,7.68,1516.0,6.9,1149.0,5.2,174.0,0.8,168.0
2016-07-01,경상북도,1703.0,7.49,1617.0,7.1,950.0,4.2,86.0,0.4,-415.0
2016-08-01,경상북도,1705.0,7.5,1741.0,7.7,1074.0,4.7,-36.0,-0.2,-928.0
2016-09-01,경상북도,1716.0,7.8,1658.0,7.5,821.0,3.7,58.0,0.3,88.0
2016-10-01,경상북도,1677.0,7.38,1731.0,7.6,1047.0,4.6,-54.0,-0.2,-538.0
2016-11-01,경상북도,1495.0,6.8,1738.0,7.9,1178.0,5.4,-243.0,-1.1,-107.0
2016-12-01,경상북도,1383.0,6.09,1908.0,8.4,1374.0,6.0,-525.0,-2.3,-138.0
2017-01-01,경상북도,1824.0,8.01,1893.0,8.3,1138.0,5.0,-69.0,-0.3,-1444.0
2017-02-01,경상북도,1502.0,7.31,1706.0,8.3,980.0,4.8,-204.0,-1.0,-2168.0
2017-03-01,경상북도,1660.0,7.3,1746.0,7.7,1064.0,4.7,-86.0,-0.4,-1462.0
2017-04-01,경상북도,1497.0,6.81,1713.0,7.8,945.0,4.3,-216.0,-1.0,-518.0
2017-05-01,경상북도,1561.0,6.87,1827.0,8.0,1216.0,5.4,-266.0,-1.2,-825.0
2017-06-01,경상북도,1388.0,6.31,1606.0,7.3,1036.0,4.7,-218.0,-1.0,-696.0
2017-07-01,경상북도,1522.0,6.7,1604.0,7.1,896.0,3.9,-82.0,-0.4,-652.0
2017-08-01,경상북도,1513.0,6.66,1736.0,7.6,903.0,4.0,-223.0,-1.0,-146.0
2017-09-01,경상북도,1498.0,6.82,1673.0,7.6,806.0,3.7,-175.0,-0.8,968.0
2017-10-01,경상북도,1376.0,6.06,1832.0,8.1,796.0,3.5,-456.0,-2.0,585.0
2017-11-01,경상북도,1336.0,6.08,1874.0,8.5,1111.0,5.1,-538.0,-2.4,424.0
2017-12-01,경상북도,1280.0,5.64,2068.0,9.1,1299.0,5.7,-788.0,-3.5,353.0
2018-01-01,경상북도,1571.0,6.9,2457.0,10.8,1234.0,5.4,-886.0,-3.9,-2055.0
2018-02-01,경상북도,1336.0,6.5,1937.0,9.5,860.0,4.2,-601.0,-2.9,-2394.0
2018-03-01,경상북도,1548.0,6.8,1824.0,8.1,1039.0,4.6,-276.0,-1.2,-1506.0
2018-04-01,경상북도,1325.0,6.0,1803.0,8.2,923.0,4.2,-478.0,-2.2,-439.0
2018-05-01,경상북도,1399.0,6.2,1799.0,7.9,1147.0,5.1,-400.0,-1.8,-247.0
2018-06-01,경상북도,1341.0,6.1,1679.0,7.7,953.0,4.4,-338.0,-1.5,-969.0
2018-07-01,경상북도,1326.0,5.9,1798.0,8.0,885.0,3.9,-472.0,-2.1,-1121.0
2018-08-01,경상북도,1351.0,6.0,1695.0,7.5,788.0,3.5,-344.0,-1.5,-953.0
2018-09-01,경상북도,1214.0,5.6,1690.0,7.7,606.0,2.8,-476.0,-2.2,-241.0
2018-10-01,경상북도,1263.0,5.6,1938.0,8.6,984.0,4.4,-675.0,-3.0,-256.0
2018-11-01,경상북도,1246.0,5.7,1716.0,7.9,1070.0,4.9,-470.0,-2.2,609.0
2018-12-01,경상북도,1159.0,5.1,1953.0,8.6,1198.0,5.3,-794.0,-3.5,347.0
2019-01-01,경상북도,1478.0,6.5,2018.0,8.9,1028.0,4.6,-540.0,-2.4,-2123.0
2019-02-01,경상북도,1230.0,6.0,1676.0,8.2,822.0,4.0,-446.0,-2.2,-2026.0
2019-03-01,경상북도,1379.0,6.1,1906.0,8.5,932.0,4.1,-527.0,-2.3,-85.0
2019-04-01,경상북도,1214.0,5.6,1710.0,7.8,906.0,4.2,-496.0,-2.3,-213.0
2019-05-01,경상북도,1174.0,5.2,1818.0,8.1,1020.0,4.5,-644.0,-2.9,-166.0
2019-06-01,경상북도,1224.0,5.6,1686.0,7.7,767.0,3.5,-462.0,-2.1,539.0
2019-07-01,경상북도,1194.0,5.3,1694.0,7.5,816.0,3.6,-500.0,-2.2,-573.0
2019-08-01,경상북도,1110.0,4.9,1745.0,7.8,741.0,3.3,-635.0,-2.8,-670.0
2019-09-01,경상북도,1120.0,5.1,1688.0,7.8,680.0,3.1,-568.0,-2.6,-320.0
2019-10-01,경상북도,1239.0,5.5,1896.0,8.4,872.0,3.9,-657.0,-2.9,-81.0
2019-11-01,경상북도,1159.0,5.3,1839.0,8.4,897.0,4.1,-680.0,-3.1,271.0
2019-12-01,경상북도,951.0,4.2,2027.0,9.0,1156.0,5.1,-1076.0,-4.8,876.0
2020-01-01,경상북도,1273.0,5.7,2165.0,9.7,924.0,4.1,-892.0,-4.0,-2413.0
2020-02-01,경상북도,1131.0,5.4,1988.0,9.5,754.0,3.6,-857.0,-4.1,-2729.0
2020-03-01,경상북도,1172.0,5.2,1969.0,8.8,830.0,3.7,-797.0,-3.6,-4717.0
2020-04-01,경상북도,1118.0,5.2,1863.0,8.6,664.0,3.1,-745.0,-3.4,-1700.0
2020-05-01,경상북도,1099.0,4.9,1855.0,8.3,657.0,2.9,-756.0,-3.4,-1512.0
2020-06-01,경상북도,1015.0,4.7,1767.0,8.2,710.0,3.3,-752.0,-3.5,-1521.0
2020-07-01,경상북도,1051.0,4.7,1687.0,7.6,707.0,3.2,-636.0,-2.9,-1834.0
2020-08-01,경상북도,1017.0,4.6,1922.0,8.6,585.0,2.6,-905.0,-4.1,-2365.0
2020-09-01,경상북도,1123.0,5.2,1764.0,8.2,617.0,2.9,-641.0,-3.0,-403.0
2020-10-01,경상북도,1066.0,4.8,1898.0,8.5,774.0,3.5,-832.0,-3.7,565.0
2020-11-01,경상북도,945.0,4.4,1917.0,8.9,811.0,3.8,-972.0,-4.5,362.0
2020-12-01,경상북도,863.0,3.9,2004.0,9.0,1013.0,4.6,-1141.0,-5.1,1289.0
2021-01-01,경상북도,1126.0,5.1,1866.0,8.4,687.0,3.1,-740.0,-3.3,-1028.0
2021-02-01,경상북도,1011.0,5.0,1710.0,8.5,633.0,3.1,-699.0,-3.5,-242.0
2021-03-01,경상북도,1126.0,5.1,1975.0,8.9,715.0,3.2,-849.0,-3.8,1439.0
2021-04-01,경상북도,1068.0,5.0,1810.0,8.4,723.0,3.4,-742.0,-3.4,1133.0
2021-05-01,경상북도,992.0,4.5,1865.0,8.4,676.0,3.0,-873.0,-3.9,1327.0
2021-06-01,경상북도,991.0,4.6,1727.0,8.0,644.0,3.0,-736.0,-3.4,606.0
2021-07-01,경상북도,1040.0,4.7,1856.0,8.3,619.0,2.8,-816.0,-3.7,-82.0
2021-08-01,경상북도,1065.0,4.8,1895.0,8.5,549.0,2.5,-830.0,-3.7,-628.0
2021-09-01,경상북도,1001.0,4.7,1927.0,9.0,579.0,2.7,-926.0,-4.3,-1126.0
2021-10-01,경상북도,889.0,4.0,1994.0,9.0,590.0,2.7,-1105.0,-5.0,580.0
2021-11-01,경상북도,961.0,4.5,2032.0,9.4,798.0,3.7,-1071.0,-5.0,694.0
2021-12-01,경상북도,775.0,3.5,2279.0,10.3,950.0,4.3,-1504.0,-6.8,664.0
2022-01-01,경상북도,1114.0,5.0,2144.0,9.7,671.0,3.0,-1030.0,-4.6,-1339.0
2022-02-01,경상북도,920.0,4.6,2167.0,10.8,706.0,3.5,-1247.0,-6.2,-1156.0
2022-03-01,경상북도,1067.0,4.8,3262.0,14.7,668.0,3.0,-2195.0,-9.9,-515.0
2022-04-01,경상북도,956.0,4.5,2818.0,13.1,687.0,3.2,-1862.0,-8.7,-81.0
2022-05-01,경상북도,964.0,4.4,2176.0,9.8,730.0,3.3,-1212.0,-5.5,-29.0
2022-06-01,경상북도,836.0,3.9,1878.0,8.8,641.0,3.0,-1042.0,-4.9,-1143.0
2000-01-01,광주광역시,2159.0,18.77,606.0,5.3,932.0,8.1,1553.0,13.5,1187.0
2000-02-01,광주광역시,1916.0,17.78,494.0,4.6,780.0,7.2,1422.0,13.2,901.0
2000-03-01,광주광역시,1893.0,16.42,499.0,4.3,958.0,8.3,1394.0,12.1,-869.0
2000-04-01,광주광역시,1773.0,15.87,489.0,4.4,864.0,7.7,1284.0,11.5,143.0
2000-05-01,광주광역시,1698.0,14.7,477.0,4.1,969.0,8.4,1221.0,10.6,-1592.0
2000-06-01,광주광역시,1539.0,13.79,415.0,3.7,776.0,7.0,1124.0,10.1,-6296.0
2000-07-01,광주광역시,1610.0,13.97,439.0,3.8,567.0,4.9,1171.0,10.2,3323.0
2000-08-01,광주광역시,1657.0,14.33,415.0,3.6,525.0,4.5,1242.0,10.7,1949.0
2000-09-01,광주광역시,1834.0,16.37,517.0,4.6,471.0,4.2,1317.0,11.8,911.0
2000-10-01,광주광역시,1780.0,15.36,473.0,4.1,681.0,5.9,1307.0,11.3,833.0
2000-11-01,광주광역시,1659.0,14.77,523.0,4.7,959.0,8.5,1136.0,10.1,277.0
2000-12-01,광주광역시,1630.0,14.03,519.0,4.5,1075.0,9.3,1111.0,9.6,-781.0
2001-01-01,광주광역시,2030.0,17.4,516.0,4.4,777.0,6.7,1514.0,13.0,1482.0
2001-02-01,광주광역시,1578.0,14.94,474.0,4.5,793.0,7.5,1104.0,10.5,1478.0
2001-03-01,광주광역시,1790.0,15.29,544.0,4.6,879.0,7.5,1246.0,10.6,-417.0
2001-04-01,광주광역시,1442.0,12.73,510.0,4.5,804.0,7.1,932.0,8.2,-617.0
2001-05-01,광주광역시,1471.0,12.56,475.0,4.1,980.0,8.4,996.0,8.5,-685.0
2001-06-01,광주광역시,1387.0,12.24,419.0,3.7,710.0,6.3,968.0,8.5,-6217.0
2001-07-01,광주광역시,1361.0,11.63,503.0,4.3,539.0,4.6,858.0,7.3,2876.0
2001-08-01,광주광역시,1376.0,11.75,454.0,3.9,529.0,4.5,922.0,7.9,1422.0
2001-09-01,광주광역시,1528.0,13.47,445.0,3.9,421.0,3.7,1083.0,9.5,601.0
2001-10-01,광주광역시,1502.0,12.81,468.0,4.0,524.0,4.5,1034.0,8.8,744.0
2001-11-01,광주광역시,1342.0,11.81,483.0,4.2,786.0,6.9,859.0,7.6,211.0
2001-12-01,광주광역시,1391.0,11.84,460.0,3.9,1023.0,8.7,931.0,7.9,-999.0
2002-01-01,광주광역시,1667.0,14.17,537.0,4.6,849.0,7.2,1130.0,9.6,2263.0
2002-02-01,광주광역시,1426.0,13.39,468.0,4.4,597.0,5.6,958.0,9.0,1471.0
2002-03-01,광주광역시,1572.0,13.32,537.0,4.6,735.0,6.2,1035.0,8.8,-1803.0
2002-04-01,광주광역시,1395.0,12.23,480.0,4.2,777.0,6.8,915.0,8.0,-2118.0
2002-05-01,광주광역시,1374.0,11.67,449.0,3.8,857.0,7.3,925.0,7.9,-1267.0
2002-06-01,광주광역시,1184.0,10.38,439.0,3.8,613.0,5.4,745.0,6.5,1351.0
2002-07-01,광주광역시,1241.0,10.51,473.0,4.0,595.0,5.0,768.0,6.5,1609.0
2002-08-01,광주광역시,1287.0,10.88,497.0,4.2,483.0,4.1,790.0,6.7,1155.0
2002-09-01,광주광역시,1283.0,11.2,467.0,4.1,381.0,3.3,816.0,7.1,533.0
2002-10-01,광주광역시,1259.0,10.62,467.0,3.9,634.0,5.3,792.0,6.7,504.0
2002-11-01,광주광역시,1210.0,10.54,529.0,4.6,762.0,6.6,681.0,5.9,462.0
2002-12-01,광주광역시,1138.0,9.59,556.0,4.7,947.0,8.0,582.0,4.9,195.0
2003-01-01,광주광역시,1579.0,13.3,504.0,4.2,643.0,5.4,1075.0,9.1,-32.0
2003-02-01,광주광역시,1424.0,13.28,503.0,4.7,674.0,6.3,921.0,8.6,-1385.0
2003-03-01,광주광역시,1424.0,12.0,499.0,4.2,722.0,6.1,925.0,7.8,-2800.0
2003-04-01,광주광역시,1360.0,11.85,450.0,3.9,733.0,6.4,910.0,7.9,-811.0
2003-05-01,광주광역시,1336.0,11.26,500.0,4.2,806.0,6.8,836.0,7.0,-708.0
2003-06-01,광주광역시,1127.0,9.83,461.0,4.0,550.0,4.8,666.0,5.8,-2787.0
2003-07-01,광주광역시,1228.0,10.37,459.0,3.9,407.0,3.4,769.0,6.5,1379.0
2003-08-01,광주광역시,1204.0,10.16,472.0,4.0,398.0,3.4,732.0,6.2,245.0
2003-09-01,광주광역시,1420.0,12.37,517.0,4.5,409.0,3.6,903.0,7.9,173.0
2003-10-01,광주광역시,1360.0,11.46,528.0,4.5,668.0,5.6,832.0,7.0,-39.0
2003-11-01,광주광역시,1285.0,11.19,523.0,4.6,734.0,6.4,762.0,6.6,-159.0
2003-12-01,광주광역시,1207.0,10.18,536.0,4.5,1016.0,8.6,671.0,5.7,-2763.0
2004-01-01,광주광역시,1566.0,13.23,555.0,4.7,706.0,6.0,1011.0,8.5,3156.0
2004-02-01,광주광역시,1323.0,11.92,497.0,4.5,657.0,5.9,826.0,7.4,889.0
2004-03-01,광주광역시,1427.0,12.02,553.0,4.7,788.0,6.6,874.0,7.4,3.0
2004-04-01,광주광역시,1215.0,10.57,500.0,4.3,621.0,5.4,715.0,6.2,-289.0
2004-05-01,광주광역시,1173.0,9.87,494.0,4.2,743.0,6.3,679.0,5.7,-796.0
2004-06-01,광주광역시,1078.0,9.38,430.0,3.7,704.0,6.1,648.0,5.6,-1199.0
2004-07-01,광주광역시,1130.0,9.51,499.0,4.2,496.0,4.2,631.0,5.3,-374.0
2004-08-01,광주광역시,1183.0,9.96,504.0,4.2,546.0,4.6,679.0,5.7,-567.0
2004-09-01,광주광역시,1205.0,10.48,491.0,4.3,378.0,3.3,714.0,6.2,-405.0
2004-10-01,광주광역시,1198.0,10.09,507.0,4.3,562.0,4.7,691.0,5.8,-756.0
2004-11-01,광주광역시,1170.0,10.18,484.0,4.2,725.0,6.3,686.0,6.0,-841.0
2004-12-01,광주광역시,1061.0,8.94,528.0,4.4,1086.0,9.1,533.0,4.5,-1969.0
2005-01-01,광주광역시,1355.0,11.38,545.0,4.6,641.0,5.4,810.0,6.8,19.0
2005-02-01,광주광역시,1145.0,10.64,497.0,4.6,546.0,5.1,648.0,6.0,184.0
2005-03-01,광주광역시,1272.0,10.67,570.0,4.8,633.0,5.3,702.0,5.9,-1411.0
2005-04-01,광주광역시,1121.0,9.72,496.0,4.3,677.0,5.9,625.0,5.4,-602.0
2005-05-01,광주광역시,1065.0,8.94,502.0,4.2,788.0,6.6,563.0,4.7,-755.0
2005-06-01,광주광역시,975.0,8.46,490.0,4.2,636.0,5.5,485.0,4.2,-1156.0
2005-07-01,광주광역시,1100.0,9.23,474.0,4.0,517.0,4.3,626.0,5.3,-375.0
2005-08-01,광주광역시,1012.0,8.49,449.0,3.8,528.0,4.4,563.0,4.7,-517.0
2005-09-01,광주광역시,1137.0,9.86,442.0,3.8,423.0,3.7,695.0,6.0,-755.0
2005-10-01,광주광역시,1098.0,9.22,486.0,4.1,601.0,5.0,612.0,5.1,-259.0
2005-11-01,광주광역시,1126.0,9.77,487.0,4.2,817.0,7.1,639.0,5.5,-758.0
2005-12-01,광주광역시,921.0,7.74,501.0,4.2,1020.0,8.6,420.0,3.5,-948.0
2006-01-01,광주광역시,1360.0,11.42,492.0,4.1,670.0,5.6,868.0,7.3,875.0
2006-02-01,광주광역시,1163.0,10.8,476.0,4.4,635.0,5.9,687.0,6.4,-98.0
2006-03-01,광주광역시,1264.0,10.6,527.0,4.4,703.0,5.9,737.0,6.2,-2249.0
2006-04-01,광주광역시,1142.0,9.91,449.0,3.9,634.0,5.5,693.0,6.0,-1382.0
2006-05-01,광주광역시,1178.0,9.89,482.0,4.0,820.0,6.9,696.0,5.8,-1065.0
2006-06-01,광주광역시,1029.0,8.93,446.0,3.9,741.0,6.4,583.0,5.1,695.0
2006-07-01,광주광역시,1031.0,8.65,443.0,3.7,543.0,4.6,588.0,4.9,337.0
2006-08-01,광주광역시,1079.0,9.04,498.0,4.2,609.0,5.1,581.0,4.9,366.0
2006-09-01,광주광역시,1190.0,10.3,461.0,4.0,445.0,3.9,729.0,6.3,463.0
2006-10-01,광주광역시,1183.0,9.9,502.0,4.2,590.0,4.9,681.0,5.7,111.0
2006-11-01,광주광역시,1055.0,9.12,496.0,4.3,885.0,7.6,559.0,4.8,-30.0
2006-12-01,광주광역시,1005.0,8.41,500.0,4.2,1212.0,10.1,505.0,4.2,-753.0
2007-01-01,광주광역시,1376.0,11.5,546.0,4.6,928.0,7.8,830.0,6.9,247.0
2007-02-01,광주광역시,1236.0,11.43,518.0,4.8,707.0,6.5,718.0,6.6,373.0
2007-03-01,광주광역시,1311.0,10.94,538.0,4.5,724.0,6.0,773.0,6.5,-575.0
2007-04-01,광주광역시,1238.0,10.68,474.0,4.1,736.0,6.3,764.0,6.6,-713.0
2007-05-01,광주광역시,1153.0,9.62,501.0,4.2,859.0,7.2,652.0,5.4,-354.0
2007-06-01,광주광역시,1142.0,9.85,467.0,4.0,687.0,5.9,675.0,5.8,-837.0
2007-07-01,광주광역시,1131.0,9.43,480.0,4.0,648.0,5.4,651.0,5.4,0.0
2007-08-01,광주광역시,1278.0,10.65,455.0,3.8,655.0,5.5,823.0,6.9,-15.0
2007-09-01,광주광역시,1320.0,11.37,518.0,4.5,436.0,3.8,802.0,6.9,-260.0
2007-10-01,광주광역시,1347.0,11.22,546.0,4.5,639.0,5.3,801.0,6.7,-437.0
2007-11-01,광주광역시,1234.0,10.62,522.0,4.5,803.0,6.9,712.0,6.1,-161.0
2007-12-01,광주광역시,1044.0,8.7,542.0,4.5,1036.0,8.6,502.0,4.2,-1411.0
2008-01-01,광주광역시,1450.0,12.11,525.0,4.4,751.0,6.3,925.0,7.7,497.0
2008-02-01,광주광역시,1212.0,10.8,512.0,4.6,658.0,5.9,700.0,6.2,627.0
2008-03-01,광주광역시,1240.0,10.34,616.0,5.1,763.0,6.4,624.0,5.2,-993.0
2008-04-01,광주광역시,1122.0,9.67,469.0,4.0,680.0,5.9,653.0,5.6,-288.0
2008-05-01,광주광역시,1087.0,9.06,501.0,4.2,843.0,7.0,586.0,4.9,-351.0
2008-06-01,광주광역시,1075.0,9.26,473.0,4.1,716.0,6.2,602.0,5.2,-57.0
2008-07-01,광주광역시,1171.0,9.75,461.0,3.8,633.0,5.3,710.0,5.9,429.0
2008-08-01,광주광역시,1215.0,10.11,494.0,4.1,593.0,4.9,721.0,6.0,483.0
2008-09-01,광주광역시,1116.0,9.59,478.0,4.1,467.0,4.0,638.0,5.5,324.0
2008-10-01,광주광역시,1168.0,9.7,538.0,4.5,673.0,5.6,630.0,5.2,316.0
2008-11-01,광주광역시,1063.0,9.12,510.0,4.4,692.0,5.9,553.0,4.7,63.0
2008-12-01,광주광역시,971.0,8.06,555.0,4.6,1003.0,8.3,416.0,3.5,-603.0
2009-01-01,광주광역시,1396.0,11.55,565.0,4.7,763.0,6.3,831.0,6.9,315.0
2009-02-01,광주광역시,1088.0,9.96,502.0,4.6,625.0,5.7,586.0,5.4,558.0
2009-03-01,광주광역시,1163.0,9.61,528.0,4.4,751.0,6.2,635.0,5.2,-614.0
2009-04-01,광주광역시,1111.0,9.48,483.0,4.1,665.0,5.7,628.0,5.4,85.0
2009-05-01,광주광역시,1097.0,9.06,521.0,4.3,755.0,6.2,576.0,4.8,457.0
2009-06-01,광주광역시,936.0,7.98,488.0,4.2,665.0,5.7,448.0,3.8,-25.0
2009-07-01,광주광역시,1019.0,8.4,439.0,3.6,568.0,4.7,580.0,4.8,656.0
2009-08-01,광주광역시,1063.0,8.76,539.0,4.4,584.0,4.8,524.0,4.3,723.0
2009-09-01,광주광역시,1143.0,9.72,478.0,4.1,510.0,4.3,665.0,5.7,959.0
2009-10-01,광주광역시,1134.0,9.32,542.0,4.5,569.0,4.7,592.0,4.9,7.0
2009-11-01,광주광역시,1047.0,8.89,524.0,4.4,692.0,5.9,523.0,4.4,205.0
2009-12-01,광주광역시,904.0,7.43,570.0,4.7,941.0,7.7,334.0,2.7,-218.0
2010-01-01,광주광역시,1296.0,10.64,538.0,4.4,749.0,6.1,758.0,6.2,707.0
2010-02-01,광주광역시,1083.0,9.83,513.0,4.7,582.0,5.3,570.0,5.2,447.0
2010-03-01,광주광역시,1236.0,10.13,530.0,4.3,799.0,6.5,706.0,5.8,-1030.0
2010-04-01,광주광역시,1163.0,9.85,498.0,4.2,717.0,6.1,665.0,5.6,-801.0
2010-05-01,광주광역시,1125.0,9.22,512.0,4.2,780.0,6.4,613.0,5.0,110.0
2010-06-01,광주광역시,1020.0,8.63,565.0,4.8,731.0,6.2,455.0,3.8,1127.0
2010-07-01,광주광역시,1118.0,9.14,520.0,4.3,655.0,5.4,598.0,4.9,814.0
2010-08-01,광주광역시,1131.0,9.24,535.0,4.4,681.0,5.6,596.0,4.9,872.0
2010-09-01,광주광역시,1283.0,10.82,533.0,4.5,519.0,4.4,750.0,6.3,675.0
2010-10-01,광주광역시,1293.0,10.55,638.0,5.2,585.0,4.8,655.0,5.3,840.0
2010-11-01,광주광역시,1207.0,10.17,556.0,4.7,770.0,6.5,651.0,5.5,566.0
2010-12-01,광주광역시,1024.0,8.35,594.0,4.8,998.0,8.1,430.0,3.5,-796.0
2011-01-01,광주광역시,1431.0,11.66,620.0,5.1,770.0,6.3,811.0,6.6,961.0
2011-02-01,광주광역시,1152.0,10.38,534.0,4.8,648.0,5.8,618.0,5.6,1262.0
2011-03-01,광주광역시,1313.0,10.67,561.0,4.6,774.0,6.3,752.0,6.1,-600.0
2011-04-01,광주광역시,1215.0,10.2,532.0,4.5,716.0,6.0,683.0,5.7,-198.0
2011-05-01,광주광역시,1110.0,9.02,543.0,4.4,838.0,6.8,567.0,4.6,170.0
2011-06-01,광주광역시,1100.0,9.23,496.0,4.2,726.0,6.1,604.0,5.1,-254.0
2011-07-01,광주광역시,1161.0,9.42,504.0,4.1,601.0,4.9,657.0,5.3,864.0
2011-08-01,광주광역시,1138.0,9.22,521.0,4.2,736.0,6.0,617.0,5.0,814.0
2011-09-01,광주광역시,1158.0,9.69,570.0,4.8,529.0,4.4,588.0,4.9,-84.0
2011-10-01,광주광역시,1131.0,9.16,584.0,4.7,710.0,5.7,547.0,4.4,38.0
2011-11-01,광주광역시,1087.0,9.09,520.0,4.3,869.0,7.3,567.0,4.7,-157.0
2011-12-01,광주광역시,920.0,7.45,608.0,4.9,1029.0,8.3,312.0,2.5,-1537.0
2012-01-01,광주광역시,1372.0,11.13,558.0,4.5,810.0,6.6,814.0,6.6,1199.0
2012-02-01,광주광역시,1325.0,11.48,676.0,5.9,721.0,6.2,649.0,5.6,591.0
2012-03-01,광주광역시,1286.0,10.42,636.0,5.2,751.0,6.1,650.0,5.3,-349.0
2012-04-01,광주광역시,1188.0,9.95,543.0,4.5,741.0,6.2,645.0,5.4,-779.0
2012-05-01,광주광역시,1120.0,9.08,542.0,4.4,684.0,5.5,578.0,4.7,-787.0
2012-06-01,광주광역시,1107.0,9.27,521.0,4.4,697.0,5.8,586.0,4.9,-653.0
2012-07-01,광주광역시,1194.0,9.67,518.0,4.2,604.0,4.9,676.0,5.5,65.0
2012-08-01,광주광역시,1215.0,9.84,579.0,4.7,672.0,5.4,636.0,5.1,227.0
2012-09-01,광주광역시,1264.0,10.57,545.0,4.6,489.0,4.1,719.0,6.0,142.0
2012-10-01,광주광역시,1262.0,10.21,577.0,4.7,658.0,5.3,685.0,5.5,85.0
2012-11-01,광주광역시,1093.0,9.13,560.0,4.7,766.0,6.4,533.0,4.5,425.0
2012-12-01,광주광역시,966.0,7.81,619.0,5.0,1003.0,8.1,347.0,2.8,-1991.0
2013-01-01,광주광역시,1303.0,10.51,631.0,5.1,870.0,7.0,672.0,5.4,291.0
2013-02-01,광주광역시,1049.0,9.36,622.0,5.5,596.0,5.3,427.0,3.8,197.0
2013-03-01,광주광역시,1151.0,9.27,652.0,5.3,669.0,5.4,499.0,4.0,-457.0
2013-04-01,광주광역시,1106.0,9.21,573.0,4.8,644.0,5.4,533.0,4.4,-98.0
2013-05-01,광주광역시,1055.0,8.5,562.0,4.5,895.0,7.2,493.0,4.0,-111.0
2013-06-01,광주광역시,1000.0,8.32,535.0,4.5,687.0,5.7,465.0,3.9,-397.0
2013-07-01,광주광역시,1001.0,8.06,511.0,4.1,739.0,5.9,490.0,3.9,-21.0
2013-08-01,광주광역시,1034.0,8.32,507.0,4.1,698.0,5.6,527.0,4.2,-64.0
2013-09-01,광주광역시,1088.0,9.04,509.0,4.2,508.0,4.2,579.0,4.8,-134.0
2013-10-01,광주광역시,1011.0,8.13,604.0,4.9,738.0,5.9,407.0,3.3,-221.0
2013-11-01,광주광역시,984.0,8.17,593.0,4.9,796.0,6.6,391.0,3.2,-277.0
2013-12-01,광주광역시,947.0,7.62,592.0,4.8,980.0,7.9,355.0,2.9,-1300.0
2014-01-01,광주광역시,1284.0,10.33,582.0,4.7,762.0,6.1,702.0,5.6,73.0
2014-02-01,광주광역시,1050.0,9.35,568.0,5.1,723.0,6.4,482.0,4.3,-675.0
2014-03-01,광주광역시,1114.0,8.96,574.0,4.6,641.0,5.2,540.0,4.3,-1425.0
2014-04-01,광주광역시,1111.0,9.24,564.0,4.7,653.0,5.4,547.0,4.5,-1202.0
2014-05-01,광주광역시,1007.0,8.1,594.0,4.8,708.0,5.7,413.0,3.3,1358.0
2014-06-01,광주광역시,984.0,8.17,538.0,4.5,682.0,5.7,446.0,3.7,382.0
2014-07-01,광주광역시,1041.0,8.36,569.0,4.6,680.0,5.5,472.0,3.8,649.0
2014-08-01,광주광역시,1084.0,8.7,551.0,4.4,624.0,5.0,533.0,4.3,339.0
2014-09-01,광주광역시,1105.0,9.16,556.0,4.6,503.0,4.2,549.0,4.6,455.0
2014-10-01,광주광역시,1085.0,8.7,629.0,5.0,723.0,5.8,456.0,3.7,-275.0
2014-11-01,광주광역시,916.0,7.59,602.0,5.0,633.0,5.2,314.0,2.6,98.0
2014-12-01,광주광역시,948.0,7.6,608.0,4.9,881.0,7.1,340.0,2.7,-2754.0
2015-01-01,광주광역시,1230.0,9.87,657.0,5.3,777.0,6.2,573.0,4.6,492.0
2015-02-01,광주광역시,1042.0,9.25,667.0,5.9,587.0,5.2,375.0,3.3,-79.0
2015-03-01,광주광역시,1136.0,9.11,722.0,5.8,759.0,6.1,414.0,3.3,-266.0
2015-04-01,광주광역시,1057.0,8.76,620.0,5.1,696.0,5.8,437.0,3.6,-379.0
2015-05-01,광주광역시,1028.0,8.24,593.0,4.8,744.0,6.0,435.0,3.5,-900.0
2015-06-01,광주광역시,959.0,7.95,546.0,4.5,662.0,5.5,413.0,3.4,-700.0
2015-07-01,광주광역시,1033.0,8.29,581.0,4.7,568.0,4.6,452.0,3.6,-703.0
2015-08-01,광주광역시,1004.0,8.06,592.0,4.8,559.0,4.5,412.0,3.3,-1037.0
2015-09-01,광주광역시,1086.0,9.01,581.0,4.8,441.0,3.7,505.0,4.2,-1008.0
2015-10-01,광주광역시,1044.0,8.38,642.0,5.2,634.0,5.1,402.0,3.2,-1535.0
2015-11-01,광주광역시,962.0,7.98,617.0,5.1,645.0,5.4,345.0,2.9,-79.0
2015-12-01,광주광역시,860.0,6.91,625.0,5.0,873.0,7.0,235.0,1.9,-3078.0
2016-01-01,광주광역시,1201.0,9.69,636.0,5.1,633.0,5.1,565.0,4.6,153.0
2016-02-01,광주광역시,989.0,8.53,668.0,5.8,623.0,5.4,321.0,2.8,-1062.0
2016-03-01,광주광역시,1063.0,8.58,652.0,5.3,680.0,5.5,411.0,3.3,-973.0
2016-04-01,광주광역시,1025.0,8.55,603.0,5.0,606.0,5.1,422.0,3.5,-239.0
2016-05-01,광주광역시,975.0,7.87,558.0,4.5,665.0,5.4,417.0,3.4,17.0
2016-06-01,광주광역시,892.0,7.44,548.0,4.6,691.0,5.8,344.0,2.9,-410.0
2016-07-01,광주광역시,952.0,7.68,593.0,4.8,590.0,4.8,359.0,2.9,-198.0
2016-08-01,광주광역시,933.0,7.53,552.0,4.5,624.0,5.0,381.0,3.1,-493.0
2016-09-01,광주광역시,951.0,7.93,573.0,4.8,426.0,3.6,378.0,3.2,-464.0
2016-10-01,광주광역시,936.0,7.55,587.0,4.7,542.0,4.4,349.0,2.8,-870.0
2016-11-01,광주광역시,864.0,7.21,631.0,5.3,615.0,5.1,233.0,1.9,-875.0
2016-12-01,광주광역시,799.0,6.46,646.0,5.2,773.0,6.2,153.0,1.2,-2484.0
2017-01-01,광주광역시,1023.0,8.25,691.0,5.6,649.0,5.2,332.0,2.7,126.0
2017-02-01,광주광역시,864.0,7.71,608.0,5.4,608.0,5.4,256.0,2.3,-1299.0
2017-03-01,광주광역시,959.0,7.74,624.0,5.0,643.0,5.2,335.0,2.7,-1075.0
2017-04-01,광주광역시,854.0,7.13,607.0,5.1,553.0,4.6,247.0,2.1,-1012.0
2017-05-01,광주광역시,851.0,6.87,661.0,5.3,741.0,6.0,190.0,1.5,-510.0
2017-06-01,광주광역시,844.0,7.05,584.0,4.9,616.0,5.1,260.0,2.2,-433.0
2017-07-01,광주광역시,832.0,6.72,581.0,4.7,513.0,4.1,251.0,2.0,-316.0
2017-08-01,광주광역시,763.0,6.16,603.0,4.9,527.0,4.3,160.0,1.3,25.0
2017-09-01,광주광역시,816.0,6.81,660.0,5.5,467.0,3.9,156.0,1.3,-167.0
2017-10-01,광주광역시,836.0,6.75,610.0,4.9,457.0,3.7,226.0,1.8,-164.0
2017-11-01,광주광역시,745.0,6.22,642.0,5.4,644.0,5.4,103.0,0.9,-624.0
2017-12-01,광주광역시,733.0,5.93,689.0,5.6,723.0,5.8,44.0,0.4,-2669.0
2018-01-01,광주광역시,901.0,7.3,784.0,6.3,614.0,5.0,117.0,0.9,139.0
2018-02-01,광주광역시,770.0,6.9,638.0,5.7,533.0,4.8,132.0,1.2,-978.0
2018-03-01,광주광역시,869.0,7.0,675.0,5.5,544.0,4.4,194.0,1.6,-1287.0
2018-04-01,광주광역시,808.0,6.8,680.0,5.7,570.0,4.8,128.0,1.1,-1237.0
2018-05-01,광주광역시,801.0,6.5,564.0,4.6,655.0,5.3,237.0,1.9,-689.0
2018-06-01,광주광역시,732.0,6.1,563.0,4.7,528.0,4.4,169.0,1.4,-35.0
2018-07-01,광주광역시,717.0,5.8,631.0,5.1,522.0,4.2,86.0,0.7,309.0
2018-08-01,광주광역시,794.0,6.4,624.0,5.1,550.0,4.5,170.0,1.4,33.0
2018-09-01,광주광역시,741.0,6.2,595.0,5.0,371.0,3.1,146.0,1.2,185.0
2018-10-01,광주광역시,709.0,5.7,700.0,5.7,535.0,4.3,9.0,0.1,-12.0
2018-11-01,광주광역시,652.0,5.5,634.0,5.3,575.0,4.8,18.0,0.2,-916.0
2018-12-01,광주광역시,611.0,5.0,693.0,5.6,635.0,5.2,-82.0,-0.7,-1728.0
2019-01-01,광주광역시,777.0,6.3,717.0,5.8,583.0,4.7,60.0,0.5,502.0
2019-02-01,광주광역시,704.0,6.3,622.0,5.6,461.0,4.1,82.0,0.7,-708.0
2019-03-01,광주광역시,715.0,5.8,621.0,5.0,485.0,3.9,94.0,0.8,-397.0
2019-04-01,광주광역시,723.0,6.1,569.0,4.8,533.0,4.5,154.0,1.3,-141.0
2019-05-01,광주광역시,707.0,5.7,619.0,5.0,635.0,5.2,88.0,0.7,-107.0
2019-06-01,광주광역시,686.0,5.8,640.0,5.4,443.0,3.7,46.0,0.4,-60.0
2019-07-01,광주광역시,724.0,5.9,578.0,4.7,535.0,4.3,146.0,1.2,330.0
2019-08-01,광주광역시,687.0,5.6,594.0,4.8,514.0,4.2,93.0,0.8,-168.0
2019-09-01,광주광역시,672.0,5.6,588.0,4.9,407.0,3.4,84.0,0.7,78.0
2019-10-01,광주광역시,733.0,6.0,701.0,5.7,551.0,4.5,32.0,0.3,-330.0
2019-11-01,광주광역시,668.0,5.6,656.0,5.5,521.0,4.4,12.0,0.1,-493.0
2019-12-01,광주광역시,568.0,4.6,730.0,5.9,629.0,5.1,-162.0,-1.3,-2381.0
2020-01-01,광주광역시,694.0,5.7,684.0,5.6,529.0,4.3,10.0,0.1,220.0
2020-02-01,광주광역시,610.0,5.3,619.0,5.4,502.0,4.4,-9.0,-0.1,-511.0
2020-03-01,광주광역시,662.0,5.4,682.0,5.6,522.0,4.3,-20.0,-0.2,-447.0
2020-04-01,광주광역시,613.0,5.2,616.0,5.2,391.0,3.3,-3.0,0.0,388.0
2020-05-01,광주광역시,603.0,4.9,615.0,5.0,500.0,4.1,-12.0,-0.1,-517.0
2020-06-01,광주광역시,583.0,4.9,604.0,5.1,470.0,4.0,-21.0,-0.2,-454.0
2020-07-01,광주광역시,607.0,5.0,604.0,4.9,404.0,3.3,3.0,0.0,-361.0
2020-08-01,광주광역시,603.0,4.9,670.0,5.5,405.0,3.3,-67.0,-0.5,-603.0
2020-09-01,광주광역시,638.0,5.4,604.0,5.1,388.0,3.3,34.0,0.3,-238.0
2020-10-01,광주광역시,601.0,4.9,721.0,5.9,376.0,3.1,-120.0,-1.0,-836.0
2020-11-01,광주광역시,540.0,4.6,672.0,5.7,474.0,4.0,-132.0,-1.1,-888.0
2020-12-01,광주광역시,564.0,4.6,694.0,5.7,599.0,4.9,-130.0,-1.1,-1836.0
2021-01-01,광주광역시,734.0,6.0,676.0,5.5,390.0,3.2,58.0,0.5,-974.0
2021-02-01,광주광역시,677.0,6.1,602.0,5.5,390.0,3.5,75.0,0.7,-1174.0
2021-03-01,광주광역시,689.0,5.6,698.0,5.7,470.0,3.8,-9.0,-0.1,-1146.0
2021-04-01,광주광역시,664.0,5.6,627.0,5.3,401.0,3.4,37.0,0.3,-743.0
2021-05-01,광주광역시,682.0,5.6,617.0,5.0,422.0,3.5,65.0,0.5,-580.0
2021-06-01,광주광역시,683.0,5.8,625.0,5.3,414.0,3.5,58.0,0.5,-361.0
2021-07-01,광주광역시,710.0,5.8,683.0,5.6,375.0,3.1,27.0,0.2,-226.0
2021-08-01,광주광역시,671.0,5.5,654.0,5.4,427.0,3.5,17.0,0.1,-572.0
2021-09-01,광주광역시,707.0,6.0,645.0,5.5,350.0,3.0,62.0,0.5,744.0
2021-10-01,광주광역시,604.0,4.9,722.0,5.9,341.0,2.8,-118.0,-1.0,-324.0
2021-11-01,광주광역시,661.0,5.6,701.0,5.9,442.0,3.7,-40.0,-0.3,-181.0
2021-12-01,광주광역시,474.0,3.9,742.0,6.1,479.0,3.9,-268.0,-2.2,-346.0
2022-01-01,광주광역시,737.0,6.0,753.0,6.2,368.0,3.0,-16.0,-0.1,78.0
2022-02-01,광주광역시,646.0,5.9,759.0,6.9,431.0,3.9,-113.0,-1.0,-1488.0
2022-03-01,광주광역시,654.0,5.4,1156.0,9.5,375.0,3.1,-502.0,-4.1,-1257.0
2022-04-01,광주광역시,628.0,5.3,909.0,7.7,412.0,3.5,-281.0,-2.4,-1142.0
2022-05-01,광주광역시,613.0,5.0,708.0,5.8,426.0,3.5,-95.0,-0.8,-797.0
2022-06-01,광주광역시,560.0,4.8,636.0,5.4,413.0,3.5,-77.0,-0.7,-602.0
2000-01-01,대구광역시,3057.0,14.39,1117.0,5.3,1577.0,7.4,1940.0,9.1,1156.0
2000-02-01,대구광역시,2698.0,13.56,983.0,4.9,1439.0,7.2,1715.0,8.6,1334.0
2000-03-01,대구광역시,3057.0,14.36,1024.0,4.8,1491.0,7.0,2033.0,9.6,-729.0
2000-04-01,대구광역시,2753.0,13.36,946.0,4.6,1219.0,5.9,1807.0,8.8,-350.0
2000-05-01,대구광역시,2785.0,13.06,939.0,4.4,1802.0,8.5,1846.0,8.7,-602.0
2000-06-01,대구광역시,2321.0,11.25,841.0,4.1,1422.0,6.9,1480.0,7.2,-1077.0
2000-07-01,대구광역시,2441.0,11.44,893.0,4.2,1011.0,4.7,1548.0,7.3,-11.0
2000-08-01,대구광역시,2611.0,12.23,891.0,4.2,884.0,4.1,1720.0,8.1,628.0
2000-09-01,대구광역시,2584.0,12.5,956.0,4.6,620.0,3.0,1628.0,7.9,-10.0
2000-10-01,대구광역시,2814.0,13.17,1004.0,4.7,1249.0,5.8,1810.0,8.5,-1269.0
2000-11-01,대구광역시,2693.0,13.02,919.0,4.4,1599.0,7.7,1774.0,8.6,-890.0
2000-12-01,대구광역시,2663.0,12.46,978.0,4.6,1811.0,8.5,1685.0,7.9,-1532.0
2001-01-01,대구광역시,2849.0,13.28,1057.0,4.9,1482.0,6.9,1792.0,8.4,254.0
2001-02-01,대구광역시,2385.0,12.3,903.0,4.7,1303.0,6.7,1482.0,7.6,428.0
2001-03-01,대구광역시,2760.0,12.85,1008.0,4.7,1176.0,5.5,1752.0,8.2,-1540.0
2001-04-01,대구광역시,2413.0,11.61,981.0,4.7,1318.0,6.3,1432.0,6.9,-1378.0
2001-05-01,대구광역시,2387.0,11.11,905.0,4.2,1666.0,7.8,1482.0,6.9,-1058.0
2001-06-01,대구광역시,2094.0,10.07,894.0,4.3,1257.0,6.0,1200.0,5.8,-1576.0
2001-07-01,대구광역시,2151.0,10.01,913.0,4.2,953.0,4.4,1238.0,5.8,-585.0
2001-08-01,대구광역시,2248.0,10.46,909.0,4.2,936.0,4.4,1339.0,6.2,-938.0
2001-09-01,대구광역시,2299.0,11.06,913.0,4.4,696.0,3.3,1386.0,6.7,-796.0
2001-10-01,대구광역시,2259.0,10.52,912.0,4.2,885.0,4.1,1347.0,6.3,-445.0
2001-11-01,대구광역시,2173.0,10.45,990.0,4.8,1357.0,6.5,1183.0,5.7,-1569.0
2001-12-01,대구광역시,2093.0,9.75,1026.0,4.8,1804.0,8.4,1067.0,5.0,-5030.0
2002-01-01,대구광역시,2361.0,11.0,985.0,4.6,1432.0,6.7,1376.0,6.4,747.0
2002-02-01,대구광역시,2101.0,10.83,881.0,4.5,1053.0,5.4,1220.0,6.3,968.0
2002-03-01,대구광역시,2337.0,10.88,963.0,4.5,1233.0,5.7,1374.0,6.4,-2083.0
2002-04-01,대구광역시,2122.0,10.21,975.0,4.7,1104.0,5.3,1147.0,5.5,-1238.0
2002-05-01,대구광역시,2069.0,9.64,918.0,4.3,1503.0,7.0,1151.0,5.4,-1968.0
2002-06-01,대구광역시,1779.0,8.57,841.0,4.0,1076.0,5.2,938.0,4.5,-163.0
2002-07-01,대구광역시,2021.0,9.41,900.0,4.2,972.0,4.5,1121.0,5.2,-95.0
2002-08-01,대구광역시,1950.0,9.08,945.0,4.4,894.0,4.2,1005.0,4.7,183.0
2002-09-01,대구광역시,1914.0,9.21,888.0,4.3,648.0,3.1,1026.0,4.9,-551.0
2002-10-01,대구광역시,1946.0,9.06,1000.0,4.7,927.0,4.3,946.0,4.4,-64.0
2002-11-01,대구광역시,1882.0,9.05,1004.0,4.8,1316.0,6.3,878.0,4.2,-388.0
2002-12-01,대구광역시,1778.0,8.28,1151.0,5.4,1583.0,7.4,627.0,2.9,-4989.0
2003-01-01,대구광역시,2155.0,10.04,1074.0,5.0,1276.0,5.9,1081.0,5.0,3568.0
2003-02-01,대구광역시,2074.0,10.68,1035.0,5.3,1093.0,5.6,1039.0,5.4,1707.0
2003-03-01,대구광역시,2294.0,10.67,988.0,4.6,1191.0,5.5,1306.0,6.1,-1715.0
2003-04-01,대구광역시,2158.0,10.37,877.0,4.2,1102.0,5.3,1281.0,6.2,-1485.0
2003-05-01,대구광역시,2051.0,9.54,932.0,4.3,1431.0,6.7,1119.0,5.2,-1612.0
2003-06-01,대구광역시,1778.0,8.55,853.0,4.1,1176.0,5.7,925.0,4.4,-1904.0
2003-07-01,대구광역시,1851.0,8.62,926.0,4.3,1026.0,4.8,925.0,4.3,40.0
2003-08-01,대구광역시,1925.0,8.96,886.0,4.1,893.0,4.2,1039.0,4.8,449.0
2003-09-01,대구광역시,2114.0,10.16,978.0,4.7,677.0,3.3,1136.0,5.5,1087.0
2003-10-01,대구광역시,2209.0,10.28,1082.0,5.0,1168.0,5.4,1127.0,5.2,-417.0
2003-11-01,대구광역시,2018.0,9.7,1037.0,5.0,1280.0,6.2,981.0,4.7,-556.0
2003-12-01,대구광역시,1886.0,8.78,1003.0,4.7,1715.0,8.0,883.0,4.1,-2218.0
2004-01-01,대구광역시,2177.0,10.15,995.0,4.6,1279.0,6.0,1182.0,5.5,2760.0
2004-02-01,대구광역시,2013.0,10.02,1008.0,5.0,1201.0,6.0,1005.0,5.0,795.0
2004-03-01,대구광역시,2311.0,10.77,1099.0,5.1,1118.0,5.2,1212.0,5.6,-1921.0
2004-04-01,대구광역시,1992.0,9.59,980.0,4.7,932.0,4.5,1012.0,4.9,-1355.0
2004-05-01,대구광역시,1918.0,8.94,975.0,4.5,1250.0,5.8,943.0,4.4,-1147.0
2004-06-01,대구광역시,1665.0,8.02,910.0,4.4,1265.0,6.1,755.0,3.6,-546.0
2004-07-01,대구광역시,1828.0,8.52,979.0,4.6,930.0,4.3,849.0,4.0,-1331.0
2004-08-01,대구광역시,1952.0,9.1,956.0,4.5,935.0,4.4,996.0,4.6,-1370.0
2004-09-01,대구광역시,1880.0,9.06,950.0,4.6,673.0,3.2,930.0,4.5,-1347.0
2004-10-01,대구광역시,2033.0,9.49,983.0,4.6,951.0,4.4,1050.0,4.9,-1879.0
2004-11-01,대구광역시,1832.0,8.84,992.0,4.8,1335.0,6.4,840.0,4.1,-2383.0
2004-12-01,대구광역시,1658.0,7.75,1021.0,4.8,1923.0,9.0,637.0,3.0,-3603.0
2005-01-01,대구광역시,1857.0,8.66,1068.0,5.0,1116.0,5.2,789.0,3.7,-317.0
2005-02-01,대구광역시,1697.0,8.76,917.0,4.7,963.0,5.0,780.0,4.0,-890.0
2005-03-01,대구광역시,2000.0,9.32,1020.0,4.8,1180.0,5.5,980.0,4.6,-2740.0
2005-04-01,대구광역시,1813.0,8.74,1018.0,4.9,928.0,4.5,795.0,3.8,-2717.0
2005-05-01,대구광역시,1695.0,7.91,991.0,4.6,1208.0,5.6,704.0,3.3,-2620.0
2005-06-01,대구광역시,1577.0,7.61,844.0,4.1,1140.0,5.5,733.0,3.5,-2306.0
2005-07-01,대구광역시,1660.0,7.75,884.0,4.1,893.0,4.2,776.0,3.6,-1168.0
2005-08-01,대구광역시,1726.0,8.06,948.0,4.4,973.0,4.5,778.0,3.6,-1896.0
2005-09-01,대구광역시,1782.0,8.61,900.0,4.3,728.0,3.5,882.0,4.3,-1703.0
2005-10-01,대구광역시,1765.0,8.25,968.0,4.5,967.0,4.5,797.0,3.7,-2244.0
2005-11-01,대구광역시,1684.0,8.15,933.0,4.5,1306.0,6.3,751.0,3.6,-2382.0
2005-12-01,대구광역시,1548.0,7.25,1016.0,4.8,1750.0,8.2,532.0,2.5,-3967.0
2006-01-01,대구광역시,1832.0,8.59,1045.0,4.9,1199.0,5.6,787.0,3.7,-2168.0
2006-02-01,대구광역시,1650.0,8.57,891.0,4.6,942.0,4.9,759.0,3.9,-3392.0
2006-03-01,대구광역시,1947.0,9.15,981.0,4.6,1178.0,5.5,966.0,4.5,-4269.0
2006-04-01,대구광역시,1717.0,8.34,969.0,4.7,1012.0,4.9,748.0,3.6,-2895.0
2006-05-01,대구광역시,1697.0,7.99,1004.0,4.7,1300.0,6.1,693.0,3.3,-2471.0
2006-06-01,대구광역시,1576.0,7.67,862.0,4.2,1204.0,5.9,714.0,3.5,-825.0
2006-07-01,대구광역시,1547.0,7.28,904.0,4.3,875.0,4.1,643.0,3.0,-712.0
2006-08-01,대구광역시,1726.0,8.13,939.0,4.4,1069.0,5.0,787.0,3.7,-639.0
2006-09-01,대구광역시,1769.0,8.61,934.0,4.5,756.0,3.7,835.0,4.1,-529.0
2006-10-01,대구광역시,1756.0,8.27,857.0,4.0,922.0,4.3,899.0,4.2,-1664.0
2006-11-01,대구광역시,1658.0,8.07,1002.0,4.9,1452.0,7.1,656.0,3.2,-2178.0
2006-12-01,대구광역시,1485.0,7.0,971.0,4.6,1983.0,9.3,514.0,2.4,-3917.0
2007-01-01,대구광역시,1866.0,8.8,1137.0,5.4,1497.0,7.1,729.0,3.4,-377.0
2007-02-01,대구광역시,1780.0,9.29,899.0,4.7,1322.0,6.9,881.0,4.6,-272.0
2007-03-01,대구광역시,1941.0,9.15,926.0,4.4,1209.0,5.7,1015.0,4.8,-2287.0
2007-04-01,대구광역시,1810.0,8.82,912.0,4.4,1041.0,5.1,898.0,4.4,-1601.0
2007-05-01,대구광역시,1817.0,8.57,934.0,4.4,1356.0,6.4,883.0,4.2,-1023.0
2007-06-01,대구광역시,1700.0,8.29,825.0,4.0,1162.0,5.7,875.0,4.3,-1195.0
2007-07-01,대구광역시,1728.0,8.15,853.0,4.0,983.0,4.6,875.0,4.1,-982.0
2007-08-01,대구광역시,2047.0,9.65,922.0,4.3,1121.0,5.3,1125.0,5.3,-1119.0
2007-09-01,대구광역시,2031.0,9.89,912.0,4.4,686.0,3.3,1119.0,5.5,-893.0
2007-10-01,대구광역시,1995.0,9.41,977.0,4.6,1177.0,5.6,1018.0,4.8,-2686.0
2007-11-01,대구광역시,1876.0,9.15,984.0,4.8,1353.0,6.6,892.0,4.4,-1658.0
2007-12-01,대구광역시,1704.0,8.05,1001.0,4.7,1748.0,8.3,703.0,3.3,-2452.0
2008-01-01,대구광역시,2075.0,9.82,1042.0,4.9,1215.0,5.8,1033.0,4.9,-24.0
2008-02-01,대구광역시,1765.0,8.93,1022.0,5.2,1118.0,5.7,743.0,3.8,-246.0
2008-03-01,대구광역시,1804.0,8.54,1067.0,5.1,1257.0,6.0,737.0,3.5,-2881.0
2008-04-01,대구광역시,1799.0,8.8,1000.0,4.9,1008.0,4.9,799.0,3.9,-1136.0
2008-05-01,대구광역시,1657.0,7.85,967.0,4.6,1229.0,5.8,690.0,3.3,-973.0
2008-06-01,대구광역시,1563.0,7.65,846.0,4.1,1116.0,5.5,717.0,3.5,-1269.0
2008-07-01,대구광역시,1682.0,7.97,884.0,4.2,1126.0,5.3,798.0,3.8,-977.0
2008-08-01,대구광역시,1628.0,7.71,879.0,4.2,963.0,4.6,749.0,3.5,-645.0
2008-09-01,대구광역시,1718.0,8.41,876.0,4.3,799.0,3.9,842.0,4.1,-583.0
2008-10-01,대구광역시,1794.0,8.49,985.0,4.7,1050.0,5.0,809.0,3.8,-1125.0
2008-11-01,대구광역시,1560.0,7.63,983.0,4.8,1150.0,5.6,577.0,2.8,-534.0
2008-12-01,대구광역시,1517.0,7.18,1054.0,5.0,1712.0,8.1,463.0,2.2,-2345.0
2009-01-01,대구광역시,1882.0,8.89,1088.0,5.1,1280.0,6.0,794.0,3.8,216.0
2009-02-01,대구광역시,1571.0,8.21,968.0,5.1,1037.0,5.4,603.0,3.2,111.0
2009-03-01,대구광역시,1697.0,8.01,963.0,4.5,1059.0,5.0,734.0,3.5,-1673.0
2009-04-01,대구광역시,1668.0,8.14,934.0,4.6,1001.0,4.9,734.0,3.6,-1284.0
2009-05-01,대구광역시,1537.0,7.26,1070.0,5.1,1208.0,5.7,467.0,2.2,-1602.0
2009-06-01,대구광역시,1545.0,7.54,954.0,4.7,1084.0,5.3,591.0,2.9,-1101.0
2009-07-01,대구광역시,1597.0,7.55,921.0,4.4,930.0,4.4,676.0,3.2,-1020.0
2009-08-01,대구광역시,1570.0,7.42,919.0,4.3,996.0,4.7,651.0,3.1,-776.0
2009-09-01,대구광역시,1693.0,8.27,862.0,4.2,754.0,3.7,831.0,4.1,-588.0
2009-10-01,대구광역시,1700.0,8.03,965.0,4.6,867.0,4.1,735.0,3.5,-659.0
2009-11-01,대구광역시,1522.0,7.43,1039.0,5.1,1113.0,5.4,483.0,2.4,-1121.0
2009-12-01,대구광역시,1417.0,6.7,1058.0,5.0,1515.0,7.2,359.0,1.7,-3165.0
2010-01-01,대구광역시,1795.0,8.49,1063.0,5.0,1192.0,5.6,732.0,3.5,-92.0
2010-02-01,대구광역시,1606.0,8.4,884.0,4.6,1044.0,5.5,722.0,3.8,-663.0
2010-03-01,대구광역시,1819.0,8.6,1019.0,4.8,1151.0,5.4,800.0,3.8,-2621.0
2010-04-01,대구광역시,1632.0,7.97,1002.0,4.9,1015.0,5.0,630.0,3.1,-2013.0
2010-05-01,대구광역시,1763.0,8.34,993.0,4.7,1197.0,5.7,770.0,3.6,-1483.0
2010-06-01,대구광역시,1557.0,7.61,926.0,4.5,1159.0,5.7,631.0,3.1,158.0
2010-07-01,대구광역시,1681.0,7.95,981.0,4.6,925.0,4.4,700.0,3.3,-774.0
2010-08-01,대구광역시,1674.0,7.91,988.0,4.7,1128.0,5.3,686.0,3.2,-656.0
2010-09-01,대구광역시,1849.0,9.03,959.0,4.7,801.0,3.9,890.0,4.3,-262.0
2010-10-01,대구광역시,1954.0,9.24,1092.0,5.2,1004.0,4.7,862.0,4.1,-766.0
2010-11-01,대구광역시,1779.0,8.7,1078.0,5.3,1285.0,6.3,701.0,3.4,-1000.0
2010-12-01,대구광역시,1448.0,6.85,1069.0,5.1,1578.0,7.5,379.0,1.8,-1668.0
2011-01-01,대구광역시,2058.0,9.74,1201.0,5.7,1181.0,5.6,857.0,4.1,-289.0
2011-02-01,대구광역시,1704.0,8.93,1016.0,5.3,1009.0,5.3,688.0,3.6,-510.0
2011-03-01,대구광역시,1878.0,8.89,1094.0,5.2,1131.0,5.4,784.0,3.7,-1815.0
2011-04-01,대구광역시,1839.0,9.0,1025.0,5.0,1046.0,5.1,814.0,4.0,-1278.0
2011-05-01,대구광역시,1665.0,7.88,1051.0,5.0,1258.0,6.0,614.0,2.9,-807.0
2011-06-01,대구광역시,1561.0,7.64,981.0,4.8,1226.0,6.0,580.0,2.8,-901.0
2011-07-01,대구광역시,1626.0,7.7,951.0,4.5,984.0,4.7,675.0,3.2,-843.0
2011-08-01,대구광역시,1733.0,8.2,977.0,4.6,1185.0,5.6,756.0,3.6,-576.0
2011-09-01,대구광역시,1785.0,8.73,934.0,4.6,801.0,3.9,851.0,4.2,-1253.0
2011-10-01,대구광역시,1721.0,8.15,1030.0,4.9,1051.0,5.0,691.0,3.3,-1117.0
2011-11-01,대구광역시,1672.0,8.18,1020.0,5.0,1309.0,6.4,652.0,3.2,-1112.0
2011-12-01,대구광역시,1516.0,7.18,1075.0,5.1,1632.0,7.7,441.0,2.1,-2246.0
2012-01-01,대구광역시,1922.0,9.13,1083.0,5.1,1409.0,6.7,839.0,4.0,577.0
2012-02-01,대구광역시,1810.0,9.19,1159.0,5.9,1140.0,5.8,651.0,3.3,-499.0
2012-03-01,대구광역시,1873.0,8.9,1166.0,5.5,1104.0,5.2,707.0,3.4,-1539.0
2012-04-01,대구광역시,1874.0,9.2,1041.0,5.1,1160.0,5.7,833.0,4.1,-1069.0
2012-05-01,대구광역시,1753.0,8.33,1012.0,4.8,1167.0,5.5,741.0,3.5,-1029.0
2012-06-01,대구광역시,1754.0,8.61,921.0,4.5,1072.0,5.3,833.0,4.1,-763.0
2012-07-01,대구광역시,1755.0,8.34,992.0,4.7,976.0,4.6,763.0,3.6,-729.0
2012-08-01,대구광역시,1871.0,8.89,942.0,4.5,1093.0,5.2,929.0,4.4,-206.0
2012-09-01,대구광역시,1860.0,9.13,943.0,4.6,710.0,3.5,917.0,4.5,-779.0
2012-10-01,대구광역시,1856.0,8.81,1001.0,4.8,1091.0,5.2,855.0,4.1,-1127.0
2012-11-01,대구광역시,1731.0,8.49,1021.0,5.0,1233.0,6.1,710.0,3.5,-428.0
2012-12-01,대구광역시,1413.0,6.71,1071.0,5.1,1487.0,7.1,342.0,1.6,-2973.0
2013-01-01,대구광역시,1971.0,9.34,1160.0,5.5,1308.0,6.2,811.0,3.8,-1324.0
2013-02-01,대구광역시,1664.0,8.73,1077.0,5.7,1062.0,5.6,587.0,3.1,-959.0
2013-03-01,대구광역시,1679.0,7.96,1167.0,5.5,936.0,4.4,512.0,2.4,-805.0
2013-04-01,대구광역시,1694.0,8.3,1014.0,5.0,939.0,4.6,680.0,3.3,-323.0
2013-05-01,대구광역시,1611.0,7.64,970.0,4.6,1303.0,6.2,641.0,3.0,-511.0
2013-06-01,대구광역시,1425.0,6.98,941.0,4.6,1123.0,5.5,484.0,2.4,-1879.0
2013-07-01,대구광역시,1652.0,7.83,947.0,4.5,1270.0,6.0,705.0,3.3,-744.0
2013-08-01,대구광역시,1590.0,7.54,1054.0,5.0,1016.0,4.8,536.0,2.5,-891.0
2013-09-01,대구광역시,1593.0,7.8,972.0,4.8,763.0,3.7,621.0,3.0,-344.0
2013-10-01,대구광역시,1677.0,7.95,1036.0,4.9,1121.0,5.3,641.0,3.0,-743.0
2013-11-01,대구광역시,1387.0,6.79,1044.0,5.1,1221.0,6.0,343.0,1.7,-753.0
2013-12-01,대구광역시,1397.0,6.63,1149.0,5.4,1539.0,7.3,248.0,1.2,-2075.0
2014-01-01,대구광역시,1805.0,8.56,1135.0,5.4,1188.0,5.6,670.0,3.2,-276.0
2014-02-01,대구광역시,1645.0,8.64,1094.0,5.7,1087.0,5.7,551.0,2.9,-1544.0
2014-03-01,대구광역시,1641.0,7.79,1219.0,5.8,1001.0,4.7,422.0,2.0,-450.0
2014-04-01,대구광역시,1655.0,8.12,997.0,4.9,961.0,4.7,658.0,3.2,-1597.0
2014-05-01,대구광역시,1628.0,7.73,1028.0,4.9,1110.0,5.3,600.0,2.8,-1917.0
2014-06-01,대구광역시,1571.0,7.71,976.0,4.8,1005.0,4.9,595.0,2.9,-819.0
2014-07-01,대구광역시,1645.0,7.81,976.0,4.6,980.0,4.7,669.0,3.2,-1400.0
2014-08-01,대구광역시,1520.0,7.22,1008.0,4.8,940.0,4.5,512.0,2.4,-1701.0
2014-09-01,대구광역시,1715.0,8.43,960.0,4.7,701.0,3.4,755.0,3.7,-6094.0
2014-10-01,대구광역시,1638.0,7.8,1062.0,5.1,1185.0,5.6,576.0,2.7,1019.0
2014-11-01,대구광역시,1452.0,7.14,1016.0,5.0,968.0,4.8,436.0,2.1,349.0
2014-12-01,대구광역시,1446.0,6.88,1171.0,5.6,1426.0,6.8,275.0,1.3,-1096.0
2015-01-01,대구광역시,1867.0,8.89,1189.0,5.7,1199.0,5.7,678.0,3.2,-1220.0
2015-02-01,대구광역시,1547.0,8.15,1102.0,5.8,890.0,4.7,445.0,2.3,-655.0
2015-03-01,대구광역시,1876.0,8.93,1238.0,5.9,1151.0,5.5,638.0,3.0,-1379.0
2015-04-01,대구광역시,1654.0,8.14,1143.0,5.6,939.0,4.6,511.0,2.5,-990.0
2015-05-01,대구광역시,1639.0,7.81,1117.0,5.3,1228.0,5.8,522.0,2.5,-398.0
2015-06-01,대구광역시,1533.0,7.55,994.0,4.9,1118.0,5.5,539.0,2.7,-1388.0
2015-07-01,대구광역시,1657.0,7.89,965.0,4.6,980.0,4.7,692.0,3.3,-968.0
2015-08-01,대구광역시,1566.0,7.46,1039.0,5.0,935.0,4.5,527.0,2.5,-894.0
2015-09-01,대구광역시,1615.0,7.95,1004.0,4.9,738.0,3.6,611.0,3.0,-696.0
2015-10-01,대구광역시,1543.0,7.35,1038.0,4.9,948.0,4.5,505.0,2.4,-1415.0
2015-11-01,대구광역시,1516.0,7.47,1112.0,5.5,1075.0,5.3,404.0,2.0,-949.0
2015-12-01,대구광역시,1425.0,6.8,1140.0,5.4,1344.0,6.4,285.0,1.4,-1988.0
2016-01-01,대구광역시,1799.0,8.6,1127.0,5.4,1064.0,5.1,672.0,3.2,-487.0
2016-02-01,대구광역시,1547.0,7.91,1094.0,5.6,984.0,5.0,453.0,2.3,-1788.0
2016-03-01,대구광역시,1673.0,8.01,1240.0,5.9,1055.0,5.0,433.0,2.1,-1014.0
2016-04-01,대구광역시,1600.0,7.92,1075.0,5.3,959.0,4.7,525.0,2.6,-933.0
2016-05-01,대구광역시,1571.0,7.52,1168.0,5.6,1106.0,5.3,403.0,1.9,-1191.0
2016-06-01,대구광역시,1493.0,7.39,1056.0,5.2,1077.0,5.3,437.0,2.2,-868.0
2016-07-01,대구광역시,1439.0,6.89,1058.0,5.1,899.0,4.3,381.0,1.8,-489.0
2016-08-01,대구광역시,1592.0,7.62,1065.0,5.1,1026.0,4.9,527.0,2.5,80.0
2016-09-01,대구광역시,1600.0,7.92,1068.0,5.3,682.0,3.4,532.0,2.6,-396.0
2016-10-01,대구광역시,1389.0,6.65,1173.0,5.6,974.0,4.7,216.0,1.0,-653.0
2016-11-01,대구광역시,1370.0,6.78,1121.0,5.5,1083.0,5.4,249.0,1.2,-264.0
2016-12-01,대구광역시,1225.0,5.87,1257.0,6.0,1307.0,6.3,-32.0,-0.2,-1257.0
2017-01-01,대구광역시,1542.0,7.37,1198.0,5.7,1140.0,5.4,344.0,1.6,-97.0
2017-02-01,대구광역시,1376.0,7.28,1029.0,5.4,987.0,5.2,347.0,1.8,-467.0
2017-03-01,대구광역시,1506.0,7.2,1229.0,5.9,916.0,4.4,277.0,1.3,-1178.0
2017-04-01,대구광역시,1348.0,6.66,1170.0,5.8,777.0,3.8,178.0,0.9,-637.0
2017-05-01,대구광역시,1427.0,6.82,1120.0,5.4,1179.0,5.6,307.0,1.5,-986.0
2017-06-01,대구광역시,1338.0,6.61,1063.0,5.3,963.0,4.8,275.0,1.4,-615.0
2017-07-01,대구광역시,1252.0,5.99,1062.0,5.1,811.0,3.9,190.0,0.9,-735.0
2017-08-01,대구광역시,1312.0,6.27,1078.0,5.2,853.0,4.1,234.0,1.1,-1878.0
2017-09-01,대구광역시,1274.0,6.3,1137.0,5.6,746.0,3.7,137.0,0.7,-1861.0
2017-10-01,대구광역시,1251.0,5.99,1145.0,5.5,783.0,3.8,106.0,0.5,-1193.0
2017-11-01,대구광역시,1210.0,5.99,1087.0,5.4,1066.0,5.3,123.0,0.6,-875.0
2017-12-01,대구광역시,1110.0,5.32,1311.0,6.3,1171.0,5.6,-201.0,-1.0,-1414.0
2018-01-01,대구광역시,1412.0,6.8,1595.0,7.6,1041.0,5.0,-183.0,-0.9,-664.0
2018-02-01,대구광역시,1245.0,6.6,1163.0,6.2,798.0,4.2,82.0,0.4,-843.0
2018-03-01,대구광역시,1332.0,6.4,1209.0,5.8,924.0,4.4,123.0,0.6,-1419.0
2018-04-01,대구광역시,1254.0,6.2,1104.0,5.5,862.0,4.3,150.0,0.7,-1159.0
2018-05-01,대구광역시,1267.0,6.1,1131.0,5.4,1130.0,5.4,136.0,0.7,-1436.0
2018-06-01,대구광역시,1188.0,5.9,1064.0,5.3,890.0,4.4,124.0,0.6,-451.0
2018-07-01,대구광역시,1175.0,5.6,1130.0,5.4,896.0,4.3,45.0,0.2,-944.0
2018-08-01,대구광역시,1196.0,5.7,1083.0,5.2,835.0,4.0,113.0,0.5,-1584.0
2018-09-01,대구광역시,1111.0,5.5,1063.0,5.3,575.0,2.9,48.0,0.2,-1007.0
2018-10-01,대구광역시,1151.0,5.5,1145.0,5.5,916.0,4.4,6.0,0.0,-1381.0
2018-11-01,대구광역시,1067.0,5.3,1113.0,5.5,958.0,4.8,-46.0,-0.2,-1196.0
2018-12-01,대구광역시,1002.0,4.8,1270.0,6.1,1142.0,5.5,-268.0,-1.3,-2158.0
2019-01-01,대구광역시,1253.0,6.0,1331.0,6.4,981.0,4.7,-78.0,-0.4,-1213.0
2019-02-01,대구광역시,1131.0,6.0,1093.0,5.8,774.0,4.1,38.0,0.2,-2266.0
2019-03-01,대구광역시,1224.0,5.9,1179.0,5.7,778.0,3.8,45.0,0.2,-2425.0
2019-04-01,대구광역시,1105.0,5.5,1087.0,5.4,806.0,4.0,18.0,0.1,-1724.0
2019-05-01,대구광역시,1100.0,5.3,1134.0,5.5,965.0,4.7,-34.0,-0.2,-1914.0
2019-06-01,대구광역시,1037.0,5.2,1157.0,5.8,737.0,3.7,-120.0,-0.6,-1780.0
2019-07-01,대구광역시,1063.0,5.1,1079.0,5.2,818.0,4.0,-16.0,-0.1,-1788.0
2019-08-01,대구광역시,1058.0,5.1,1084.0,5.3,751.0,3.6,-26.0,-0.1,-1925.0
2019-09-01,대구광역시,1070.0,5.4,1105.0,5.5,616.0,3.1,-35.0,-0.2,-1481.0
2019-10-01,대구광역시,1150.0,5.6,1097.0,5.3,779.0,3.8,53.0,0.3,-1764.0
2019-11-01,대구광역시,1100.0,5.5,1193.0,6.0,836.0,4.2,-93.0,-0.5,-1924.0
2019-12-01,대구광역시,942.0,4.6,1213.0,5.9,1039.0,5.1,-271.0,-1.3,-3469.0
2020-01-01,대구광역시,1098.0,5.4,1326.0,6.5,841.0,4.1,-228.0,-1.1,-1325.0
2020-02-01,대구광역시,973.0,5.1,1247.0,6.5,735.0,3.8,-274.0,-1.4,-3422.0
2020-03-01,대구광역시,981.0,4.8,1405.0,6.9,753.0,3.7,-424.0,-2.1,984.0
2020-04-01,대구광역시,992.0,5.0,1206.0,6.1,601.0,3.0,-214.0,-1.1,-1719.0
2020-05-01,대구광역시,943.0,4.6,1095.0,5.4,690.0,3.4,-152.0,-0.7,-2267.0
2020-06-01,대구광역시,946.0,4.8,1077.0,5.4,606.0,3.1,-131.0,-0.7,-967.0
2020-07-01,대구광역시,1005.0,4.9,1160.0,5.7,645.0,3.2,-155.0,-0.8,112.0
2020-08-01,대구광역시,905.0,4.4,1212.0,5.9,594.0,2.9,-307.0,-1.5,371.0
2020-09-01,대구광역시,957.0,4.8,1132.0,5.7,554.0,2.8,-175.0,-0.9,-1192.0
2020-10-01,대구광역시,901.0,4.4,1185.0,5.8,670.0,3.3,-284.0,-1.4,-2351.0
2020-11-01,대구광역시,771.0,3.9,1190.0,6.0,739.0,3.7,-419.0,-2.1,-1963.0
2020-12-01,대구광역시,721.0,3.5,1225.0,6.0,912.0,4.5,-504.0,-2.5,-3096.0
2021-01-01,대구광역시,1001.0,4.9,1289.0,6.3,673.0,3.3,-288.0,-1.4,-2139.0
2021-02-01,대구광역시,857.0,4.7,1032.0,5.6,603.0,3.3,-175.0,-1.0,-2502.0
2021-03-01,대구광역시,942.0,4.6,1241.0,6.1,676.0,3.3,-299.0,-1.5,-2877.0
2021-04-01,대구광역시,906.0,4.6,1206.0,6.1,610.0,3.1,-300.0,-1.5,-2291.0
2021-05-01,대구광역시,944.0,4.7,1115.0,5.5,610.0,3.0,-171.0,-0.8,-2391.0
2021-06-01,대구광역시,880.0,4.5,1092.0,5.6,644.0,3.3,-212.0,-1.1,-2154.0
2021-07-01,대구광역시,921.0,4.5,1184.0,5.8,543.0,2.7,-263.0,-1.3,-1749.0
2021-08-01,대구광역시,950.0,4.7,1220.0,6.0,522.0,2.6,-270.0,-1.3,-1882.0
2021-09-01,대구광역시,893.0,4.6,1201.0,6.1,479.0,2.4,-308.0,-1.6,-646.0
2021-10-01,대구광역시,890.0,4.4,1313.0,6.5,544.0,2.7,-423.0,-2.1,-1695.0
2021-11-01,대구광역시,792.0,4.1,1310.0,6.7,619.0,3.2,-518.0,-2.7,-1806.0
2021-12-01,대구광역시,685.0,3.4,1351.0,6.7,764.0,3.8,-666.0,-3.3,-2187.0
2022-01-01,대구광역시,1004.0,5.0,1356.0,6.7,602.0,3.0,-351.0,-1.7,-1165.0
2022-02-01,대구광역시,788.0,4.3,1326.0,7.3,576.0,3.2,-538.0,-3.0,-2294.0
2022-03-01,대구광역시,977.0,4.9,2332.0,11.6,590.0,2.9,-1355.0,-6.7,368.0
2022-04-01,대구광역시,868.0,4.5,1752.0,9.0,634.0,3.3,-885.0,-4.5,-844.0
2022-05-01,대구광역시,878.0,4.4,1340.0,6.7,642.0,3.2,-463.0,-2.3,-1399.0
2022-06-01,대구광역시,741.0,3.8,1153.0,5.9,603.0,3.1,-411.0,-2.1,-938.0
2000-01-01,대전광역시,1859.0,16.08,565.0,4.9,868.0,7.5,1294.0,11.2,1708.0
2000-02-01,대전광역시,1752.0,16.17,467.0,4.3,757.0,7.0,1285.0,11.9,2212.0
2000-03-01,대전광역시,1835.0,15.81,516.0,4.4,925.0,8.0,1319.0,11.4,631.0
2000-04-01,대전광역시,1690.0,15.02,460.0,4.1,813.0,7.2,1230.0,10.9,672.0
2000-05-01,대전광역시,1599.0,13.73,473.0,4.1,1001.0,8.6,1126.0,9.7,-9.0
2000-06-01,대전광역시,1409.0,12.49,439.0,3.9,806.0,7.1,970.0,8.6,-20.0
2000-07-01,대전광역시,1451.0,12.44,446.0,3.8,536.0,4.6,1005.0,8.6,464.0
2000-08-01,대전광역시,1551.0,13.28,473.0,4.0,542.0,4.6,1078.0,9.2,969.0
2000-09-01,대전광역시,1619.0,14.32,439.0,3.9,490.0,4.3,1180.0,10.4,147.0
2000-10-01,대전광역시,1665.0,14.24,504.0,4.3,844.0,7.2,1161.0,9.9,391.0
2000-11-01,대전광역시,1573.0,13.88,498.0,4.4,998.0,8.8,1075.0,9.5,1105.0
2000-12-01,대전광역시,1567.0,13.36,520.0,4.4,1084.0,9.2,1047.0,8.9,306.0
2001-01-01,대전광역시,1796.0,15.25,485.0,4.1,756.0,6.4,1311.0,11.1,1222.0
2001-02-01,대전광역시,1537.0,14.41,490.0,4.6,711.0,6.7,1047.0,9.8,2598.0
2001-03-01,대전광역시,1727.0,14.6,520.0,4.4,878.0,7.4,1207.0,10.2,239.0
2001-04-01,대전광역시,1509.0,13.17,498.0,4.3,889.0,7.8,1011.0,8.8,647.0
2001-05-01,대전광역시,1430.0,12.06,477.0,4.0,995.0,8.4,953.0,8.0,571.0
2001-06-01,대전광역시,1215.0,10.58,425.0,3.7,821.0,7.1,790.0,6.9,93.0
2001-07-01,대전광역시,1338.0,11.26,457.0,3.8,606.0,5.1,881.0,7.4,1038.0
2001-08-01,대전광역시,1353.0,11.37,416.0,3.5,567.0,4.8,937.0,7.9,972.0
2001-09-01,대전광역시,1418.0,12.31,443.0,3.8,511.0,4.4,975.0,8.5,-247.0
2001-10-01,대전광역시,1341.0,11.27,527.0,4.4,623.0,5.2,814.0,6.8,629.0
2001-11-01,대전광역시,1349.0,11.7,483.0,4.2,978.0,8.5,866.0,7.5,209.0
2001-12-01,대전광역시,1277.0,10.71,520.0,4.4,1170.0,9.8,757.0,6.4,-1131.0
2002-01-01,대전광역시,1538.0,12.89,482.0,4.0,850.0,7.1,1056.0,8.9,2293.0
2002-02-01,대전광역시,1351.0,12.51,425.0,3.9,554.0,5.1,926.0,8.6,1207.0
2002-03-01,대전광역시,1476.0,12.33,523.0,4.4,788.0,6.6,953.0,8.0,-7.0
2002-04-01,대전광역시,1366.0,11.79,492.0,4.2,869.0,7.5,874.0,7.5,434.0
2002-05-01,대전광역시,1299.0,10.85,475.0,4.0,948.0,7.9,824.0,6.9,232.0
2002-06-01,대전광역시,1186.0,10.22,462.0,4.0,772.0,6.7,724.0,6.2,547.0
2002-07-01,대전광역시,1269.0,10.58,425.0,3.5,650.0,5.4,844.0,7.0,1064.0
2002-08-01,대전광역시,1269.0,10.56,456.0,3.8,530.0,4.4,813.0,6.8,1254.0
2002-09-01,대전광역시,1250.0,10.74,424.0,3.6,435.0,3.7,826.0,7.1,568.0
2002-10-01,대전광역시,1284.0,10.66,540.0,4.5,714.0,5.9,744.0,6.2,546.0
2002-11-01,대전광역시,1194.0,10.24,517.0,4.4,909.0,7.8,677.0,5.8,519.0
2002-12-01,대전광역시,1149.0,9.53,558.0,4.6,1112.0,9.2,591.0,4.9,-102.0
2003-01-01,대전광역시,1458.0,12.08,542.0,4.5,764.0,6.3,916.0,7.6,1859.0
2003-02-01,대전광역시,1326.0,12.15,424.0,3.9,603.0,5.5,902.0,8.3,1443.0
2003-03-01,대전광역시,1512.0,12.49,473.0,3.9,800.0,6.6,1039.0,8.6,1457.0
2003-04-01,대전광역시,1358.0,11.57,485.0,4.1,799.0,6.8,873.0,7.4,1165.0
2003-05-01,대전광역시,1252.0,10.31,509.0,4.2,908.0,7.5,743.0,6.1,835.0
2003-06-01,대전광역시,1210.0,10.29,452.0,3.8,704.0,6.0,758.0,6.4,-110.0
2003-07-01,대전광역시,1179.0,9.71,449.0,3.7,613.0,5.0,730.0,6.0,71.0
2003-08-01,대전광역시,1184.0,9.74,472.0,3.9,572.0,4.7,712.0,5.9,1343.0
2003-09-01,대전광역시,1316.0,11.18,486.0,4.1,484.0,4.1,830.0,7.0,2.0
2003-10-01,대전광역시,1357.0,11.15,552.0,4.5,787.0,6.5,805.0,6.6,-12.0
2003-11-01,대전광역시,1335.0,11.34,517.0,4.4,853.0,7.2,818.0,6.9,86.0
2003-12-01,대전광역시,1225.0,10.07,497.0,4.1,1086.0,8.9,728.0,6.0,-2313.0
2004-01-01,대전광역시,1489.0,12.26,526.0,4.3,730.0,6.0,963.0,7.9,1925.0
2004-02-01,대전광역시,1312.0,11.53,511.0,4.5,671.0,5.9,801.0,7.0,1164.0
2004-03-01,대전광역시,1413.0,11.6,580.0,4.8,847.0,7.0,833.0,6.8,316.0
2004-04-01,대전광역시,1233.0,10.46,513.0,4.4,690.0,5.9,720.0,6.1,-573.0
2004-05-01,대전광역시,1201.0,9.86,489.0,4.0,801.0,6.6,712.0,5.8,-898.0
2004-06-01,대전광역시,1169.0,9.92,441.0,3.7,774.0,6.6,728.0,6.2,-843.0
2004-07-01,대전광역시,1162.0,9.54,481.0,3.9,571.0,4.7,681.0,5.6,30.0
2004-08-01,대전광역시,1241.0,10.17,446.0,3.7,563.0,4.6,795.0,6.5,756.0
2004-09-01,대전광역시,1208.0,10.24,415.0,3.5,443.0,3.8,793.0,6.7,-285.0
2004-10-01,대전광역시,1350.0,11.07,533.0,4.4,680.0,5.6,817.0,6.7,114.0
2004-11-01,대전광역시,1194.0,10.11,506.0,4.3,885.0,7.5,688.0,5.8,-333.0
2004-12-01,대전광역시,1052.0,8.61,510.0,4.2,1202.0,9.8,542.0,4.4,1243.0
2005-01-01,대전광역시,1468.0,11.96,511.0,4.2,686.0,5.6,957.0,7.8,1919.0
2005-02-01,대전광역시,1099.0,9.9,432.0,3.9,580.0,5.2,667.0,6.0,994.0
2005-03-01,대전광역시,1334.0,10.84,530.0,4.3,823.0,6.7,804.0,6.5,-286.0
2005-04-01,대전광역시,1104.0,9.26,459.0,3.9,730.0,6.1,645.0,5.4,119.0
2005-05-01,대전광역시,1164.0,9.45,510.0,4.1,891.0,7.2,654.0,5.3,438.0
2005-06-01,대전광역시,1096.0,9.19,434.0,3.6,766.0,6.4,662.0,5.5,-472.0
2005-07-01,대전광역시,1110.0,9.0,419.0,3.4,628.0,5.1,691.0,5.6,-182.0
2005-08-01,대전광역시,1132.0,9.17,455.0,3.7,555.0,4.5,677.0,5.5,677.0
2005-09-01,대전광역시,1145.0,9.58,464.0,3.9,495.0,4.1,681.0,5.7,-289.0
2005-10-01,대전광역시,1163.0,9.42,522.0,4.2,745.0,6.0,641.0,5.2,54.0
2005-11-01,대전광역시,1103.0,9.24,500.0,4.2,955.0,8.0,603.0,5.0,-105.0
2005-12-01,대전광역시,1032.0,8.36,543.0,4.4,1181.0,9.6,489.0,4.0,343.0
2006-01-01,대전광역시,1349.0,10.91,525.0,4.2,773.0,6.3,824.0,6.7,414.0
2006-02-01,대전광역시,1155.0,10.34,457.0,4.1,648.0,5.8,698.0,6.2,718.0
2006-03-01,대전광역시,1391.0,11.23,523.0,4.2,782.0,6.3,868.0,7.0,-91.0
2006-04-01,대전광역시,1197.0,9.99,513.0,4.3,742.0,6.2,684.0,5.7,-49.0
2006-05-01,대전광역시,1178.0,9.51,502.0,4.1,916.0,7.4,676.0,5.5,22.0
2006-06-01,대전광역시,1159.0,9.66,436.0,3.6,824.0,6.9,723.0,6.0,-139.0
2006-07-01,대전광역시,1121.0,9.04,471.0,3.8,624.0,5.0,650.0,5.2,445.0
2006-08-01,대전광역시,1191.0,9.59,511.0,4.1,678.0,5.5,680.0,5.5,1243.0
2006-09-01,대전광역시,1232.0,10.24,459.0,3.8,540.0,4.5,773.0,6.4,307.0
2006-10-01,대전광역시,1214.0,9.76,517.0,4.2,630.0,5.1,697.0,5.6,96.0
2006-11-01,대전광역시,1193.0,9.9,510.0,4.2,939.0,7.8,683.0,5.7,94.0
2006-12-01,대전광역시,1109.0,8.91,528.0,4.2,1406.0,11.3,581.0,4.7,-745.0
2007-01-01,대전광역시,1395.0,11.2,515.0,4.1,887.0,7.1,880.0,7.1,18.0
2007-02-01,대전광역시,1249.0,11.09,490.0,4.3,785.0,7.0,759.0,6.7,1629.0
2007-03-01,대전광역시,1412.0,11.31,441.0,3.5,754.0,6.0,971.0,7.8,196.0
2007-04-01,대전광역시,1329.0,10.99,490.0,4.1,754.0,6.2,839.0,6.9,-44.0
2007-05-01,대전광역시,1234.0,9.87,512.0,4.1,951.0,7.6,722.0,5.8,-309.0
2007-06-01,대전광역시,1202.0,9.93,523.0,4.3,791.0,6.5,679.0,5.6,-398.0
2007-07-01,대전광역시,1244.0,9.94,477.0,3.8,732.0,5.8,767.0,6.1,-23.0
2007-08-01,대전광역시,1409.0,11.25,468.0,3.7,717.0,5.7,941.0,7.5,527.0
2007-09-01,대전광역시,1368.0,11.28,464.0,3.8,501.0,4.1,904.0,7.5,-232.0
2007-10-01,대전광역시,1493.0,11.91,528.0,4.2,736.0,5.9,965.0,7.7,-673.0
2007-11-01,대전광역시,1349.0,11.13,539.0,4.4,1023.0,8.4,810.0,6.7,-649.0
2007-12-01,대전광역시,1096.0,8.75,544.0,4.3,1053.0,8.4,552.0,4.4,-1090.0
2008-01-01,대전광역시,1562.0,12.49,523.0,4.2,860.0,6.9,1039.0,8.3,-422.0
2008-02-01,대전광역시,1226.0,10.48,544.0,4.6,695.0,5.9,682.0,5.8,-191.0
2008-03-01,대전광역시,1255.0,10.03,571.0,4.6,786.0,6.3,684.0,5.5,-895.0
2008-04-01,대전광역시,1253.0,10.35,492.0,4.1,785.0,6.5,761.0,6.3,-481.0
2008-05-01,대전광역시,1233.0,9.85,501.0,4.0,919.0,7.3,732.0,5.9,-668.0
2008-06-01,대전광역시,1137.0,9.39,473.0,3.9,809.0,6.7,664.0,5.5,-699.0
2008-07-01,대전광역시,1161.0,9.28,499.0,4.0,681.0,5.4,662.0,5.3,46.0
2008-08-01,대전광역시,1268.0,10.12,432.0,3.4,626.0,5.0,836.0,6.7,250.0
2008-09-01,대전광역시,1318.0,10.87,484.0,4.0,575.0,4.7,834.0,6.9,-817.0
2008-10-01,대전광역시,1248.0,9.95,551.0,4.4,799.0,6.4,697.0,5.6,-432.0
2008-11-01,대전광역시,1180.0,9.72,507.0,4.2,810.0,6.7,673.0,5.5,-304.0
2008-12-01,대전광역시,1015.0,8.09,528.0,4.2,1154.0,9.2,487.0,3.9,-997.0
2009-01-01,대전광역시,1441.0,11.45,560.0,4.5,820.0,6.5,881.0,7.0,-50.0
2009-02-01,대전광역시,1146.0,10.08,487.0,4.3,673.0,5.9,659.0,5.8,-545.0
2009-03-01,대전광역시,1260.0,10.01,497.0,3.9,756.0,6.0,763.0,6.1,-675.0
2009-04-01,대전광역시,1123.0,9.22,486.0,4.0,741.0,6.1,637.0,5.2,-457.0
2009-05-01,대전광역시,1082.0,8.6,511.0,4.1,812.0,6.5,571.0,4.5,-506.0
2009-06-01,대전광역시,1039.0,8.53,474.0,3.9,711.0,5.8,565.0,4.6,-503.0
2009-07-01,대전광역시,1149.0,9.13,458.0,3.6,642.0,5.1,691.0,5.5,-379.0
2009-08-01,대전광역시,1165.0,9.25,447.0,3.5,649.0,5.2,718.0,5.7,654.0
2009-09-01,대전광역시,1265.0,10.37,445.0,3.6,551.0,4.5,820.0,6.7,-402.0
2009-10-01,대전광역시,1163.0,9.22,524.0,4.2,652.0,5.2,639.0,5.1,-601.0
2009-11-01,대전광역시,1073.0,8.79,520.0,4.3,814.0,6.7,553.0,4.5,-568.0
2009-12-01,대전광역시,1009.0,8.0,540.0,4.3,1064.0,8.4,469.0,3.7,-1726.0
2010-01-01,대전광역시,1312.0,10.41,524.0,4.2,734.0,5.8,788.0,6.2,-542.0
2010-02-01,대전광역시,1178.0,10.34,458.0,4.0,687.0,6.0,720.0,6.3,85.0
2010-03-01,대전광역시,1214.0,9.62,526.0,4.2,743.0,5.9,688.0,5.4,93.0
2010-04-01,대전광역시,1202.0,9.83,511.0,4.2,777.0,6.4,691.0,5.7,-555.0
2010-05-01,대전광역시,1099.0,8.7,577.0,4.6,799.0,6.3,522.0,4.1,-105.0
2010-06-01,대전광역시,1082.0,8.85,517.0,4.2,782.0,6.4,565.0,4.6,-522.0
2010-07-01,대전광역시,1132.0,8.95,479.0,3.8,697.0,5.5,653.0,5.2,1.0
2010-08-01,대전광역시,1193.0,9.43,520.0,4.1,695.0,5.5,673.0,5.3,508.0
2010-09-01,대전광역시,1300.0,10.61,509.0,4.2,629.0,5.1,791.0,6.5,-10.0
2010-10-01,대전광역시,1281.0,10.12,605.0,4.8,781.0,6.2,676.0,5.3,189.0
2010-11-01,대전광역시,1291.0,10.54,534.0,4.4,890.0,7.3,757.0,6.2,415.0
2010-12-01,대전광역시,1030.0,8.13,553.0,4.4,1137.0,9.0,477.0,3.8,-602.0
2011-01-01,대전광역시,1456.0,11.49,572.0,4.5,777.0,6.1,884.0,7.0,183.0
2011-02-01,대전광역시,1220.0,10.65,521.0,4.5,697.0,6.1,699.0,6.1,738.0
2011-03-01,대전광역시,1387.0,10.93,556.0,4.4,780.0,6.1,831.0,6.5,104.0
2011-04-01,대전광역시,1262.0,10.27,529.0,4.3,830.0,6.8,733.0,6.0,46.0
2011-05-01,대전광역시,1274.0,10.03,503.0,4.0,851.0,6.7,771.0,6.1,502.0
2011-06-01,대전광역시,1178.0,9.57,521.0,4.2,816.0,6.6,657.0,5.3,275.0
2011-07-01,대전광역시,1192.0,9.37,459.0,3.6,702.0,5.5,733.0,5.8,-106.0
2011-08-01,대전광역시,1233.0,9.69,517.0,4.1,767.0,6.0,716.0,5.6,206.0
2011-09-01,대전광역시,1167.0,9.47,445.0,3.6,613.0,5.0,722.0,5.9,330.0
2011-10-01,대전광역시,1278.0,10.02,560.0,4.4,791.0,6.2,718.0,5.6,624.0
2011-11-01,대전광역시,1120.0,9.07,551.0,4.5,914.0,7.4,569.0,4.6,449.0
2011-12-01,대전광역시,1041.0,8.15,602.0,4.7,1188.0,9.3,439.0,3.4,-7.0
2012-01-01,대전광역시,1414.0,11.09,669.0,5.2,891.0,7.0,745.0,5.8,1140.0
2012-02-01,대전광역시,1255.0,10.52,572.0,4.8,757.0,6.3,683.0,5.7,686.0
2012-03-01,대전광역시,1353.0,10.6,559.0,4.4,869.0,6.8,794.0,6.2,191.0
2012-04-01,대전광역시,1309.0,10.59,537.0,4.3,873.0,7.1,772.0,6.2,291.0
2012-05-01,대전광역시,1252.0,9.79,503.0,3.9,808.0,6.3,749.0,5.9,375.0
2012-06-01,대전광역시,1212.0,9.79,494.0,4.0,755.0,6.1,718.0,5.8,249.0
2012-07-01,대전광역시,1238.0,9.67,495.0,3.9,706.0,5.5,743.0,5.8,-732.0
2012-08-01,대전광역시,1250.0,9.77,515.0,4.0,715.0,5.6,735.0,5.7,-1134.0
2012-09-01,대전광역시,1320.0,10.66,507.0,4.1,522.0,4.2,813.0,6.6,-68.0
2012-10-01,대전광역시,1283.0,10.02,582.0,4.5,809.0,6.3,701.0,5.5,-3.0
2012-11-01,대전광역시,1265.0,10.21,564.0,4.6,904.0,7.3,701.0,5.7,224.0
2012-12-01,대전광역시,1128.0,8.8,583.0,4.5,1136.0,8.9,545.0,4.3,-720.0
2013-01-01,대전광역시,1424.0,11.08,587.0,4.6,900.0,7.0,837.0,6.5,606.0
2013-02-01,대전광역시,1206.0,10.38,506.0,4.4,651.0,5.6,700.0,6.0,520.0
2013-03-01,대전광역시,1201.0,9.33,597.0,4.6,735.0,5.7,604.0,4.7,-111.0
2013-04-01,대전광역시,1209.0,9.7,576.0,4.6,764.0,6.1,633.0,5.1,78.0
2013-05-01,대전광역시,1131.0,8.78,596.0,4.6,862.0,6.7,535.0,4.2,-26.0
2013-06-01,대전광역시,1098.0,8.8,510.0,4.1,768.0,6.2,588.0,4.7,53.0
2013-07-01,대전광역시,1186.0,9.19,496.0,3.8,808.0,6.3,690.0,5.3,-229.0
2013-08-01,대전광역시,1203.0,9.32,551.0,4.3,753.0,5.8,652.0,5.1,34.0
2013-09-01,대전광역시,1209.0,9.68,532.0,4.3,555.0,4.4,677.0,5.4,-173.0
2013-10-01,대전광역시,1192.0,9.23,600.0,4.6,799.0,6.2,592.0,4.6,360.0
2013-11-01,대전광역시,1067.0,8.53,548.0,4.4,911.0,7.3,519.0,4.1,102.0
2013-12-01,대전광역시,973.0,7.53,535.0,4.1,1115.0,8.6,438.0,3.4,-903.0
2014-01-01,대전광역시,1322.0,10.23,579.0,4.5,800.0,6.2,743.0,5.7,38.0
2014-02-01,대전광역시,1241.0,10.62,544.0,4.7,739.0,6.3,697.0,6.0,145.0
2014-03-01,대전광역시,1198.0,9.26,557.0,4.3,739.0,5.7,641.0,5.0,-7.0
2014-04-01,대전광역시,1219.0,9.73,552.0,4.4,769.0,6.1,667.0,5.3,-325.0
2014-05-01,대전광역시,1161.0,8.97,535.0,4.1,842.0,6.5,626.0,4.8,-644.0
2014-06-01,대전광역시,1077.0,8.6,513.0,4.1,715.0,5.7,564.0,4.5,-353.0
2014-07-01,대전광역시,1161.0,8.97,520.0,4.0,673.0,5.2,641.0,4.9,42.0
2014-08-01,대전광역시,1148.0,8.86,510.0,3.9,615.0,4.7,638.0,4.9,-722.0
2014-09-01,대전광역시,1185.0,9.45,514.0,4.1,580.0,4.6,671.0,5.4,-1147.0
2014-10-01,대전광역시,1143.0,8.83,558.0,4.3,866.0,6.7,585.0,4.5,-1485.0
2014-11-01,대전광역시,1072.0,8.56,580.0,4.6,746.0,6.0,492.0,3.9,-1559.0
2014-12-01,대전광역시,1035.0,8.01,602.0,4.7,1034.0,8.0,433.0,3.3,-2821.0
2015-01-01,대전광역시,1344.0,10.41,642.0,5.0,842.0,6.5,702.0,5.4,-1103.0
2015-02-01,대전광역시,1143.0,9.81,546.0,4.7,577.0,5.0,597.0,5.1,-2499.0
2015-03-01,대전광역시,1305.0,10.12,677.0,5.3,805.0,6.2,628.0,4.9,-2079.0
2015-04-01,대전광역시,1185.0,9.51,599.0,4.8,744.0,6.0,586.0,4.7,-1405.0
2015-05-01,대전광역시,1166.0,9.06,623.0,4.8,828.0,6.4,543.0,4.2,-1432.0
2015-06-01,대전광역시,1128.0,9.06,568.0,4.6,801.0,6.4,560.0,4.5,-1497.0
2015-07-01,대전광역시,1157.0,9.0,538.0,4.2,727.0,5.7,619.0,4.8,-1163.0
2015-08-01,대전광역시,1092.0,8.5,497.0,3.9,604.0,4.7,595.0,4.6,-1787.0
2015-09-01,대전광역시,1120.0,9.01,522.0,4.2,558.0,4.5,598.0,4.8,-1329.0
2015-10-01,대전광역시,1155.0,9.0,574.0,4.5,675.0,5.3,581.0,4.5,-1716.0
2015-11-01,대전광역시,1039.0,8.37,552.0,4.4,711.0,5.7,487.0,3.9,-1765.0
2015-12-01,대전광역시,940.0,7.33,623.0,4.9,933.0,7.3,317.0,2.5,-2841.0
2016-01-01,대전광역시,1127.0,8.83,635.0,5.0,724.0,5.7,492.0,3.9,-1161.0
2016-02-01,대전광역시,1054.0,8.83,588.0,4.9,675.0,5.7,466.0,3.9,-840.0
2016-03-01,대전광역시,1199.0,9.4,633.0,5.0,682.0,5.3,566.0,4.4,-1146.0
2016-04-01,대전광역시,1077.0,8.73,544.0,4.4,637.0,5.2,533.0,4.3,-803.0
2016-05-01,대전광역시,1022.0,8.01,549.0,4.3,800.0,6.3,473.0,3.7,-963.0
2016-06-01,대전광역시,1052.0,8.53,515.0,4.2,707.0,5.7,537.0,4.4,-931.0
2016-07-01,대전광역시,1039.0,8.15,564.0,4.4,575.0,4.5,475.0,3.7,-478.0
2016-08-01,대전광역시,1032.0,8.1,550.0,4.3,671.0,5.3,482.0,3.8,-678.0
2016-09-01,대전광역시,1105.0,8.96,575.0,4.7,525.0,4.3,530.0,4.3,-516.0
2016-10-01,대전광역시,985.0,7.73,615.0,4.8,705.0,5.5,370.0,2.9,-929.0
2016-11-01,대전광역시,895.0,7.26,548.0,4.4,766.0,6.2,347.0,2.8,-806.0
2016-12-01,대전광역시,849.0,6.67,642.0,5.0,858.0,6.7,207.0,1.6,-1380.0
2017-01-01,대전광역시,1008.0,7.9,655.0,5.1,695.0,5.4,353.0,2.8,-333.0
2017-02-01,대전광역시,1023.0,8.87,558.0,4.8,628.0,5.4,465.0,4.0,-906.0
2017-03-01,대전광역시,1030.0,8.07,620.0,4.9,717.0,5.6,410.0,3.2,-2037.0
2017-04-01,대전광역시,917.0,7.43,601.0,4.9,604.0,4.9,316.0,2.6,-1104.0
2017-05-01,대전광역시,904.0,7.1,582.0,4.6,787.0,6.2,322.0,2.5,-2202.0
2017-06-01,대전광역시,867.0,7.04,555.0,4.5,662.0,5.4,312.0,2.5,-1738.0
2017-07-01,대전광역시,928.0,7.3,529.0,4.2,539.0,4.2,399.0,3.1,-920.0
2017-08-01,대전광역시,952.0,7.49,565.0,4.4,611.0,4.8,387.0,3.0,-920.0
2017-09-01,대전광역시,878.0,7.14,519.0,4.2,535.0,4.4,359.0,2.9,-742.0
2017-10-01,대전광역시,817.0,6.43,601.0,4.7,469.0,3.7,216.0,1.7,-1239.0
2017-11-01,대전광역시,774.0,6.3,598.0,4.9,653.0,5.3,176.0,1.4,-1751.0
2017-12-01,대전광역시,753.0,5.94,646.0,5.1,797.0,6.3,107.0,0.8,-2283.0
2018-01-01,대전광역시,937.0,7.4,743.0,5.9,660.0,5.2,194.0,1.5,-1044.0
2018-02-01,대전광역시,797.0,7.0,604.0,5.3,527.0,4.6,193.0,1.7,-2319.0
2018-03-01,대전광역시,818.0,6.5,611.0,4.8,622.0,4.9,207.0,1.6,-1828.0
2018-04-01,대전광역시,789.0,6.5,578.0,4.7,567.0,4.6,211.0,1.7,-1746.0
2018-05-01,대전광역시,860.0,6.8,608.0,4.8,760.0,6.0,252.0,2.0,-1196.0
2018-06-01,대전광역시,794.0,6.5,591.0,4.8,739.0,6.1,203.0,1.7,-574.0
2018-07-01,대전광역시,757.0,6.0,645.0,5.1,746.0,5.9,112.0,0.9,-99.0
2018-08-01,대전광역시,759.0,6.0,586.0,4.6,481.0,3.8,173.0,1.4,-919.0
2018-09-01,대전광역시,712.0,5.8,555.0,4.6,389.0,3.2,157.0,1.3,-797.0
2018-10-01,대전광역시,703.0,5.6,614.0,4.9,559.0,4.4,89.0,0.7,-1232.0
2018-11-01,대전광역시,752.0,6.2,602.0,4.9,607.0,5.0,150.0,1.2,-1106.0
2018-12-01,대전광역시,659.0,5.2,666.0,5.3,720.0,5.7,-7.0,-0.1,-1893.0
2019-01-01,대전광역시,831.0,6.6,666.0,5.3,596.0,4.7,165.0,1.3,-1308.0
2019-02-01,대전광역시,711.0,6.3,563.0,5.0,574.0,5.1,148.0,1.3,-1284.0
2019-03-01,대전광역시,810.0,6.5,643.0,5.1,565.0,4.5,167.0,1.3,-1193.0
2019-04-01,대전광역시,734.0,6.1,638.0,5.3,545.0,4.5,96.0,0.8,-1230.0
2019-05-01,대전광역시,722.0,5.8,662.0,5.3,640.0,5.1,60.0,0.5,-1255.0
2019-06-01,대전광역시,676.0,5.6,595.0,4.9,452.0,3.7,81.0,0.7,-1549.0
2019-07-01,대전광역시,678.0,5.4,582.0,4.7,503.0,4.0,96.0,0.8,-1343.0
2019-08-01,대전광역시,666.0,5.3,566.0,4.5,514.0,4.1,100.0,0.8,-1315.0
2019-09-01,대전광역시,666.0,5.5,607.0,5.0,394.0,3.3,59.0,0.5,-1009.0
2019-10-01,대전광역시,683.0,5.5,646.0,5.2,606.0,4.9,37.0,0.3,-1242.0
2019-11-01,대전광역시,634.0,5.3,664.0,5.5,551.0,4.6,-30.0,-0.2,-1556.0
2019-12-01,대전광역시,599.0,4.8,670.0,5.4,662.0,5.3,-71.0,-0.6,-2058.0
2020-01-01,대전광역시,734.0,5.9,699.0,5.6,547.0,4.4,35.0,0.3,-714.0
2020-02-01,대전광역시,674.0,5.8,625.0,5.4,507.0,4.4,49.0,0.4,-1059.0
2020-03-01,대전광역시,651.0,5.3,623.0,5.0,548.0,4.4,28.0,0.2,-1323.0
2020-04-01,대전광역시,609.0,5.1,608.0,5.1,402.0,3.4,1.0,0.0,-230.0
2020-05-01,대전광역시,637.0,5.1,581.0,4.7,500.0,4.0,56.0,0.5,230.0
2020-06-01,대전광역시,604.0,5.0,582.0,4.9,462.0,3.9,22.0,0.2,-894.0
2020-07-01,대전광역시,562.0,4.5,614.0,5.0,468.0,3.8,-52.0,-0.4,-833.0
2020-08-01,대전광역시,632.0,5.1,658.0,5.3,454.0,3.7,-26.0,-0.2,-865.0
2020-09-01,대전광역시,643.0,5.4,613.0,5.1,530.0,4.4,30.0,0.3,-400.0
2020-10-01,대전광역시,605.0,4.9,688.0,5.6,515.0,4.2,-83.0,-0.7,-1494.0
2020-11-01,대전광역시,591.0,4.9,627.0,5.3,490.0,4.1,-36.0,-0.3,-1568.0
2020-12-01,대전광역시,539.0,4.4,654.0,5.3,553.0,4.5,-115.0,-0.9,-1947.0
2021-01-01,대전광역시,670.0,5.4,643.0,5.2,462.0,3.7,27.0,0.2,-537.0
2021-02-01,대전광역시,587.0,5.3,620.0,5.6,383.0,3.4,-33.0,-0.3,-1234.0
2021-03-01,대전광역시,721.0,5.8,645.0,5.2,488.0,4.0,76.0,0.6,-1274.0
2021-04-01,대전광역시,657.0,5.5,635.0,5.3,463.0,3.9,22.0,0.2,-828.0
2021-05-01,대전광역시,629.0,5.1,593.0,4.8,481.0,3.9,36.0,0.3,-517.0
2021-06-01,대전광역시,638.0,5.4,635.0,5.3,466.0,3.9,3.0,0.0,-1126.0
2021-07-01,대전광역시,632.0,5.1,615.0,5.0,436.0,3.5,17.0,0.1,-848.0
2021-08-01,대전광역시,593.0,4.8,722.0,5.9,365.0,3.0,-129.0,-1.0,-608.0
2021-09-01,대전광역시,626.0,5.3,613.0,5.2,368.0,3.1,13.0,0.1,401.0
2021-10-01,대전광역시,592.0,4.8,672.0,5.5,496.0,4.0,-80.0,-0.7,-815.0
2021-11-01,대전광역시,560.0,4.7,687.0,5.8,471.0,4.0,-127.0,-1.1,-399.0
2021-12-01,대전광역시,509.0,4.1,834.0,6.8,540.0,4.4,-325.0,-2.6,-1146.0
2022-01-01,대전광역시,727.0,5.9,770.0,6.3,448.0,3.7,-44.0,-0.4,-854.0
2022-02-01,대전광역시,653.0,5.9,719.0,6.5,502.0,4.5,-66.0,-0.6,-340.0
2022-03-01,대전광역시,630.0,5.1,1084.0,8.8,460.0,3.8,-454.0,-3.7,-577.0
2022-04-01,대전광역시,630.0,5.3,891.0,7.5,489.0,4.1,-261.0,-2.2,-324.0
2022-05-01,대전광역시,616.0,5.0,722.0,5.9,501.0,4.1,-107.0,-0.9,-318.0
2022-06-01,대전광역시,564.0,4.8,601.0,5.1,404.0,3.4,-38.0,-0.3,-487.0
2000-01-01,부산광역시,3752.0,11.61,1875.0,5.8,2435.0,7.5,1877.0,5.8,-3291.0
2000-02-01,부산광역시,3632.0,12.02,1453.0,4.8,2057.0,6.8,2179.0,7.2,-3617.0
2000-03-01,부산광역시,3935.0,12.19,1607.0,5.0,2024.0,6.3,2328.0,7.2,-3664.0
2000-04-01,부산광역시,3464.0,11.08,1541.0,4.9,1733.0,5.5,1923.0,6.2,-4100.0
2000-05-01,부산광역시,3511.0,10.88,1417.0,4.4,2501.0,7.7,2094.0,6.5,-5181.0
2000-06-01,부산광역시,2949.0,9.45,1343.0,4.3,2160.0,6.9,1606.0,5.1,-5532.0
2000-07-01,부산광역시,3113.0,9.66,1392.0,4.3,1450.0,4.5,1721.0,5.3,-2075.0
2000-08-01,부산광역시,3299.0,10.24,1405.0,4.4,1313.0,4.1,1894.0,5.9,-3257.0
2000-09-01,부산광역시,3438.0,11.03,1454.0,4.7,1059.0,3.4,1984.0,6.4,-2866.0
2000-10-01,부산광역시,3561.0,11.07,1644.0,5.1,1783.0,5.5,1917.0,6.0,-3328.0
2000-11-01,부산광역시,3384.0,10.87,1612.0,5.2,2284.0,7.3,1772.0,5.7,-3857.0
2000-12-01,부산광역시,3184.0,9.9,1575.0,4.9,2544.0,7.9,1609.0,5.0,-2926.0
2001-01-01,부산광역시,3406.0,10.56,1639.0,5.1,2054.0,6.4,1767.0,5.5,-1424.0
2001-02-01,부산광역시,3163.0,10.86,1573.0,5.4,1884.0,6.5,1590.0,5.5,-3510.0
2001-03-01,부산광역시,3616.0,11.22,1696.0,5.3,1703.0,5.3,1920.0,6.0,-3507.0
2001-04-01,부산광역시,3131.0,10.05,1571.0,5.0,1933.0,6.2,1560.0,5.0,-3629.0
2001-05-01,부산광역시,3037.0,9.43,1497.0,4.7,2352.0,7.3,1540.0,4.8,-4006.0
2001-06-01,부산광역시,2660.0,8.54,1450.0,4.7,1946.0,6.2,1210.0,3.9,-4030.0
2001-07-01,부산광역시,2698.0,8.39,1477.0,4.6,1330.0,4.1,1221.0,3.8,-1711.0
2001-08-01,부산광역시,2848.0,8.86,1475.0,4.6,1400.0,4.4,1373.0,4.3,-2393.0
2001-09-01,부산광역시,2936.0,9.45,1452.0,4.7,1158.0,3.7,1484.0,4.8,-3114.0
2001-10-01,부산광역시,2959.0,9.22,1514.0,4.7,1361.0,4.2,1445.0,4.5,-4395.0
2001-11-01,부산광역시,2743.0,8.84,1528.0,4.9,2067.0,6.7,1215.0,3.9,-4133.0
2001-12-01,부산광역시,2651.0,8.27,1550.0,4.8,2637.0,8.2,1101.0,3.4,-5336.0
2002-01-01,부산광역시,2895.0,9.04,1615.0,5.0,2210.0,6.9,1280.0,4.0,-3360.0
2002-02-01,부산광역시,2673.0,9.25,1417.0,4.9,1632.0,5.6,1256.0,4.3,-2641.0
2002-03-01,부산광역시,2928.0,9.15,1576.0,4.9,1792.0,5.6,1352.0,4.2,-4632.0
2002-04-01,부산광역시,2783.0,9.0,1541.0,5.0,1534.0,5.0,1242.0,4.0,-4900.0
2002-05-01,부산광역시,2607.0,8.17,1523.0,4.8,2182.0,6.8,1084.0,3.4,-6103.0
2002-06-01,부산광역시,2346.0,7.61,1386.0,4.5,1834.0,5.9,960.0,3.1,-4090.0
2002-07-01,부산광역시,2477.0,7.78,1487.0,4.7,1430.0,4.5,990.0,3.1,-2878.0
2002-08-01,부산광역시,2460.0,7.73,1513.0,4.8,1320.0,4.1,947.0,3.0,-3640.0
2002-09-01,부산광역시,2521.0,8.19,1485.0,4.8,1101.0,3.6,1036.0,3.4,-3956.0
2002-10-01,부산광역시,2444.0,7.69,1603.0,5.0,1436.0,4.5,841.0,2.6,-6109.0
2002-11-01,부산광역시,2273.0,7.41,1726.0,5.6,1976.0,6.4,547.0,1.8,-5291.0
2002-12-01,부산광역시,2360.0,7.45,1816.0,5.7,2469.0,7.8,544.0,1.7,-1842.0
2003-01-01,부산광역시,2685.0,8.48,1708.0,5.4,1935.0,6.1,977.0,3.1,-1476.0
2003-02-01,부산광역시,2517.0,8.8,1484.0,5.2,1671.0,5.8,1033.0,3.6,-4298.0
2003-03-01,부산광역시,2780.0,8.79,1579.0,5.0,1532.0,4.8,1201.0,3.8,-5482.0
2003-04-01,부산광역시,2721.0,8.9,1480.0,4.8,1572.0,5.1,1241.0,4.1,-5010.0
2003-05-01,부산광역시,2483.0,7.87,1566.0,5.0,2054.0,6.5,917.0,2.9,-4806.0
2003-06-01,부산광역시,2228.0,7.31,1406.0,4.6,1726.0,5.7,822.0,2.7,-4470.0
2003-07-01,부산광역시,2245.0,7.13,1432.0,4.6,1443.0,4.6,813.0,2.6,-1126.0
2003-08-01,부산광역시,2260.0,7.18,1506.0,4.8,1221.0,3.9,754.0,2.4,-2907.0
2003-09-01,부산광역시,2543.0,8.35,1468.0,4.8,1020.0,3.4,1075.0,3.5,-1473.0
2003-10-01,부산광역시,2715.0,8.64,1638.0,5.2,1656.0,5.3,1077.0,3.4,-3207.0
2003-11-01,부산광역시,2528.0,8.32,1557.0,5.1,1883.0,6.2,971.0,3.2,-3133.0
2003-12-01,부산광역시,2412.0,7.78,1704.0,5.5,2314.0,7.5,708.0,2.3,-4875.0
2004-01-01,부산광역시,2555.0,8.26,1566.0,5.1,1834.0,5.9,989.0,3.2,349.0
2004-02-01,부산광역시,2382.0,8.14,1643.0,5.6,1684.0,5.8,739.0,2.5,-1795.0
2004-03-01,부산광역시,2783.0,8.9,1659.0,5.3,1647.0,5.3,1124.0,3.6,-3802.0
2004-04-01,부산광역시,2414.0,7.99,1597.0,5.3,1311.0,4.3,817.0,2.7,-3805.0
2004-05-01,부산광역시,2348.0,7.52,1581.0,5.1,1730.0,5.5,767.0,2.5,-4126.0
2004-06-01,부산광역시,2146.0,7.11,1468.0,4.9,1760.0,5.8,678.0,2.2,-3475.0
2004-07-01,부산광역시,2243.0,7.2,1544.0,5.0,1394.0,4.5,699.0,2.2,-2076.0
2004-08-01,부산광역시,2240.0,7.19,1472.0,4.7,1388.0,4.5,768.0,2.5,-1461.0
2004-09-01,부산광역시,2390.0,7.93,1483.0,4.9,989.0,3.3,907.0,3.0,-1872.0
2004-10-01,부산광역시,2345.0,7.54,1613.0,5.2,1388.0,4.5,732.0,2.4,-2852.0
2004-11-01,부산광역시,2227.0,7.4,1489.0,4.9,1854.0,6.2,738.0,2.5,-3790.0
2004-12-01,부산광역시,2158.0,6.95,1607.0,5.2,2919.0,9.4,551.0,1.8,-4524.0
2005-01-01,부산광역시,2349.0,7.54,1667.0,5.4,1604.0,5.2,682.0,2.2,-254.0
2005-02-01,부산광역시,2118.0,7.53,1469.0,5.2,1432.0,5.1,649.0,2.3,-2298.0
2005-03-01,부산광역시,2447.0,7.86,1675.0,5.4,1618.0,5.2,772.0,2.5,-3944.0
2005-04-01,부산광역시,2077.0,6.9,1559.0,5.2,1329.0,4.4,518.0,1.7,-4037.0
2005-05-01,부산광역시,2144.0,6.9,1652.0,5.3,1762.0,5.7,492.0,1.6,-4248.0
2005-06-01,부산광역시,2052.0,6.83,1454.0,4.8,1658.0,5.5,598.0,2.0,-4030.0
2005-07-01,부산광역시,1898.0,6.12,1418.0,4.6,1285.0,4.1,480.0,1.5,-2356.0
2005-08-01,부산광역시,2158.0,6.96,1509.0,4.9,1502.0,4.8,649.0,2.1,-2925.0
2005-09-01,부산광역시,2224.0,7.41,1463.0,4.9,1084.0,3.6,761.0,2.5,-2494.0
2005-10-01,부산광역시,2154.0,6.95,1640.0,5.3,1362.0,4.4,514.0,1.7,-2625.0
2005-11-01,부산광역시,2071.0,6.92,1630.0,5.4,1862.0,6.2,441.0,1.5,-3896.0
2005-12-01,부산광역시,1989.0,6.43,1718.0,5.6,2475.0,8.0,271.0,0.9,-3868.0
2006-01-01,부산광역시,2291.0,7.42,1758.0,5.7,1705.0,5.5,533.0,1.7,-2401.0
2006-02-01,부산광역시,2183.0,7.83,1497.0,5.4,1414.0,5.1,686.0,2.5,-2410.0
2006-03-01,부산광역시,2339.0,7.58,1681.0,5.4,1614.0,5.2,658.0,2.1,-3693.0
2006-04-01,부산광역시,2200.0,7.37,1590.0,5.3,1388.0,4.7,610.0,2.0,-3384.0
2006-05-01,부산광역시,2195.0,7.13,1614.0,5.2,1948.0,6.3,581.0,1.9,-3569.0
2006-06-01,부산광역시,2024.0,6.79,1418.0,4.8,1787.0,6.0,606.0,2.0,-2637.0
2006-07-01,부산광역시,1955.0,6.35,1457.0,4.7,1303.0,4.2,498.0,1.6,-1958.0
2006-08-01,부산광역시,2155.0,7.01,1541.0,5.0,1568.0,5.1,614.0,2.0,-1992.0
2006-09-01,부산광역시,2184.0,7.34,1493.0,5.0,1093.0,3.7,691.0,2.3,-2118.0
2006-10-01,부산광역시,2299.0,7.48,1603.0,5.2,1298.0,4.2,696.0,2.3,-2065.0
2006-11-01,부산광역시,2118.0,7.12,1601.0,5.4,2035.0,6.8,517.0,1.7,-3652.0
2006-12-01,부산광역시,1938.0,6.31,1730.0,5.6,2864.0,9.3,208.0,0.7,-4807.0
2007-01-01,부산광역시,2416.0,7.88,1771.0,5.8,2195.0,7.2,645.0,2.1,-2510.0
2007-02-01,부산광역시,2186.0,7.89,1602.0,5.8,1894.0,6.8,584.0,2.1,-2536.0
2007-03-01,부산광역시,2476.0,8.08,1670.0,5.4,1762.0,5.7,806.0,2.6,-3098.0
2007-04-01,부산광역시,2260.0,7.62,1571.0,5.3,1509.0,5.1,689.0,2.3,-3318.0
2007-05-01,부산광역시,2302.0,7.52,1593.0,5.2,1891.0,6.2,709.0,2.3,-2914.0
2007-06-01,부산광역시,2101.0,7.1,1493.0,5.0,1776.0,6.0,608.0,2.1,-2253.0
2007-07-01,부산광역시,2242.0,7.33,1494.0,4.9,1510.0,4.9,748.0,2.4,-2535.0
2007-08-01,부산광역시,2551.0,8.35,1503.0,4.9,1727.0,5.6,1048.0,3.4,-3698.0
2007-09-01,부산광역시,2605.0,8.81,1465.0,5.0,1019.0,3.4,1140.0,3.9,-2257.0
2007-10-01,부산광역시,2689.0,8.81,1687.0,5.5,1544.0,5.1,1002.0,3.3,-3394.0
2007-11-01,부산광역시,2476.0,8.39,1559.0,5.3,2138.0,7.2,917.0,3.1,-3639.0
2007-12-01,부산광역시,2122.0,6.96,1762.0,5.8,2519.0,8.3,360.0,1.2,-3924.0
2008-01-01,부산광역시,2615.0,8.61,1717.0,5.7,1929.0,6.3,898.0,3.0,-1770.0
2008-02-01,부산광역시,2174.0,7.65,1651.0,5.8,1648.0,5.8,523.0,1.8,-3291.0
2008-03-01,부산광역시,2387.0,7.87,1767.0,5.8,1665.0,5.5,620.0,2.0,-3612.0
2008-04-01,부산광역시,2224.0,7.58,1567.0,5.3,1532.0,5.2,657.0,2.2,-2783.0
2008-05-01,부산광역시,2130.0,7.03,1649.0,5.4,1923.0,6.3,481.0,1.6,-3218.0
2008-06-01,부산광역시,1934.0,6.6,1536.0,5.2,1732.0,5.9,398.0,1.4,-3460.0
2008-07-01,부산광역시,2200.0,7.27,1528.0,5.0,1528.0,5.0,672.0,2.2,-2677.0
2008-08-01,부산광역시,2225.0,7.35,1457.0,4.8,1443.0,4.8,768.0,2.5,-2513.0
2008-09-01,부산광역시,2268.0,7.75,1525.0,5.2,1162.0,4.0,743.0,2.5,-2211.0
2008-10-01,부산광역시,2307.0,7.63,1670.0,5.5,1580.0,5.2,637.0,2.1,-3145.0
2008-11-01,부산광역시,2185.0,7.47,1640.0,5.6,1608.0,5.5,545.0,1.9,-2656.0
2008-12-01,부산광역시,2021.0,6.69,1678.0,5.6,2399.0,7.9,343.0,1.1,-3268.0
2009-01-01,부산광역시,2411.0,7.97,1739.0,5.7,1907.0,6.3,672.0,2.2,-1091.0
2009-02-01,부산광역시,2099.0,7.68,1415.0,5.2,1440.0,5.3,684.0,2.5,-2098.0
2009-03-01,부산광역시,2222.0,7.35,1616.0,5.3,1486.0,4.9,606.0,2.0,-2753.0
2009-04-01,부산광역시,2082.0,7.12,1659.0,5.7,1416.0,4.8,423.0,1.4,-2453.0
2009-05-01,부산광역시,2076.0,6.88,1564.0,5.2,1769.0,5.9,512.0,1.7,-2678.0
2009-06-01,부산광역시,1934.0,6.62,1475.0,5.0,1574.0,5.4,459.0,1.6,-2432.0
2009-07-01,부산광역시,2051.0,6.8,1570.0,5.2,1258.0,4.2,481.0,1.6,-2814.0
2009-08-01,부산광역시,2119.0,7.03,1539.0,5.1,1512.0,5.0,580.0,1.9,-2399.0
2009-09-01,부산광역시,2187.0,7.5,1441.0,4.9,1129.0,3.9,746.0,2.6,-2164.0
2009-10-01,부산광역시,2138.0,7.09,1614.0,5.4,1324.0,4.4,524.0,1.7,-2517.0
2009-11-01,부산광역시,1962.0,6.73,1661.0,5.7,1526.0,5.2,301.0,1.0,-3086.0
2009-12-01,부산광역시,1829.0,6.08,1661.0,5.5,2273.0,7.6,168.0,0.6,-3299.0
2010-01-01,부산광역시,2481.0,8.25,1789.0,5.9,1753.0,5.8,692.0,2.3,-2404.0
2010-02-01,부산광역시,2053.0,7.56,1546.0,5.7,1619.0,6.0,507.0,1.9,-2090.0
2010-03-01,부산광역시,2335.0,7.77,1667.0,5.5,1615.0,5.4,668.0,2.2,-3603.0
2010-04-01,부산광역시,2317.0,7.97,1631.0,5.6,1626.0,5.6,686.0,2.4,-3173.0
2010-05-01,부산광역시,2050.0,6.83,1630.0,5.4,1757.0,5.8,420.0,1.4,-3164.0
2010-06-01,부산광역시,2136.0,7.35,1493.0,5.1,1759.0,6.1,643.0,2.2,-1668.0
2010-07-01,부산광역시,2161.0,7.2,1603.0,5.3,1481.0,4.9,558.0,1.9,-1698.0
2010-08-01,부산광역시,2239.0,7.46,1549.0,5.2,1613.0,5.4,690.0,2.3,-2134.0
2010-09-01,부산광역시,2507.0,8.63,1590.0,5.5,1208.0,4.2,917.0,3.2,-1813.0
2010-10-01,부산광역시,2570.0,8.57,1691.0,5.6,1453.0,4.8,879.0,2.9,-721.0
2010-11-01,부산광역시,2488.0,8.58,1689.0,5.8,1898.0,6.5,799.0,2.8,-2862.0
2010-12-01,부산광역시,2078.0,6.94,1830.0,6.1,2413.0,8.1,248.0,0.8,-3136.0
2011-01-01,부산광역시,2757.0,9.22,1898.0,6.3,1718.0,5.7,859.0,2.9,-1972.0
2011-02-01,부산광역시,2181.0,8.07,1600.0,5.9,1491.0,5.5,581.0,2.2,-785.0
2011-03-01,부산광역시,2548.0,8.52,1699.0,5.7,1706.0,5.7,849.0,2.8,-2361.0
2011-04-01,부산광역시,2381.0,8.23,1565.0,5.4,1481.0,5.1,816.0,2.8,-2641.0
2011-05-01,부산광역시,2340.0,7.83,1648.0,5.5,1878.0,6.3,692.0,2.3,-836.0
2011-06-01,부산광역시,2247.0,7.77,1563.0,5.4,1826.0,6.3,684.0,2.4,-23.0
2011-07-01,부산광역시,2208.0,7.39,1522.0,5.1,1442.0,4.8,686.0,2.3,-2912.0
2011-08-01,부산광역시,2361.0,7.9,1600.0,5.4,1626.0,5.4,761.0,2.5,-3205.0
2011-09-01,부산광역시,2327.0,8.06,1558.0,5.4,1193.0,4.1,769.0,2.7,-2604.0
2011-10-01,부산광역시,2236.0,7.49,1629.0,5.5,1550.0,5.2,607.0,2.0,-2536.0
2011-11-01,부산광역시,2186.0,7.57,1613.0,5.6,1922.0,6.7,573.0,2.0,-1468.0
2011-12-01,부산광역시,1987.0,6.66,1748.0,5.9,2391.0,8.0,239.0,0.8,-3520.0
2012-01-01,부산광역시,2557.0,8.6,1923.0,6.5,1985.0,6.7,634.0,2.1,-1914.0
2012-02-01,부산광역시,2448.0,8.81,1918.0,6.9,1588.0,5.7,530.0,1.9,-1326.0
2012-03-01,부산광역시,2603.0,8.77,1841.0,6.2,1600.0,5.4,762.0,2.6,-2067.0
2012-04-01,부산광역시,2370.0,8.25,1635.0,5.7,1757.0,6.1,735.0,2.6,-2108.0
2012-05-01,부산광역시,2300.0,7.75,1693.0,5.7,1738.0,5.9,607.0,2.0,-2743.0
2012-06-01,부산광역시,2187.0,7.62,1559.0,5.4,1678.0,5.8,628.0,2.2,-1968.0
2012-07-01,부산광역시,2368.0,7.99,1512.0,5.1,1591.0,5.4,856.0,2.9,-744.0
2012-08-01,부산광역시,2489.0,8.39,1566.0,5.3,1496.0,5.0,923.0,3.1,-1656.0
2012-09-01,부산광역시,2491.0,8.68,1627.0,5.7,1081.0,3.8,864.0,3.0,-1465.0
2012-10-01,부산광역시,2543.0,8.58,1756.0,5.9,1615.0,5.4,787.0,2.7,-1652.0
2012-11-01,부산광역시,2333.0,8.14,1659.0,5.8,1930.0,6.7,674.0,2.4,-1551.0
2012-12-01,부산광역시,1984.0,6.7,1845.0,6.2,2303.0,7.8,139.0,0.5,-1416.0
2013-01-01,부산광역시,2528.0,8.51,1781.0,6.0,1961.0,6.6,747.0,2.5,-700.0
2013-02-01,부산광역시,2109.0,7.86,1653.0,6.2,1579.0,5.9,456.0,1.7,50.0
2013-03-01,부산광역시,2277.0,7.66,1848.0,6.2,1481.0,5.0,429.0,1.4,-1458.0
2013-04-01,부산광역시,2185.0,7.6,1633.0,5.7,1481.0,5.2,552.0,1.9,-945.0
2013-05-01,부산광역시,2084.0,7.02,1685.0,5.7,1931.0,6.5,399.0,1.3,-1939.0
2013-06-01,부산광역시,1975.0,6.87,1528.0,5.3,1708.0,5.9,447.0,1.6,-2366.0
2013-07-01,부산광역시,2092.0,7.05,1526.0,5.1,1780.0,6.0,566.0,1.9,-2055.0
2013-08-01,부산광역시,2151.0,7.25,1608.0,5.4,1697.0,5.7,543.0,1.8,-1843.0
2013-09-01,부산광역시,2299.0,8.01,1583.0,5.5,1151.0,4.0,716.0,2.5,-912.0
2013-10-01,부산광역시,2226.0,7.51,1678.0,5.7,1669.0,5.6,548.0,1.8,-1835.0
2013-11-01,부산광역시,2020.0,7.04,1744.0,6.1,1853.0,6.5,276.0,1.0,-1091.0
2013-12-01,부산광역시,1885.0,6.36,1829.0,6.2,2443.0,8.2,56.0,0.2,-2616.0
2014-01-01,부산광역시,2472.0,8.34,1799.0,6.1,1777.0,6.0,673.0,2.3,-1464.0
2014-02-01,부산광역시,2133.0,7.97,1780.0,6.7,1523.0,5.7,353.0,1.3,339.0
2014-03-01,부산광역시,2186.0,7.38,1783.0,6.0,1409.0,4.8,403.0,1.4,-2350.0
2014-04-01,부산광역시,2265.0,7.91,1636.0,5.7,1431.0,5.0,629.0,2.2,-2754.0
2014-05-01,부산광역시,2194.0,7.42,1660.0,5.6,1767.0,6.0,534.0,1.8,-2521.0
2014-06-01,부산광역시,2070.0,7.23,1557.0,5.4,1603.0,5.6,513.0,1.8,-815.0
2014-07-01,부산광역시,2191.0,7.41,1577.0,5.3,1631.0,5.5,614.0,2.1,-1609.0
2014-08-01,부산광역시,2273.0,7.69,1545.0,5.2,1331.0,4.5,728.0,2.5,-785.0
2014-09-01,부산광역시,2266.0,7.92,1600.0,5.6,1198.0,4.2,666.0,2.3,-399.0
2014-10-01,부산광역시,2211.0,7.47,1710.0,5.8,1700.0,5.7,501.0,1.7,4568.0
2014-11-01,부산광역시,1978.0,6.9,1682.0,5.9,1480.0,5.2,296.0,1.0,-3678.0
2014-12-01,부산광역시,1951.0,6.59,1901.0,6.4,2077.0,7.0,50.0,0.2,-3624.0
2015-01-01,부산광역시,2566.0,8.68,1872.0,6.3,1765.0,6.0,694.0,2.3,-1998.0
2015-02-01,부산광역시,2097.0,7.85,1681.0,6.3,1368.0,5.1,416.0,1.6,-683.0
2015-03-01,부산광역시,2417.0,8.18,2027.0,6.9,1573.0,5.3,390.0,1.3,-2670.0
2015-04-01,부산광역시,2315.0,8.1,1784.0,6.2,1404.0,4.9,531.0,1.9,-1052.0
2015-05-01,부산광역시,2168.0,7.34,1773.0,6.0,1625.0,5.5,395.0,1.3,-434.0
2015-06-01,부산광역시,2155.0,7.54,1602.0,5.6,1704.0,6.0,553.0,1.9,1168.0
2015-07-01,부산광역시,2228.0,7.54,1598.0,5.4,1576.0,5.3,630.0,2.1,745.0
2015-08-01,부산광역시,2122.0,7.18,1684.0,5.7,1426.0,4.8,438.0,1.5,-1737.0
2015-09-01,부산광역시,2299.0,8.04,1567.0,5.5,1111.0,3.9,732.0,2.6,-2072.0
2015-10-01,부산광역시,2268.0,7.68,1734.0,5.9,1322.0,4.5,534.0,1.8,-1756.0
2015-11-01,부산광역시,2094.0,7.33,1687.0,5.9,1578.0,5.5,407.0,1.4,-1431.0
2015-12-01,부산광역시,1916.0,6.49,1811.0,6.1,2101.0,7.1,105.0,0.4,-1640.0
2016-01-01,부산광역시,2452.0,8.33,1930.0,6.6,1548.0,5.3,522.0,1.8,-738.0
2016-02-01,부산광역시,2198.0,7.98,1874.0,6.8,1334.0,4.8,324.0,1.2,-670.0
2016-03-01,부산광역시,2368.0,8.05,1907.0,6.5,1568.0,5.3,461.0,1.6,-1298.0
2016-04-01,부산광역시,2177.0,7.65,1779.0,6.2,1416.0,5.0,398.0,1.4,-1031.0
2016-05-01,부산광역시,2043.0,6.95,1741.0,5.9,1522.0,5.2,302.0,1.0,-1719.0
2016-06-01,부산광역시,1972.0,6.93,1670.0,5.9,1401.0,4.9,302.0,1.1,-2113.0
2016-07-01,부산광역시,1976.0,6.72,1661.0,5.7,1252.0,4.3,315.0,1.1,-1930.0
2016-08-01,부산광역시,2104.0,7.16,1644.0,5.6,1508.0,5.1,460.0,1.6,-1531.0
2016-09-01,부산광역시,2095.0,7.37,1660.0,5.8,1004.0,3.5,435.0,1.5,-1948.0
2016-10-01,부산광역시,1913.0,6.52,1811.0,6.2,1276.0,4.3,102.0,0.3,-2487.0
2016-11-01,부산광역시,1947.0,6.86,1668.0,5.9,1575.0,5.5,279.0,1.0,-2504.0
2016-12-01,부산광역시,1661.0,5.67,1729.0,5.9,1709.0,5.8,-68.0,-0.2,-3423.0
2017-01-01,부산광역시,2080.0,7.08,1916.0,6.5,1547.0,5.3,164.0,0.6,-2008.0
2017-02-01,부산광역시,1842.0,6.95,1770.0,6.7,1387.0,5.2,72.0,0.3,-1290.0
2017-03-01,부산광역시,1992.0,6.79,1796.0,6.1,1328.0,4.5,196.0,0.7,-2056.0
2017-04-01,부산광역시,1818.0,6.41,1712.0,6.0,1163.0,4.1,106.0,0.4,-1944.0
2017-05-01,부산광역시,1833.0,6.25,1745.0,6.0,1642.0,5.6,88.0,0.3,-2360.0
2017-06-01,부산광역시,1786.0,6.3,1571.0,5.5,1311.0,4.6,215.0,0.8,-2564.0
2017-07-01,부산광역시,1689.0,5.77,1669.0,5.7,1134.0,3.9,20.0,0.1,-1971.0
2017-08-01,부산광역시,1779.0,6.08,1759.0,6.0,1248.0,4.3,20.0,0.1,-747.0
2017-09-01,부산광역시,1787.0,6.31,1685.0,6.0,1020.0,3.6,102.0,0.4,-1458.0
2017-10-01,부산광역시,1761.0,6.02,1838.0,6.3,940.0,3.2,-77.0,-0.3,-4749.0
2017-11-01,부산광역시,1603.0,5.67,1860.0,6.6,1417.0,5.0,-257.0,-0.9,-3545.0
2017-12-01,부산광역시,1510.0,5.18,2113.0,7.2,1540.0,5.3,-603.0,-2.1,-3706.0
2018-01-01,부산광역시,1863.0,6.4,2450.0,8.4,1471.0,5.0,-587.0,-2.0,-2949.0
2018-02-01,부산광역시,1677.0,6.4,1826.0,6.9,1105.0,4.2,-149.0,-0.6,-1278.0
2018-03-01,부산광역시,1794.0,6.2,1855.0,6.4,1245.0,4.3,-61.0,-0.2,-2209.0
2018-04-01,부산광역시,1668.0,5.9,1842.0,6.5,1159.0,4.1,-174.0,-0.6,-2370.0
2018-05-01,부산광역시,1647.0,5.7,1867.0,6.4,1416.0,4.9,-220.0,-0.8,-2509.0
2018-06-01,부산광역시,1659.0,5.9,1733.0,6.2,1219.0,4.3,-74.0,-0.3,-2493.0
2018-07-01,부산광역시,1522.0,5.2,1792.0,6.2,1145.0,3.9,-270.0,-0.9,-2371.0
2018-08-01,부산광역시,1597.0,5.5,1736.0,6.0,1191.0,4.1,-139.0,-0.5,-2040.0
2018-09-01,부산광역시,1476.0,5.3,1783.0,6.4,805.0,2.9,-307.0,-1.1,-1363.0
2018-10-01,부산광역시,1525.0,5.3,1926.0,6.6,1253.0,4.3,-401.0,-1.4,-2372.0
2018-11-01,부산광역시,1439.0,5.1,1776.0,6.3,1253.0,4.5,-337.0,-1.2,-2034.0
2018-12-01,부산광역시,1285.0,4.4,1984.0,6.9,1519.0,5.3,-699.0,-2.4,-2771.0
2019-01-01,부산광역시,1650.0,5.7,2161.0,7.5,1300.0,4.5,-511.0,-1.8,-2558.0
2019-02-01,부산광역시,1469.0,5.6,1717.0,6.6,1051.0,4.0,-248.0,-1.0,-1677.0
2019-03-01,부산광역시,1553.0,5.4,1861.0,6.4,1113.0,3.9,-308.0,-1.1,-1920.0
2019-04-01,부산광역시,1474.0,5.3,1782.0,6.4,1164.0,4.2,-308.0,-1.1,-2110.0
2019-05-01,부산광역시,1456.0,5.1,1870.0,6.5,1316.0,4.6,-414.0,-1.4,-1833.0
2019-06-01,부산광역시,1360.0,4.9,1723.0,6.2,1103.0,4.0,-363.0,-1.3,-1756.0
2019-07-01,부산광역시,1369.0,4.8,1799.0,6.3,1041.0,3.6,-430.0,-1.5,-1924.0
2019-08-01,부산광역시,1392.0,4.8,1789.0,6.2,1067.0,3.7,-397.0,-1.4,-1897.0
2019-09-01,부산광역시,1335.0,4.8,1661.0,6.0,861.0,3.1,-326.0,-1.2,-1390.0
2019-10-01,부산광역시,1430.0,5.0,1950.0,6.8,1133.0,3.9,-520.0,-1.8,-2230.0
2019-11-01,부산광역시,1321.0,4.8,1934.0,7.0,1181.0,4.3,-613.0,-2.2,-1682.0
2019-12-01,부산광역시,1240.0,4.3,2013.0,7.0,1450.0,5.1,-773.0,-2.7,-2377.0
2020-01-01,부산광역시,1567.0,5.5,2141.0,7.5,1125.0,3.9,-574.0,-2.0,-1378.0
2020-02-01,부산광역시,1224.0,4.6,1922.0,7.2,1086.0,4.1,-698.0,-2.6,-223.0
2020-03-01,부산광역시,1340.0,4.7,1928.0,6.7,1128.0,3.9,-588.0,-2.1,-399.0
2020-04-01,부산광역시,1259.0,4.6,1876.0,6.8,868.0,3.1,-617.0,-2.2,-958.0
2020-05-01,부산광역시,1300.0,4.6,1826.0,6.4,1051.0,3.7,-526.0,-1.8,-919.0
2020-06-01,부산광역시,1242.0,4.5,1790.0,6.5,1044.0,3.8,-548.0,-2.0,-1900.0
2020-07-01,부산광역시,1271.0,4.5,1833.0,6.4,1094.0,3.8,-562.0,-2.0,-1089.0
2020-08-01,부산광역시,1225.0,4.3,1910.0,6.7,808.0,2.8,-685.0,-2.4,-1259.0
2020-09-01,부산광역시,1379.0,5.0,1840.0,6.7,872.0,3.2,-461.0,-1.7,-922.0
2020-10-01,부산광역시,1185.0,4.2,1970.0,6.9,838.0,2.9,-785.0,-2.8,-1328.0
2020-11-01,부산광역시,1041.0,3.8,1918.0,7.0,1038.0,3.8,-877.0,-3.2,-1334.0
2020-12-01,부산광역시,1025.0,3.6,1996.0,7.0,1176.0,4.1,-971.0,-3.4,-2638.0
2021-01-01,부산광역시,1351.0,4.7,2096.0,7.4,987.0,3.5,-745.0,-2.6,-1772.0
2021-02-01,부산광역시,1115.0,4.3,1804.0,7.0,910.0,3.5,-689.0,-2.7,-974.0
2021-03-01,부산광역시,1343.0,4.7,1926.0,6.8,985.0,3.5,-583.0,-2.0,-1955.0
2021-04-01,부산광역시,1293.0,4.7,1823.0,6.6,877.0,3.2,-530.0,-1.9,-2085.0
2021-05-01,부산광역시,1203.0,4.2,1912.0,6.7,908.0,3.2,-709.0,-2.5,-1525.0
2021-06-01,부산광역시,1265.0,4.6,1735.0,6.3,979.0,3.6,-470.0,-1.7,-1781.0
2021-07-01,부산광역시,1222.0,4.3,1919.0,6.8,757.0,2.7,-697.0,-2.5,-2096.0
2021-08-01,부산광역시,1302.0,4.6,1965.0,6.9,825.0,2.9,-663.0,-2.3,-1713.0
2021-09-01,부산광역시,1238.0,4.5,1891.0,6.9,778.0,2.8,-653.0,-2.4,-121.0
2021-10-01,부산광역시,1183.0,4.2,2024.0,7.1,854.0,3.0,-841.0,-3.0,-1615.0
2021-11-01,부산광역시,1043.0,3.8,2141.0,7.8,1027.0,3.7,-1098.0,-4.0,-1507.0
2021-12-01,부산광역시,888.0,3.1,2276.0,8.0,1194.0,4.2,-1388.0,-4.9,-1759.0
2022-01-01,부산광역시,1443.0,5.1,2200.0,7.8,853.0,3.0,-757.0,-2.7,-613.0
2022-02-01,부산광역시,1158.0,4.5,2350.0,9.2,838.0,3.3,-1192.0,-4.7,-474.0
2022-03-01,부산광역시,1259.0,4.5,3629.0,12.8,848.0,3.0,-2369.0,-8.4,-1988.0
2022-04-01,부산광역시,1245.0,4.6,2452.0,9.0,936.0,3.4,-1207.0,-4.4,-1588.0
2022-05-01,부산광역시,1179.0,4.2,2144.0,7.6,1025.0,3.6,-966.0,-3.4,-1121.0
2022-06-01,부산광역시,1125.0,4.1,1793.0,6.6,922.0,3.4,-668.0,-2.5,-726.0
2000-01-01,서울특별시,12866.0,14.79,3931.0,4.5,6781.0,7.8,8935.0,10.3,972.0
2000-02-01,서울특별시,11797.0,14.48,3218.0,4.0,5596.0,6.9,8579.0,10.5,6018.0
2000-03-01,서울특별시,12453.0,14.29,3368.0,3.9,6781.0,7.8,9085.0,10.4,-5460.0
2000-04-01,서울특별시,10782.0,12.77,3204.0,3.8,6667.0,7.9,7578.0,9.0,-2489.0
2000-05-01,서울특별시,10817.0,12.39,3064.0,3.5,8428.0,9.7,7753.0,8.9,-3603.0
2000-06-01,서울특별시,9743.0,11.53,2959.0,3.5,7160.0,8.5,6784.0,8.0,-7083.0
2000-07-01,서울특별시,9990.0,11.44,3077.0,3.5,5162.0,5.9,6913.0,7.9,-1228.0
2000-08-01,서울특별시,10539.0,12.06,3215.0,3.7,4660.0,5.3,7324.0,8.4,-357.0
2000-09-01,서울특별시,11020.0,13.03,3181.0,3.8,3694.0,4.4,7839.0,9.3,-2580.0
2000-10-01,서울특별시,11659.0,13.34,3472.0,4.0,6393.0,7.3,8187.0,9.4,-10745.0
2000-11-01,서울특별시,11027.0,13.05,3262.0,3.9,7963.0,9.4,7765.0,9.2,-13269.0
2000-12-01,서울특별시,10461.0,11.98,3345.0,3.8,9460.0,10.8,7116.0,8.1,-7115.0
2001-01-01,서울특별시,11961.0,13.65,3305.0,3.8,6242.0,7.1,8656.0,9.9,408.0
2001-02-01,서울특별시,10159.0,12.82,3030.0,3.8,5454.0,6.9,7129.0,9.0,4871.0
2001-03-01,서울특별시,10971.0,12.5,3397.0,3.9,6751.0,7.7,7574.0,8.6,-8270.0
2001-04-01,서울특별시,9950.0,11.71,3355.0,4.0,6825.0,8.0,6595.0,7.8,-12831.0
2001-05-01,서울특별시,9649.0,11.0,3227.0,3.7,8221.0,9.4,6422.0,7.3,-15773.0
2001-06-01,서울특별시,8371.0,9.87,2992.0,3.5,6667.0,7.9,5379.0,6.3,-15139.0
2001-07-01,서울특별시,8597.0,9.82,3192.0,3.6,5223.0,6.0,5405.0,6.2,-4491.0
2001-08-01,서울특별시,9164.0,10.47,3041.0,3.5,4992.0,5.7,6123.0,7.0,-10211.0
2001-09-01,서울특별시,9317.0,11.01,3052.0,3.6,4337.0,5.1,6265.0,7.4,-12642.0
2001-10-01,서울특별시,9215.0,10.55,3305.0,3.8,5378.0,6.2,5910.0,6.8,-12672.0
2001-11-01,서울특별시,8842.0,10.47,3259.0,3.9,7705.0,9.1,5583.0,6.6,-11715.0
2001-12-01,서울특별시,8568.0,9.82,3300.0,3.8,9581.0,11.0,5268.0,6.0,-15484.0
2002-01-01,서울특별시,10107.0,11.59,3280.0,3.8,6309.0,7.2,6827.0,7.8,5571.0
2002-02-01,서울특별시,9054.0,11.48,2946.0,3.7,4818.0,6.1,6108.0,7.7,-415.0
2002-03-01,서울특별시,9807.0,11.24,3365.0,3.9,6116.0,7.0,6442.0,7.4,-11392.0
2002-04-01,서울특별시,8875.0,10.52,3300.0,3.9,6151.0,7.3,5575.0,6.6,-14169.0
2002-05-01,서울특별시,8685.0,9.97,3119.0,3.6,7546.0,8.7,5566.0,6.4,-16751.0
2002-06-01,서울특별시,7737.0,9.19,2962.0,3.5,6082.0,7.2,4775.0,5.7,-11158.0
2002-07-01,서울특별시,8336.0,9.59,3135.0,3.6,5476.0,6.3,5201.0,6.0,-7348.0
2002-08-01,서울특별시,8161.0,9.39,3034.0,3.5,4833.0,5.6,5127.0,5.9,-8444.0
2002-09-01,서울특별시,8004.0,9.52,3051.0,3.6,4041.0,4.8,4953.0,5.9,-13610.0
2002-10-01,서울특별시,8064.0,9.29,3296.0,3.8,5633.0,6.5,4768.0,5.5,-14688.0
2002-11-01,서울특별시,7818.0,9.32,3568.0,4.3,7219.0,8.6,4250.0,5.1,-9763.0
2002-12-01,서울특별시,7360.0,8.49,3869.0,4.5,8472.0,9.8,3491.0,4.0,-4254.0
2003-01-01,서울특별시,9304.0,10.73,3386.0,3.9,5708.0,6.6,5918.0,6.8,1557.0
2003-02-01,서울특별시,8693.0,11.09,2962.0,3.8,5103.0,6.5,5731.0,7.3,4628.0
2003-03-01,서울특별시,9181.0,10.58,3197.0,3.7,5868.0,6.8,5984.0,6.9,-4539.0
2003-04-01,서울특별시,8581.0,10.21,3119.0,3.7,5897.0,7.0,5462.0,6.5,-7347.0
2003-05-01,서울특별시,8541.0,9.84,3176.0,3.7,7118.0,8.2,5365.0,6.2,-7562.0
2003-06-01,서울특별시,7618.0,9.08,2950.0,3.5,6132.0,7.3,4668.0,5.6,-7676.0
2003-07-01,서울특별시,7769.0,8.96,3054.0,3.5,5580.0,6.4,4715.0,5.4,-3746.0
2003-08-01,서울특별시,7677.0,8.86,3049.0,3.5,4814.0,5.6,4628.0,5.3,-5701.0
2003-09-01,서울특별시,8360.0,9.97,3082.0,3.7,4040.0,4.8,5278.0,6.3,-6804.0
2003-10-01,서울특별시,9001.0,10.4,3374.0,3.9,6130.0,7.1,5627.0,6.5,-8177.0
2003-11-01,서울특별시,8413.0,10.05,3283.0,3.9,7074.0,8.4,5130.0,6.1,-7714.0
2003-12-01,서울특별시,8089.0,9.36,3436.0,4.0,9286.0,10.7,4653.0,5.4,-15887.0
2004-01-01,서울특별시,9618.0,11.15,3270.0,3.8,5687.0,6.6,6348.0,7.4,7429.0
2004-02-01,서울특별시,8529.0,10.56,3145.0,3.9,5205.0,6.4,5384.0,6.7,5776.0
2004-03-01,서울특별시,9278.0,10.74,3450.0,4.0,6250.0,7.2,5828.0,6.7,-4441.0
2004-04-01,서울특별시,8564.0,10.24,3230.0,3.9,5274.0,6.3,5334.0,6.4,-3097.0
2004-05-01,서울특별시,8086.0,9.36,3239.0,3.7,6200.0,7.2,4847.0,5.6,-4777.0
2004-06-01,서울특별시,7608.0,9.1,2971.0,3.6,6293.0,7.5,4637.0,5.5,-3976.0
2004-07-01,서울특별시,7965.0,9.22,3035.0,3.5,4764.0,5.5,4930.0,5.7,-4724.0
2004-08-01,서울특별시,7970.0,9.23,3262.0,3.8,4993.0,5.8,4708.0,5.5,-3201.0
2004-09-01,서울특별시,8238.0,9.86,3015.0,3.6,3962.0,4.7,5223.0,6.3,-5067.0
2004-10-01,서울특별시,8686.0,10.06,3329.0,3.9,5396.0,6.3,5357.0,6.2,-6645.0
2004-11-01,서울특별시,7934.0,9.5,3132.0,3.8,6963.0,8.3,4802.0,5.8,-11504.0
2004-12-01,서울특별시,7352.0,8.53,3196.0,3.7,10566.0,12.3,4156.0,4.8,-12977.0
2005-01-01,서울특별시,8701.0,10.07,3483.0,4.0,5144.0,6.0,5218.0,6.0,1389.0
2005-02-01,서울특별시,7462.0,9.55,2948.0,3.8,4401.0,5.6,4514.0,5.8,3057.0
2005-03-01,서울특별시,8513.0,9.84,3532.0,4.1,5796.0,6.7,4981.0,5.8,-3905.0
2005-04-01,서울특별시,7526.0,8.98,3363.0,4.0,5679.0,6.8,4163.0,5.0,-5491.0
2005-05-01,서울특별시,7431.0,8.59,3385.0,3.9,6321.0,7.3,4046.0,4.7,-6808.0
2005-06-01,서울특별시,6763.0,8.08,2947.0,3.5,6226.0,7.4,3816.0,4.6,-7403.0
2005-07-01,서울특별시,7102.0,8.21,3173.0,3.7,5102.0,5.9,3929.0,4.5,-3185.0
2005-08-01,서울특별시,7382.0,8.54,3047.0,3.5,5606.0,6.5,4335.0,5.0,-4428.0
2005-09-01,서울특별시,7700.0,9.2,2943.0,3.5,4430.0,5.3,4757.0,5.7,-4023.0
2005-10-01,서울특별시,7701.0,8.91,3252.0,3.8,5409.0,6.3,4449.0,5.1,-5584.0
2005-11-01,서울특별시,7395.0,8.85,3290.0,3.9,7372.0,8.8,4105.0,4.9,-7014.0
2005-12-01,서울특별시,6792.0,7.86,3388.0,3.9,9800.0,11.3,3404.0,3.9,-7612.0
2006-01-01,서울특별시,8349.0,9.67,3373.0,3.9,5672.0,6.6,4976.0,5.8,2314.0
2006-02-01,서울특별시,7792.0,9.98,2973.0,3.8,4797.0,6.1,4819.0,6.2,7510.0
2006-03-01,서울특별시,8680.0,10.03,3300.0,3.8,5889.0,6.8,5380.0,6.2,-2462.0
2006-04-01,서울특별시,7897.0,9.43,3173.0,3.8,5362.0,6.4,4724.0,5.6,-4395.0
2006-05-01,서울특별시,7779.0,8.99,3188.0,3.7,7079.0,8.2,4591.0,5.3,-4097.0
2006-06-01,서울특별시,7354.0,8.78,3036.0,3.6,6500.0,7.8,4318.0,5.2,-4600.0
2006-07-01,서울특별시,7149.0,8.26,3127.0,3.6,5054.0,5.8,4022.0,4.6,-1705.0
2006-08-01,서울특별시,7759.0,8.97,3269.0,3.8,5984.0,6.9,4490.0,5.2,-1067.0
2006-09-01,서울특별시,7913.0,9.45,3165.0,3.8,4335.0,5.2,4748.0,5.7,-2608.0
2006-10-01,서울특별시,8050.0,9.3,3202.0,3.7,5279.0,6.1,4848.0,5.6,-7270.0
2006-11-01,서울특별시,7754.0,9.26,3309.0,4.0,7508.0,9.0,4445.0,5.3,-8434.0
2006-12-01,서울특별시,7446.0,8.61,3404.0,3.9,10465.0,12.1,4042.0,4.7,-9737.0
2007-01-01,서울특별시,9069.0,10.48,3608.0,4.2,6855.0,7.9,5461.0,6.3,1657.0
2007-02-01,서울특별시,8052.0,10.3,3064.0,3.9,5994.0,7.7,4988.0,6.4,2607.0
2007-03-01,서울특별시,8879.0,10.25,3384.0,3.9,5816.0,6.7,5495.0,6.3,-3636.0
2007-04-01,서울특별시,8350.0,9.96,3228.0,3.9,5775.0,6.9,5122.0,6.1,-6139.0
2007-05-01,서울특별시,8049.0,9.29,3262.0,3.8,7167.0,8.3,4787.0,5.5,-6465.0
2007-06-01,서울특별시,7605.0,9.07,2979.0,3.6,6012.0,7.2,4626.0,5.5,-6072.0
2007-07-01,서울특별시,8119.0,9.37,3136.0,3.6,5702.0,6.6,4983.0,5.8,-3406.0
2007-08-01,서울특별시,8813.0,10.17,3117.0,3.6,5982.0,6.9,5696.0,6.6,-3245.0
2007-09-01,서울특별시,9153.0,10.91,3105.0,3.7,4292.0,5.1,6048.0,7.2,-4765.0
2007-10-01,서울특별시,9265.0,10.7,3408.0,3.9,6141.0,7.1,5857.0,6.8,-7769.0
2007-11-01,서울특별시,8465.0,10.11,3253.0,3.9,7277.0,8.7,5212.0,6.2,-7998.0
2007-12-01,서울특별시,7430.0,8.58,3472.0,4.0,9386.0,10.8,3958.0,4.6,-7652.0
2008-01-01,서울특별시,9630.0,11.15,3390.0,3.9,5955.0,6.9,6240.0,7.2,2342.0
2008-02-01,서울특별시,8097.0,10.01,3152.0,3.9,5168.0,6.4,4945.0,6.1,2244.0
2008-03-01,서울특별시,8411.0,9.73,3409.0,3.9,6102.0,7.1,5002.0,5.8,-5057.0
2008-04-01,서울특별시,7861.0,9.4,3121.0,3.7,5850.0,7.0,4740.0,5.7,-6978.0
2008-05-01,서울특별시,7628.0,8.82,3133.0,3.6,6743.0,7.8,4495.0,5.2,-8537.0
2008-06-01,서울특별시,7187.0,8.6,2895.0,3.5,5892.0,7.0,4292.0,5.1,-9643.0
2008-07-01,서울특별시,7690.0,8.9,3063.0,3.5,5902.0,6.8,4627.0,5.4,-7344.0
2008-08-01,서울특별시,7622.0,8.83,3037.0,3.5,5595.0,6.5,4585.0,5.3,-5456.0
2008-09-01,서울특별시,8077.0,9.66,2903.0,3.5,4609.0,5.5,5174.0,6.2,-5216.0
2008-10-01,서울특별시,8175.0,9.46,3412.0,3.9,5547.0,6.4,4763.0,5.5,-4647.0
2008-11-01,서울특별시,7348.0,8.79,3369.0,4.0,5845.0,7.0,3979.0,4.8,-5379.0
2008-12-01,서울특별시,7010.0,8.11,3414.0,4.0,8545.0,9.9,3596.0,4.2,-4323.0
2009-01-01,서울특별시,8952.0,10.33,3535.0,4.1,6168.0,7.1,5417.0,6.3,3430.0
2009-02-01,서울특별시,7240.0,9.24,3134.0,4.0,4993.0,6.4,4106.0,5.2,7663.0
2009-03-01,서울특별시,7912.0,9.11,3333.0,3.8,5591.0,6.4,4579.0,5.3,-2366.0
2009-04-01,서울특별시,7665.0,9.12,3346.0,4.0,5267.0,6.3,4319.0,5.1,-4110.0
2009-05-01,서울특별시,7114.0,8.2,3320.0,3.8,6282.0,7.2,3794.0,4.4,-2341.0
2009-06-01,서울특별시,6883.0,8.19,3040.0,3.6,5849.0,7.0,3843.0,4.6,-2076.0
2009-07-01,서울특별시,7187.0,8.27,3013.0,3.5,5306.0,6.1,4174.0,4.8,-3374.0
2009-08-01,서울특별시,7338.0,8.45,3172.0,3.7,5192.0,6.0,4166.0,4.8,-4575.0
2009-09-01,서울특별시,7567.0,9.0,2983.0,3.5,4935.0,5.9,4584.0,5.5,-7736.0
2009-10-01,서울특별시,7686.0,8.85,3343.0,3.8,5505.0,6.3,4343.0,5.0,-9592.0
2009-11-01,서울특별시,7177.0,8.54,3301.0,3.9,5736.0,6.8,3876.0,4.6,-13526.0
2009-12-01,서울특별시,6873.0,7.92,3270.0,3.8,8017.0,9.2,3603.0,4.2,-13661.0
2010-01-01,서울특별시,8711.0,10.04,3492.0,4.0,5376.0,6.2,5219.0,6.0,-4124.0
2010-02-01,서울특별시,7298.0,9.31,3145.0,4.0,5242.0,6.7,4153.0,5.3,-5321.0
2010-03-01,서울특별시,8347.0,9.62,3336.0,3.8,5819.0,6.7,5011.0,5.8,-12306.0
2010-04-01,서울특별시,7647.0,9.12,3300.0,3.9,5851.0,7.0,4347.0,5.2,-11667.0
2010-05-01,서울특별시,7425.0,8.57,3310.0,3.8,5844.0,6.7,4115.0,4.7,-11823.0
2010-06-01,서울특별시,7207.0,8.6,3202.0,3.8,6064.0,7.2,4005.0,4.8,-9056.0
2010-07-01,서울특별시,7232.0,8.35,3222.0,3.7,5603.0,6.5,4010.0,4.6,-7946.0
2010-08-01,서울특별시,7523.0,8.69,3311.0,3.8,5794.0,6.7,4212.0,4.9,-7590.0
2010-09-01,서울특별시,8225.0,9.82,3274.0,3.9,4964.0,5.9,4951.0,5.9,-8553.0
2010-10-01,서울특별시,8612.0,9.97,3529.0,4.1,5064.0,5.9,5083.0,5.9,-10468.0
2010-11-01,서울특별시,8196.0,9.82,3351.0,4.0,6480.0,7.8,4845.0,5.8,-14197.0
2010-12-01,서울특별시,6843.0,7.94,3658.0,4.2,8365.0,9.7,3185.0,3.7,-11972.0
2011-01-01,서울특별시,9511.0,11.04,3634.0,4.2,5515.0,6.4,5877.0,6.8,-4324.0
2011-02-01,서울특별시,7150.0,9.19,3229.0,4.1,5050.0,6.5,3921.0,5.0,-3597.0
2011-03-01,서울특별시,8236.0,9.56,3464.0,4.0,5872.0,6.8,4772.0,5.5,-10861.0
2011-04-01,서울특별시,7841.0,9.41,3347.0,4.0,5296.0,6.4,4494.0,5.4,-10056.0
2011-05-01,서울특별시,7537.0,8.76,3385.0,3.9,6460.0,7.5,4152.0,4.8,-10320.0
2011-06-01,서울특별시,7058.0,8.48,3213.0,3.9,6039.0,7.3,3845.0,4.6,-10341.0
2011-07-01,서울특별시,7397.0,8.61,3212.0,3.7,5250.0,6.1,4185.0,4.9,-8720.0
2011-08-01,서울특별시,7611.0,8.86,3292.0,3.8,6187.0,7.2,4319.0,5.0,-9835.0
2011-09-01,서울특별시,7584.0,9.13,3186.0,3.8,4792.0,5.8,4398.0,5.3,-9951.0
2011-10-01,서울특별시,7593.0,8.85,3380.0,3.9,5636.0,6.6,4213.0,4.9,-9841.0
2011-11-01,서울특별시,7359.0,8.86,3423.0,4.1,6894.0,8.3,3936.0,4.7,-12884.0
2011-12-01,서울특별시,6649.0,7.76,3555.0,4.1,8528.0,9.9,3094.0,3.6,-12328.0
2012-01-01,서울특별시,8758.0,10.25,3732.0,4.4,5967.0,7.0,5026.0,5.9,-3381.0
2012-02-01,서울특별시,7837.0,9.8,3795.0,4.7,5371.0,6.7,4042.0,5.1,-2853.0
2012-03-01,서울특별시,8364.0,9.79,3714.0,4.3,6053.0,7.1,4650.0,5.4,-9032.0
2012-04-01,서울특별시,7700.0,9.32,3382.0,4.1,6013.0,7.3,4318.0,5.2,-8695.0
2012-05-01,서울특별시,7629.0,8.94,3356.0,3.9,6215.0,7.3,4273.0,5.0,-8379.0
2012-06-01,서울특별시,7493.0,9.07,3212.0,3.9,5600.0,6.8,4281.0,5.2,-7834.0
2012-07-01,서울특별시,7840.0,9.19,3180.0,3.7,5278.0,6.2,4660.0,5.5,-8753.0
2012-08-01,서울특별시,8089.0,9.49,3502.0,4.1,5395.0,6.3,4587.0,5.4,-9226.0
2012-09-01,서울특별시,7938.0,9.62,3102.0,3.8,4252.0,5.2,4836.0,5.9,-8190.0
2012-10-01,서울특별시,8017.0,9.41,3564.0,4.2,6211.0,7.3,4453.0,5.2,-11349.0
2012-11-01,서울특별시,7518.0,9.13,3328.0,4.0,6686.0,8.1,4190.0,5.1,-11130.0
2012-12-01,서울특별시,6731.0,7.92,3647.0,4.3,8654.0,10.2,3084.0,3.6,-14825.0
2013-01-01,서울특별시,8530.0,10.01,3830.0,4.5,5909.0,6.9,4700.0,5.5,-4529.0
2013-02-01,서울특별시,7045.0,9.15,3464.0,4.5,5225.0,6.8,3581.0,4.7,-4723.0
2013-03-01,서울특별시,7316.0,8.58,3809.0,4.5,4870.0,5.7,3507.0,4.1,-7713.0
2013-04-01,서울특별시,7162.0,8.69,3417.0,4.1,5080.0,6.2,3745.0,4.5,-10005.0
2013-05-01,서울특별시,6843.0,8.04,3469.0,4.1,6580.0,7.7,3374.0,4.0,-8211.0
2013-06-01,서울특별시,6486.0,7.87,3159.0,3.8,5498.0,6.7,3327.0,4.0,-8750.0
2013-07-01,서울특별시,6833.0,8.03,3324.0,3.9,5846.0,6.9,3509.0,4.1,-8888.0
2013-08-01,서울특별시,7031.0,8.28,3426.0,4.0,5710.0,6.7,3605.0,4.2,-6930.0
2013-09-01,서울특별시,7056.0,8.58,3371.0,4.1,4188.0,5.1,3685.0,4.5,-6519.0
2013-10-01,서울특별시,6945.0,8.17,3655.0,4.3,5805.0,6.8,3290.0,3.9,-8773.0
2013-11-01,서울특별시,6718.0,8.17,3577.0,4.4,6002.0,7.3,3141.0,3.8,-11357.0
2013-12-01,서울특별시,6101.0,7.19,3562.0,4.2,8106.0,9.5,2539.0,3.0,-14152.0
2014-01-01,서울특별시,8038.0,9.47,3622.0,4.3,5478.0,6.5,4416.0,5.2,-4272.0
2014-02-01,서울특별시,6932.0,9.04,3684.0,4.8,5138.0,6.7,3248.0,4.2,-2832.0
2014-03-01,서울특별시,7253.0,8.55,3863.0,4.6,5313.0,6.3,3390.0,4.0,-6143.0
2014-04-01,서울특별시,7154.0,8.72,3439.0,4.2,4840.0,5.9,3715.0,4.5,-8456.0
2014-05-01,서울특별시,6878.0,8.11,3567.0,4.2,6288.0,7.4,3311.0,3.9,-7587.0
2014-06-01,서울특별시,6406.0,7.81,3203.0,3.9,5299.0,6.5,3203.0,3.9,-8395.0
2014-07-01,서울특별시,6975.0,8.23,3306.0,3.9,5330.0,6.3,3669.0,4.3,-7519.0
2014-08-01,서울특별시,7192.0,8.49,3282.0,3.9,4951.0,5.8,3910.0,4.6,-5663.0
2014-09-01,서울특별시,7393.0,9.02,3309.0,4.0,4106.0,5.0,4084.0,5.0,-6126.0
2014-10-01,서울특별시,6987.0,8.25,3582.0,4.2,5554.0,6.6,3405.0,4.0,-9122.0
2014-11-01,서울특별시,6244.0,7.62,3531.0,4.3,4995.0,6.1,2713.0,3.3,-9168.0
2014-12-01,서울특별시,6259.0,7.4,3765.0,4.5,7531.0,8.9,2494.0,2.9,-12548.0
2015-01-01,서울특별시,8033.0,9.5,3796.0,4.5,5901.0,7.0,4237.0,5.0,-3055.0
2015-02-01,서울특별시,6674.0,8.74,3697.0,4.8,4488.0,5.9,2977.0,3.9,-4136.0
2015-03-01,서울특별시,7603.0,9.0,3996.0,4.7,5665.0,6.7,3607.0,4.3,-9374.0
2015-04-01,서울특별시,7235.0,8.85,3652.0,4.5,5313.0,6.5,3583.0,4.4,-11117.0
2015-05-01,서울특별시,6993.0,8.29,3607.0,4.3,6000.0,7.1,3386.0,4.0,-11676.0
2015-06-01,서울특별시,6823.0,8.36,3370.0,4.1,5564.0,6.8,3453.0,4.2,-14378.0
2015-07-01,서울특별시,6885.0,8.17,3457.0,4.1,5101.0,6.1,3428.0,4.1,-11723.0
2015-08-01,서울특별시,6806.0,8.09,3352.0,4.0,4617.0,5.5,3454.0,4.1,-12911.0
2015-09-01,서울특별시,6820.0,8.38,3525.0,4.3,4080.0,5.0,3295.0,4.0,-12886.0
2015-10-01,서울특별시,6799.0,8.09,3517.0,4.2,4858.0,5.8,3282.0,3.9,-14997.0
2015-11-01,서울특별시,6381.0,7.86,3492.0,4.3,5454.0,6.7,2889.0,3.6,-13610.0
2015-12-01,서울특별시,5953.0,7.1,3592.0,4.3,7152.0,8.5,2361.0,2.8,-17393.0
2016-01-01,서울특별시,7426.0,8.89,3870.0,4.6,4764.0,5.7,3556.0,4.3,-6854.0
2016-02-01,서울특별시,6437.0,8.24,3800.0,4.9,4659.0,6.0,2637.0,3.4,-8211.0
2016-03-01,서울특별시,7176.0,8.6,3900.0,4.7,4991.0,6.0,3276.0,3.9,-8820.0
2016-04-01,서울특별시,6547.0,8.11,3661.0,4.5,4584.0,5.7,2886.0,3.6,-10658.0
2016-05-01,서울특별시,6422.0,7.71,3728.0,4.5,5181.0,6.2,2694.0,3.2,-11958.0
2016-06-01,서울특별시,6233.0,7.74,3286.0,4.1,5003.0,6.2,2947.0,3.7,-12064.0
2016-07-01,서울특별시,6414.0,7.71,3375.0,4.1,4556.0,5.5,3039.0,3.7,-12845.0
2016-08-01,서울특별시,6152.0,7.4,3554.0,4.3,4569.0,5.5,2598.0,3.1,-14671.0
2016-09-01,서울특별시,6292.0,7.83,3326.0,4.1,3683.0,4.6,2966.0,3.7,-10910.0
2016-10-01,서울특별시,5891.0,7.1,3569.0,4.3,4499.0,5.4,2322.0,2.8,-13258.0
2016-11-01,서울특별시,5495.0,6.85,3540.0,4.4,5294.0,6.6,1955.0,2.4,-14582.0
2016-12-01,서울특별시,5051.0,6.11,3931.0,4.8,5860.0,7.1,1120.0,1.4,-15426.0
2017-01-01,서울특별시,6376.0,7.69,3887.0,4.7,4679.0,5.6,2489.0,3.0,-2518.0
2017-02-01,서울특별시,5646.0,7.54,3499.0,4.7,4275.0,5.7,2147.0,2.9,-1548.0
2017-03-01,서울특별시,6133.0,7.4,3678.0,4.4,4700.0,5.7,2455.0,3.0,-4699.0
2017-04-01,서울특별시,5542.0,6.91,3482.0,4.3,4098.0,5.1,2060.0,2.6,-6375.0
2017-05-01,서울특별시,5434.0,6.56,3641.0,4.4,5583.0,6.7,1793.0,2.2,-6590.0
2017-06-01,서울특별시,5361.0,6.69,3380.0,4.2,4588.0,5.7,1981.0,2.5,-6045.0
2017-07-01,서울특별시,5345.0,6.46,3413.0,4.1,3921.0,4.7,1932.0,2.3,-8243.0
2017-08-01,서울특별시,5440.0,6.58,3411.0,4.1,4000.0,4.8,2029.0,2.5,-8991.0
2017-09-01,서울특별시,5490.0,6.87,3408.0,4.3,3684.0,4.6,2082.0,2.6,-13331.0
2017-10-01,서울특별시,5015.0,6.08,3681.0,4.5,3553.0,4.3,1334.0,1.6,-10741.0
2017-11-01,서울특별시,4943.0,6.19,3550.0,4.4,5021.0,6.3,1393.0,1.7,-14687.0
2017-12-01,서울특별시,4664.0,5.66,3902.0,4.7,5674.0,6.9,762.0,0.9,-14718.0
2018-01-01,서울특별시,5675.0,6.9,4625.0,5.6,4688.0,5.7,1050.0,1.3,-7155.0
2018-02-01,서울특별시,4792.0,6.5,3810.0,5.1,3912.0,5.3,982.0,1.3,-7234.0
2018-03-01,서울특별시,5278.0,6.4,3767.0,4.6,4588.0,5.6,1511.0,1.8,-7978.0
2018-04-01,서울특별시,4957.0,6.2,3675.0,4.6,4170.0,5.2,1282.0,1.6,-10067.0
2018-05-01,서울특별시,4942.0,6.0,3583.0,4.4,5049.0,6.2,1359.0,1.7,-11298.0
2018-06-01,서울특별시,4603.0,5.8,3425.0,4.3,4143.0,5.2,1178.0,1.5,-8522.0
2018-07-01,서울특별시,4845.0,5.9,3638.0,4.4,4033.0,4.9,1207.0,1.5,-9401.0
2018-08-01,서울특별시,4925.0,6.0,3815.0,4.7,3871.0,4.7,1110.0,1.4,-8968.0
2018-09-01,서울특별시,4687.0,5.9,3426.0,4.3,2988.0,3.8,1261.0,1.6,-7961.0
2018-10-01,서울특별시,4689.0,5.7,3676.0,4.5,4416.0,5.4,1013.0,1.2,-10707.0
2018-11-01,서울특별시,4571.0,5.8,3656.0,4.6,4583.0,5.8,915.0,1.2,-11335.0
2018-12-01,서울특별시,4110.0,5.0,4123.0,5.1,5564.0,6.8,-13.0,0.0,-9604.0
2019-01-01,서울특별시,5248.0,6.4,3975.0,4.9,4053.0,5.0,1273.0,1.6,-94.0
2019-02-01,서울특별시,4578.0,6.2,3391.0,4.6,3687.0,5.0,1187.0,1.6,3034.0
2019-03-01,서울특별시,4811.0,5.9,3712.0,4.6,3870.0,4.7,1099.0,1.3,-1650.0
2019-04-01,서울특별시,4686.0,5.9,3592.0,4.6,3977.0,5.0,1094.0,1.4,-4738.0
2019-05-01,서울특별시,4524.0,5.6,3599.0,4.4,4696.0,5.8,925.0,1.1,-6328.0
2019-06-01,서울특별시,4301.0,5.5,3442.0,4.4,3683.0,4.7,859.0,1.1,-6105.0
2019-07-01,서울특별시,4551.0,5.6,3486.0,4.3,3969.0,4.9,1065.0,1.3,-7077.0
2019-08-01,서울특별시,4330.0,5.3,3581.0,4.4,3859.0,4.7,749.0,0.9,-7410.0
2019-09-01,서울특별시,4291.0,5.5,3561.0,4.5,3212.0,4.1,730.0,0.9,-5466.0
2019-10-01,서울특별시,4513.0,5.6,3798.0,4.7,4088.0,5.0,715.0,0.9,-5060.0
2019-11-01,서울특별시,4170.0,5.3,3786.0,4.8,4150.0,5.3,384.0,0.5,-4708.0
2019-12-01,서울특별시,3670.0,4.5,3906.0,4.8,5017.0,6.2,-236.0,-0.3,-3986.0
2020-01-01,서울특별시,4701.0,5.8,4204.0,5.2,3863.0,4.8,497.0,0.6,3946.0
2020-02-01,서울특별시,3927.0,5.2,3760.0,5.0,3906.0,5.2,167.0,0.2,3305.0
2020-03-01,서울특별시,4126.0,5.1,3864.0,4.8,3974.0,4.9,262.0,0.3,-3404.0
2020-04-01,서울특별시,4095.0,5.2,3662.0,4.7,3199.0,4.1,433.0,0.6,-7117.0
2020-05-01,서울특별시,3984.0,4.9,3654.0,4.5,3859.0,4.8,330.0,0.4,-2709.0
2020-06-01,서울특별시,3886.0,5.0,3490.0,4.5,3665.0,4.7,396.0,0.5,-3932.0
2020-07-01,서울특별시,3954.0,4.9,3618.0,4.5,3709.0,4.6,336.0,0.4,-5919.0
2020-08-01,서울특별시,3897.0,4.8,3701.0,4.6,3238.0,4.0,196.0,0.2,-8044.0
2020-09-01,서울특별시,4108.0,5.3,3709.0,4.7,3272.0,4.2,399.0,0.5,-10044.0
2020-10-01,서울특별시,3870.0,4.8,4043.0,5.0,3537.0,4.4,-173.0,-0.2,-10312.0
2020-11-01,서울특별시,3469.0,4.4,3812.0,4.9,3802.0,4.9,-343.0,-0.4,-9486.0
2020-12-01,서울특별시,3428.0,4.3,4005.0,5.0,4722.0,5.9,-577.0,-0.7,-11134.0
2021-01-01,서울특별시,4395.0,5.4,4099.0,5.1,3167.0,3.9,296.0,0.4,-10440.0
2021-02-01,서울특별시,3666.0,5.0,3616.0,5.0,3016.0,4.1,50.0,0.1,-9415.0
2021-03-01,서울특별시,4206.0,5.2,3940.0,4.9,3331.0,4.1,266.0,0.3,-6216.0
2021-04-01,서울특별시,3995.0,5.1,3704.0,4.8,2998.0,3.8,291.0,0.4,-9738.0
2021-05-01,서울특별시,3996.0,5.0,3975.0,4.9,3092.0,3.8,21.0,0.0,-8309.0
2021-06-01,서울특별시,3795.0,4.9,3648.0,4.7,3034.0,3.9,147.0,0.2,-8288.0
2021-07-01,서울특별시,3787.0,4.7,3967.0,4.9,3106.0,3.9,-180.0,-0.2,-8429.0
2021-08-01,서울특별시,3858.0,4.8,3952.0,4.9,2851.0,3.6,-94.0,-0.1,-8117.0
2021-09-01,서울특별시,3753.0,4.8,3928.0,5.1,2698.0,3.5,-175.0,-0.2,-8119.0
2021-10-01,서울특별시,3533.0,4.4,4171.0,5.2,2858.0,3.6,-638.0,-0.8,-9389.0
2021-11-01,서울특별시,3513.0,4.5,4490.0,5.8,3107.0,4.0,-977.0,-1.3,-10554.0
2021-12-01,서울특별시,3034.0,3.8,5365.0,6.7,3754.0,4.7,-2331.0,-2.9,-9229.0
2022-01-01,서울특별시,4285.0,5.4,4648.0,5.8,2708.0,3.4,-363.0,-0.5,-2408.0
2022-02-01,서울특별시,3452.0,4.8,4511.0,6.3,2979.0,4.1,-1059.0,-1.5,3265.0
2022-03-01,서울특별시,4002.0,5.0,6529.0,8.2,2774.0,3.5,-2527.0,-3.2,-275.0
2022-04-01,서울특별시,3603.0,4.7,5351.0,6.9,2844.0,3.7,-1747.0,-2.3,-4166.0
2022-05-01,서울특별시,3372.0,4.2,4172.0,5.2,3259.0,4.1,-800.0,-1.0,-3082.0
2022-06-01,서울특별시,3137.0,4.1,3631.0,4.7,2630.0,3.4,-494.0,-0.6,-1810.0
2012-01-01,세종특별자치시,73.0,,88.0,,58.0,,-15.0,,1068.0
2012-02-01,세종특별자치시,74.0,,81.0,,46.0,,-7.0,,2281.0
2012-03-01,세종특별자치시,92.0,,69.0,,55.0,,23.0,,977.0
2012-04-01,세종특별자치시,84.0,,64.0,,44.0,,20.0,,303.0
2012-05-01,세종특별자치시,72.0,,58.0,,58.0,,14.0,,319.0
2012-06-01,세종특별자치시,78.0,,52.0,,51.0,,26.0,,358.0
2012-07-01,세종특별자치시,105.0,,59.0,,37.0,,46.0,,2339.0
2012-08-01,세종특별자치시,92.0,10.44,66.0,7.5,58.0,6.6,26.0,3.0,3464.0
2012-09-01,세종특별자치시,89.0,10.2,69.0,7.9,39.0,4.5,20.0,2.3,1391.0
2012-10-01,세종특별자치시,101.0,11.04,71.0,7.8,49.0,5.4,30.0,3.3,1766.0
2012-11-01,세종특별자치시,86.0,9.57,73.0,8.1,55.0,6.1,13.0,1.4,1366.0
2012-12-01,세종특별자치시,108.0,11.46,70.0,7.4,84.0,8.9,38.0,4.0,1861.0
2013-01-01,세종특별자치시,114.0,11.92,84.0,8.8,64.0,6.7,30.0,3.1,773.0
2013-02-01,세종특별자치시,104.0,11.92,59.0,6.8,53.0,6.1,45.0,5.2,1299.0
2013-03-01,세종특별자치시,88.0,9.03,91.0,9.3,60.0,6.2,-3.0,-0.3,687.0
2013-04-01,세종특별자치시,78.0,8.23,66.0,7.0,55.0,5.8,12.0,1.3,378.0
2013-05-01,세종특별자치시,86.0,8.75,63.0,6.4,66.0,6.7,23.0,2.3,460.0
2013-06-01,세종특별자치시,86.0,9.02,60.0,6.3,68.0,7.1,26.0,2.7,157.0
2013-07-01,세종특별자치시,102.0,10.33,55.0,5.6,60.0,6.1,47.0,4.8,313.0
2013-08-01,세종특별자치시,94.0,9.48,58.0,5.8,60.0,6.1,36.0,3.6,526.0
2013-09-01,세종특별자치시,115.0,11.94,57.0,5.9,41.0,4.3,58.0,6.0,283.0
2013-10-01,세종특별자치시,88.0,8.81,68.0,6.8,65.0,6.5,20.0,2.0,446.0
2013-11-01,세종특별자치시,89.0,9.17,67.0,6.9,63.0,6.5,22.0,2.3,533.0
2013-12-01,세종특별자치시,67.0,6.58,84.0,8.3,88.0,8.6,-17.0,-1.7,2841.0
2014-01-01,세종특별자치시,107.0,10.32,83.0,8.0,58.0,5.6,24.0,2.3,1635.0
2014-02-01,세종특별자치시,95.0,9.99,76.0,8.0,58.0,6.1,19.0,2.0,2110.0
2014-03-01,세종특별자치시,109.0,10.22,76.0,7.1,66.0,6.2,33.0,3.1,894.0
2014-04-01,세종특별자치시,111.0,10.66,72.0,6.9,65.0,6.2,39.0,3.7,1305.0
2014-05-01,세종특별자치시,98.0,9.01,58.0,5.3,74.0,6.8,40.0,3.7,1423.0
2014-06-01,세종특별자치시,94.0,8.85,56.0,5.3,62.0,5.8,38.0,3.6,980.0
2014-07-01,세종특별자치시,115.0,10.38,69.0,6.2,75.0,6.8,46.0,4.2,1277.0
2014-08-01,세종특별자치시,131.0,11.65,73.0,6.5,65.0,5.8,58.0,5.2,2561.0
2014-09-01,세종특별자치시,125.0,11.22,56.0,5.0,58.0,5.2,69.0,6.2,3437.0
2014-10-01,세종특별자치시,138.0,11.64,68.0,5.7,112.0,9.5,70.0,5.9,4522.0
2014-11-01,세종특별자치시,122.0,10.27,68.0,5.7,82.0,6.9,54.0,4.5,5385.0
2014-12-01,세종특별자치시,99.0,7.7,98.0,7.6,145.0,11.3,1.0,0.1,7927.0
2015-01-01,세종특별자치시,210.0,15.64,80.0,6.0,136.0,10.1,130.0,9.7,5519.0
2015-02-01,세종특별자치시,180.0,14.23,96.0,7.6,95.0,7.5,84.0,6.6,7941.0
2015-03-01,세종특별자치시,202.0,13.87,87.0,6.0,112.0,7.7,115.0,7.9,5057.0
2015-04-01,세종특별자치시,215.0,14.87,73.0,5.0,122.0,8.4,142.0,9.8,3617.0
2015-05-01,세종특별자치시,213.0,13.98,80.0,5.2,137.0,9.0,133.0,8.7,3215.0
2015-06-01,세종특별자치시,240.0,15.98,71.0,4.7,99.0,6.6,169.0,11.3,3017.0
2015-07-01,세종특별자치시,225.0,14.21,78.0,4.9,122.0,7.7,147.0,9.3,4111.0
2015-08-01,세종특별자치시,232.0,14.31,80.0,4.9,111.0,6.8,152.0,9.4,4527.0
2015-09-01,세종특별자치시,249.0,15.52,66.0,4.1,90.0,5.6,183.0,11.4,3626.0
2015-10-01,세종특별자치시,240.0,14.19,89.0,5.3,123.0,7.3,151.0,8.9,4084.0
2015-11-01,세종특별자치시,244.0,14.61,103.0,6.2,132.0,7.9,141.0,8.4,3687.0
2015-12-01,세종특별자치시,258.0,14.64,76.0,4.3,219.0,12.4,182.0,10.3,4643.0
2016-01-01,세종특별자치시,286.0,15.91,96.0,5.3,161.0,9.0,190.0,10.6,4363.0
2016-02-01,세종특별자치시,278.0,16.18,104.0,6.1,111.0,6.5,174.0,10.1,4506.0
2016-03-01,세종특별자치시,303.0,16.2,88.0,4.7,116.0,6.2,215.0,11.5,3155.0
2016-04-01,세종특별자치시,277.0,15.12,77.0,4.2,140.0,7.6,200.0,10.9,1814.0
2016-05-01,세종특별자치시,259.0,13.55,82.0,4.3,161.0,8.4,177.0,9.3,2278.0
2016-06-01,세종특별자치시,293.0,15.67,82.0,4.4,137.0,7.3,211.0,11.3,2159.0
2016-07-01,세종특별자치시,260.0,13.33,74.0,3.8,107.0,5.5,186.0,9.5,1591.0
2016-08-01,세종특별자치시,270.0,13.72,92.0,4.7,128.0,6.5,178.0,9.0,2179.0
2016-09-01,세종특별자치시,288.0,14.99,74.0,3.9,111.0,5.8,214.0,11.1,1426.0
2016-10-01,세종특별자치시,265.0,13.24,98.0,4.9,130.0,6.5,167.0,8.3,2177.0
2016-11-01,세종특별자치시,273.0,13.96,94.0,4.8,124.0,6.3,179.0,9.2,1859.0
2016-12-01,세종특별자치시,245.0,12.01,104.0,5.1,186.0,9.1,141.0,6.9,2309.0
2017-01-01,세종특별자치시,335.0,16.23,115.0,5.6,136.0,6.6,220.0,10.7,1701.0
2017-02-01,세종특별자치시,259.0,13.77,96.0,5.1,134.0,7.1,163.0,8.7,2454.0
2017-03-01,세종특별자치시,303.0,14.36,95.0,4.5,137.0,6.5,208.0,9.9,3391.0
2017-04-01,세종특별자치시,274.0,13.25,102.0,4.9,103.0,5.0,172.0,8.3,2779.0
2017-05-01,세종특별자치시,302.0,13.91,91.0,4.2,180.0,8.3,211.0,9.7,4810.0
2017-06-01,세종특별자치시,272.0,12.72,72.0,3.4,153.0,7.2,200.0,9.4,3734.0
2017-07-01,세종특별자치시,273.0,12.2,86.0,3.8,117.0,5.2,187.0,8.4,2813.0
2017-08-01,세종특별자치시,319.0,14.09,91.0,4.0,134.0,5.9,228.0,10.1,2825.0
2017-09-01,세종특별자치시,323.0,14.6,81.0,3.7,119.0,5.4,242.0,10.9,2068.0
2017-10-01,세종특별자치시,297.0,12.87,116.0,5.0,100.0,4.3,181.0,7.8,2455.0
2017-11-01,세종특별자치시,265.0,11.75,100.0,4.4,210.0,9.3,165.0,7.3,2601.0
2017-12-01,세종특별자치시,282.0,11.97,114.0,4.8,205.0,8.7,168.0,7.1,3059.0
2018-01-01,세종특별자치시,347.0,14.6,134.0,5.6,190.0,8.0,213.0,8.9,2879.0
2018-02-01,세종특별자치시,305.0,14.0,94.0,4.3,133.0,6.1,211.0,9.7,4697.0
2018-03-01,세종특별자치시,319.0,13.0,106.0,4.3,187.0,7.6,213.0,8.7,2878.0
2018-04-01,세종특별자치시,306.0,12.7,91.0,3.8,140.0,5.8,215.0,9.0,3638.0
2018-05-01,세종특별자치시,301.0,12.0,95.0,3.8,222.0,8.9,206.0,8.2,2327.0
2018-06-01,세종특별자치시,277.0,11.3,91.0,3.7,161.0,6.6,186.0,7.6,2525.0
2018-07-01,세종특별자치시,344.0,13.5,113.0,4.4,134.0,5.3,231.0,9.1,2147.0
2018-08-01,세종특별자치시,280.0,10.9,115.0,4.5,159.0,6.2,165.0,6.4,2708.0
2018-09-01,세종특별자치시,293.0,11.7,94.0,3.7,115.0,4.6,199.0,7.9,2266.0
2018-10-01,세종특별자치시,309.0,11.8,124.0,4.7,185.0,7.1,185.0,7.1,2106.0
2018-11-01,세종특별자치시,337.0,13.2,108.0,4.2,177.0,6.9,229.0,9.0,1479.0
2018-12-01,세종특별자치시,285.0,10.8,94.0,3.5,235.0,8.9,191.0,7.2,1783.0
2019-01-01,세종특별자치시,392.0,14.7,119.0,4.5,172.0,6.4,273.0,10.2,2457.0
2019-02-01,세종특별자치시,336.0,13.8,111.0,4.6,165.0,6.8,225.0,9.2,3293.0
2019-03-01,세종특별자치시,355.0,13.0,100.0,3.7,159.0,5.8,255.0,9.4,2076.0
2019-04-01,세종특별자치시,323.0,12.2,101.0,3.8,173.0,6.5,222.0,8.4,1486.0
2019-05-01,세종특별자치시,348.0,12.6,89.0,3.2,208.0,7.6,259.0,9.4,1085.0
2019-06-01,세종특별자치시,282.0,10.5,90.0,3.4,160.0,6.0,192.0,7.2,1661.0
2019-07-01,세종특별자치시,311.0,11.2,99.0,3.6,142.0,5.1,212.0,7.6,2463.0
2019-08-01,세종특별자치시,284.0,10.1,107.0,3.8,144.0,5.1,177.0,6.3,1568.0
2019-09-01,세종특별자치시,282.0,10.3,86.0,3.2,125.0,4.6,196.0,7.2,1481.0
2019-10-01,세종특별자치시,322.0,11.4,123.0,4.3,196.0,6.9,199.0,7.0,2403.0
2019-11-01,세종특별자치시,310.0,11.2,99.0,3.6,165.0,6.0,211.0,7.6,2040.0
2019-12-01,세종특별자치시,274.0,9.5,97.0,3.4,230.0,8.0,177.0,6.2,1711.0
2020-01-01,세종특별자치시,372.0,12.9,124.0,4.3,155.0,5.4,248.0,8.6,1495.0
2020-02-01,세종특별자치시,307.0,11.3,105.0,3.9,160.0,5.9,202.0,7.5,1303.0
2020-03-01,세종특별자치시,329.0,11.3,105.0,3.6,142.0,4.9,224.0,7.7,746.0
2020-04-01,세종특별자치시,316.0,11.2,107.0,3.8,148.0,5.3,209.0,7.4,210.0
2020-05-01,세종특별자치시,250.0,8.6,105.0,3.6,160.0,5.5,145.0,5.0,-18.0
2020-06-01,세종특별자치시,273.0,9.7,103.0,3.7,142.0,5.0,170.0,6.0,-182.0
2020-07-01,세종특별자치시,308.0,10.6,124.0,4.2,153.0,5.2,184.0,6.3,681.0
2020-08-01,세종특별자치시,277.0,9.5,94.0,3.2,125.0,4.3,183.0,6.3,810.0
2020-09-01,세종특별자치시,253.0,8.9,117.0,4.1,146.0,5.1,136.0,4.8,623.0
2020-10-01,세종특별자치시,283.0,9.6,111.0,3.8,146.0,4.9,172.0,5.8,2844.0
2020-11-01,세종특별자치시,257.0,8.9,113.0,3.9,175.0,6.1,144.0,5.0,2274.0
2020-12-01,세종특별자치시,243.0,8.1,109.0,3.6,202.0,6.7,134.0,4.5,2239.0
2021-01-01,세종특별자치시,342.0,11.3,105.0,3.5,223.0,7.4,237.0,7.8,1822.0
2021-02-01,세종특별자치시,293.0,10.7,111.0,4.0,110.0,4.0,182.0,6.6,1497.0
2021-03-01,세종특별자치시,363.0,11.9,118.0,3.9,104.0,3.4,245.0,8.0,987.0
2021-04-01,세종특별자치시,307.0,10.4,103.0,3.5,126.0,4.3,204.0,6.9,721.0
2021-05-01,세종특별자치시,269.0,8.8,109.0,3.6,126.0,4.1,160.0,5.2,449.0
2021-06-01,세종특별자치시,280.0,9.4,93.0,3.1,142.0,4.8,187.0,6.3,769.0
2021-07-01,세종특별자치시,313.0,10.2,108.0,3.5,153.0,5.0,205.0,6.7,1137.0
2021-08-01,세종특별자치시,290.0,9.4,114.0,3.7,127.0,4.1,176.0,5.7,769.0
2021-09-01,세종특별자치시,305.0,10.2,99.0,3.3,105.0,3.5,206.0,6.9,1045.0
2021-10-01,세종특별자치시,319.0,10.2,131.0,4.2,109.0,3.5,188.0,6.0,1509.0
2021-11-01,세종특별자치시,263.0,8.7,134.0,4.4,147.0,4.9,129.0,4.3,1044.0
2021-12-01,세종특별자치시,226.0,7.2,129.0,4.1,155.0,4.9,97.0,3.1,2336.0
2022-01-01,세종특별자치시,321.0,10.1,133.0,4.2,136.0,4.3,188.0,5.9,2311.0
2022-02-01,세종특별자치시,303.0,10.5,122.0,4.2,171.0,6.0,181.0,6.3,1869.0
2022-03-01,세종특별자치시,310.0,9.7,207.0,6.5,117.0,3.7,103.0,3.2,729.0
2022-04-01,세종특별자치시,275.0,8.9,164.0,5.3,128.0,4.1,110.0,3.6,812.0
2022-05-01,세종특별자치시,254.0,7.9,109.0,3.4,150.0,4.7,145.0,4.5,970.0
2022-06-01,세종특별자치시,248.0,7.9,106.0,3.4,123.0,3.9,141.0,4.5,719.0
2000-01-01,울산광역시,1479.0,17.03,384.0,4.4,655.0,7.5,1095.0,12.6,522.0
2000-02-01,울산광역시,1388.0,17.07,327.0,4.0,574.0,7.1,1061.0,13.0,4.0
2000-03-01,울산광역시,1524.0,17.51,330.0,3.8,623.0,7.2,1194.0,13.7,466.0
2000-04-01,울산광역시,1360.0,16.12,320.0,3.8,500.0,5.9,1040.0,12.3,99.0
2000-05-01,울산광역시,1311.0,15.01,280.0,3.2,797.0,9.1,1031.0,11.8,605.0
2000-06-01,울산광역시,1141.0,13.48,284.0,3.4,649.0,7.7,857.0,10.1,207.0
2000-07-01,울산광역시,1237.0,14.13,292.0,3.3,389.0,4.4,945.0,10.8,139.0
2000-08-01,울산광역시,1225.0,13.97,325.0,3.7,337.0,3.8,900.0,10.3,303.0
2000-09-01,울산광역시,1296.0,15.27,321.0,3.8,289.0,3.4,975.0,11.5,36.0
2000-10-01,울산광역시,1378.0,15.7,375.0,4.3,509.0,5.8,1003.0,11.4,182.0
2000-11-01,울산광역시,1259.0,14.8,319.0,3.7,720.0,8.5,940.0,11.0,228.0
2000-12-01,울산광역시,1218.0,13.83,335.0,3.8,848.0,9.6,883.0,10.0,425.0
2001-01-01,울산광역시,1337.0,15.12,341.0,3.9,617.0,7.0,996.0,11.3,318.0
2001-02-01,울산광역시,1216.0,15.2,297.0,3.7,537.0,6.7,919.0,11.5,296.0
2001-03-01,울산광역시,1366.0,15.41,369.0,4.2,540.0,6.1,997.0,11.2,708.0
2001-04-01,울산광역시,1167.0,13.58,326.0,3.8,592.0,6.9,841.0,9.8,793.0
2001-05-01,울산광역시,1158.0,13.02,326.0,3.7,711.0,8.0,832.0,9.4,510.0
2001-06-01,울산광역시,1024.0,11.89,311.0,3.6,597.0,6.9,713.0,8.3,300.0
2001-07-01,울산광역시,996.0,11.18,315.0,3.5,422.0,4.7,681.0,7.6,488.0
2001-08-01,울산광역시,1014.0,11.36,306.0,3.4,384.0,4.3,708.0,7.9,403.0
2001-09-01,울산광역시,1132.0,13.1,316.0,3.7,291.0,3.4,816.0,9.4,470.0
2001-10-01,울산광역시,1072.0,12.0,357.0,4.0,442.0,4.9,715.0,8.0,688.0
2001-11-01,울산광역시,1037.0,11.98,349.0,4.0,703.0,8.1,688.0,7.9,700.0
2001-12-01,울산광역시,1081.0,12.07,314.0,3.5,894.0,10.0,767.0,8.6,314.0
2002-01-01,울산광역시,1133.0,12.63,346.0,3.9,630.0,7.0,787.0,8.8,830.0
2002-02-01,울산광역시,1043.0,12.86,294.0,3.6,474.0,5.8,749.0,9.2,44.0
2002-03-01,울산광역시,1130.0,12.57,324.0,3.6,545.0,6.1,806.0,9.0,267.0
2002-04-01,울산광역시,989.0,11.36,303.0,3.5,529.0,6.1,686.0,7.9,526.0
2002-05-01,울산광역시,964.0,10.71,334.0,3.7,737.0,8.2,630.0,7.0,498.0
2002-06-01,울산광역시,893.0,10.24,302.0,3.5,556.0,6.4,591.0,6.8,59.0
2002-07-01,울산광역시,941.0,10.43,309.0,3.4,425.0,4.7,632.0,7.0,21.0
2002-08-01,울산광역시,909.0,10.07,341.0,3.8,407.0,4.5,568.0,6.3,98.0
2002-09-01,울산광역시,919.0,10.52,327.0,3.7,303.0,3.5,592.0,6.8,-55.0
2002-10-01,울산광역시,957.0,10.59,335.0,3.7,446.0,4.9,622.0,6.9,223.0
2002-11-01,울산광역시,919.0,10.51,332.0,3.8,698.0,8.0,587.0,6.7,118.0
2002-12-01,울산광역시,869.0,9.61,412.0,4.6,762.0,8.4,457.0,5.1,-4.0
2003-01-01,울산광역시,983.0,10.86,360.0,4.0,586.0,6.5,623.0,6.9,409.0
2003-02-01,울산광역시,957.0,11.7,288.0,3.5,470.0,5.7,669.0,8.2,-230.0
2003-03-01,울산광역시,1061.0,11.71,388.0,4.3,509.0,5.6,673.0,7.4,202.0
2003-04-01,울산광역시,1070.0,12.19,333.0,3.8,514.0,5.9,737.0,8.4,102.0
2003-05-01,울산광역시,1025.0,11.29,357.0,3.9,670.0,7.4,668.0,7.4,639.0
2003-06-01,울산광역시,855.0,9.73,326.0,3.7,528.0,6.0,529.0,6.0,116.0
2003-07-01,울산광역시,913.0,10.05,322.0,3.5,454.0,5.0,591.0,6.5,219.0
2003-08-01,울산광역시,932.0,10.25,347.0,3.8,368.0,4.0,585.0,6.4,-512.0
2003-09-01,울산광역시,1022.0,11.61,338.0,3.8,306.0,3.5,684.0,7.8,681.0
2003-10-01,울산광역시,989.0,10.87,383.0,4.2,617.0,6.8,606.0,6.7,246.0
2003-11-01,울산광역시,974.0,11.06,362.0,4.1,695.0,7.9,612.0,6.9,13.0
2003-12-01,울산광역시,939.0,10.31,355.0,3.9,811.0,8.9,584.0,6.4,-13.0
2004-01-01,울산광역시,1035.0,11.38,344.0,3.8,587.0,6.5,691.0,7.6,790.0
2004-02-01,울산광역시,978.0,11.48,372.0,4.4,564.0,6.6,606.0,7.1,167.0
2004-03-01,울산광역시,1066.0,11.7,363.0,4.0,539.0,5.9,703.0,7.7,797.0
2004-04-01,울산광역시,940.0,10.65,336.0,3.8,388.0,4.4,604.0,6.8,260.0
2004-05-01,울산광역시,879.0,9.63,357.0,3.9,612.0,6.7,522.0,5.7,-145.0
2004-06-01,울산광역시,887.0,10.04,305.0,3.5,609.0,6.9,582.0,6.6,-157.0
2004-07-01,울산광역시,854.0,9.35,321.0,3.5,412.0,4.5,533.0,5.8,-425.0
2004-08-01,울산광역시,905.0,9.91,297.0,3.3,428.0,4.7,608.0,6.7,-758.0
2004-09-01,울산광역시,944.0,10.69,283.0,3.2,308.0,3.5,661.0,7.5,-319.0
2004-10-01,울산광역시,957.0,10.49,329.0,3.6,491.0,5.4,628.0,6.9,-265.0
2004-11-01,울산광역시,893.0,10.1,326.0,3.7,657.0,7.4,567.0,6.4,738.0
2004-12-01,울산광역시,813.0,8.88,336.0,3.7,1052.0,11.5,477.0,5.2,1081.0
2005-01-01,울산광역시,953.0,10.37,343.0,3.7,538.0,5.9,610.0,6.6,387.0
2005-02-01,울산광역시,817.0,9.84,349.0,4.2,470.0,5.7,468.0,5.6,48.0
2005-03-01,울산광역시,965.0,10.49,340.0,3.7,577.0,6.3,625.0,6.8,-107.0
2005-04-01,울산광역시,875.0,9.82,350.0,3.9,468.0,5.3,525.0,5.9,-113.0
2005-05-01,울산광역시,848.0,9.2,318.0,3.5,693.0,7.5,530.0,5.8,-132.0
2005-06-01,울산광역시,814.0,9.13,327.0,3.7,597.0,6.7,487.0,5.5,-625.0
2005-07-01,울산광역시,808.0,8.77,314.0,3.4,469.0,5.1,494.0,5.4,-215.0
2005-08-01,울산광역시,872.0,9.46,338.0,3.7,473.0,5.1,534.0,5.8,-742.0
2005-09-01,울산광역시,960.0,10.76,302.0,3.4,376.0,4.2,658.0,7.4,-358.0
2005-10-01,울산광역시,909.0,9.86,368.0,4.0,499.0,5.4,541.0,5.9,187.0
2005-11-01,울산광역시,789.0,8.84,386.0,4.3,738.0,8.3,403.0,4.5,549.0
2005-12-01,울산광역시,859.0,9.31,373.0,4.0,1041.0,11.3,486.0,5.3,729.0
2006-01-01,울산광역시,935.0,10.12,349.0,3.8,588.0,6.4,586.0,6.3,-172.0
2006-02-01,울산광역시,884.0,10.59,303.0,3.6,490.0,5.9,581.0,7.0,-581.0
2006-03-01,울산광역시,956.0,10.34,351.0,3.8,605.0,6.5,605.0,6.5,-196.0
2006-04-01,울산광역시,876.0,9.79,316.0,3.5,536.0,6.0,560.0,6.3,-424.0
2006-05-01,울산광역시,911.0,9.85,361.0,3.9,752.0,8.1,550.0,5.9,119.0
2006-06-01,울산광역시,863.0,9.64,323.0,3.6,730.0,8.2,540.0,6.0,125.0
2006-07-01,울산광역시,825.0,8.91,339.0,3.7,504.0,5.4,486.0,5.2,-22.0
2006-08-01,울산광역시,921.0,9.94,340.0,3.7,503.0,5.4,581.0,6.3,-533.0
2006-09-01,울산광역시,945.0,10.54,335.0,3.7,367.0,4.1,610.0,6.8,-297.0
2006-10-01,울산광역시,902.0,9.73,350.0,3.8,479.0,5.2,552.0,6.0,-166.0
2006-11-01,울산광역시,870.0,9.7,365.0,4.1,831.0,9.3,505.0,5.6,-126.0
2006-12-01,울산광역시,852.0,9.18,372.0,4.0,1108.0,11.9,480.0,5.2,-138.0
2007-01-01,울산광역시,1013.0,10.91,395.0,4.3,766.0,8.3,618.0,6.7,-224.0
2007-02-01,울산광역시,955.0,11.39,337.0,4.0,645.0,7.7,618.0,7.4,-849.0
2007-03-01,울산광역시,1031.0,11.11,342.0,3.7,604.0,6.5,689.0,7.4,-490.0
2007-04-01,울산광역시,943.0,10.49,306.0,3.4,529.0,5.9,637.0,7.1,-207.0
2007-05-01,울산광역시,1017.0,10.95,345.0,3.7,683.0,7.4,672.0,7.2,-190.0
2007-06-01,울산광역시,890.0,9.89,332.0,3.7,642.0,7.1,558.0,6.2,-101.0
2007-07-01,울산광역시,951.0,10.22,358.0,3.8,532.0,5.7,593.0,6.4,260.0
2007-08-01,울산광역시,1033.0,11.1,286.0,3.1,525.0,5.6,747.0,8.0,-97.0
2007-09-01,울산광역시,1074.0,11.91,324.0,3.6,387.0,4.3,750.0,8.3,27.0
2007-10-01,울산광역시,1101.0,11.82,356.0,3.8,579.0,6.2,745.0,8.0,116.0
2007-11-01,울산광역시,1046.0,11.59,375.0,4.2,794.0,8.8,671.0,7.4,339.0
2007-12-01,울산광역시,901.0,9.65,375.0,4.0,877.0,9.4,526.0,5.6,424.0
2008-01-01,울산광역시,1075.0,11.53,390.0,4.2,801.0,8.6,685.0,7.3,668.0
2008-02-01,울산광역시,929.0,10.64,351.0,4.0,614.0,7.0,578.0,6.6,582.0
2008-03-01,울산광역시,999.0,10.69,362.0,3.9,671.0,7.2,637.0,6.8,175.0
2008-04-01,울산광역시,962.0,10.63,339.0,3.7,548.0,6.1,623.0,6.9,462.0
2008-05-01,울산광역시,904.0,9.66,348.0,3.7,797.0,8.5,556.0,5.9,311.0
2008-06-01,울산광역시,888.0,9.8,310.0,3.4,667.0,7.4,578.0,6.4,323.0
2008-07-01,울산광역시,940.0,10.03,316.0,3.4,593.0,6.3,624.0,6.7,281.0
2008-08-01,울산광역시,918.0,9.78,363.0,3.9,540.0,5.8,555.0,5.9,285.0
2008-09-01,울산광역시,1005.0,11.06,327.0,3.6,363.0,4.0,678.0,7.5,94.0
2008-10-01,울산광역시,1006.0,10.7,346.0,3.7,623.0,6.6,660.0,7.0,534.0
2008-11-01,울산광역시,890.0,9.77,373.0,4.1,664.0,7.3,517.0,5.7,76.0
2008-12-01,울산광역시,849.0,9.01,347.0,3.7,956.0,10.2,502.0,5.3,115.0
2009-01-01,울산광역시,1052.0,11.13,411.0,4.3,769.0,8.1,641.0,6.8,-4.0
2009-02-01,울산광역시,946.0,11.08,321.0,3.8,527.0,6.2,625.0,7.3,-934.0
2009-03-01,울산광역시,974.0,10.31,344.0,3.6,592.0,6.3,630.0,6.7,-635.0
2009-04-01,울산광역시,901.0,9.85,346.0,3.8,559.0,6.1,555.0,6.1,-149.0
2009-05-01,울산광역시,931.0,9.85,418.0,4.4,669.0,7.1,513.0,5.4,-212.0
2009-06-01,울산광역시,869.0,9.5,340.0,3.7,620.0,6.8,529.0,5.8,-179.0
2009-07-01,울산광역시,866.0,9.15,296.0,3.1,536.0,5.7,570.0,6.0,-377.0
2009-08-01,울산광역시,896.0,9.47,315.0,3.3,523.0,5.5,581.0,6.1,-640.0
2009-09-01,울산광역시,950.0,10.37,365.0,4.0,413.0,4.5,585.0,6.4,-647.0
2009-10-01,울산광역시,908.0,9.59,367.0,3.9,473.0,5.0,541.0,5.7,-357.0
2009-11-01,울산광역시,900.0,9.82,384.0,4.2,672.0,7.3,516.0,5.6,-304.0
2009-12-01,울산광역시,840.0,8.87,411.0,4.3,914.0,9.7,429.0,4.5,-593.0
2010-01-01,울산광역시,1021.0,10.78,381.0,4.0,616.0,6.5,640.0,6.8,-356.0
2010-02-01,울산광역시,894.0,10.45,320.0,3.7,590.0,6.9,574.0,6.7,-1124.0
2010-03-01,울산광역시,974.0,10.29,380.0,4.0,590.0,6.2,594.0,6.3,-1145.0
2010-04-01,울산광역시,954.0,10.41,371.0,4.0,579.0,6.3,583.0,6.4,-340.0
2010-05-01,울산광역시,820.0,8.66,376.0,4.0,721.0,7.6,444.0,4.7,-17.0
2010-06-01,울산광역시,865.0,9.43,344.0,3.8,673.0,7.3,521.0,5.7,-204.0
2010-07-01,울산광역시,906.0,9.56,359.0,3.8,570.0,6.0,547.0,5.8,-206.0
2010-08-01,울산광역시,941.0,9.92,336.0,3.5,603.0,6.4,605.0,6.4,-534.0
2010-09-01,울산광역시,1069.0,11.64,335.0,3.6,455.0,5.0,734.0,8.0,-345.0
2010-10-01,울산광역시,1086.0,11.45,361.0,3.8,552.0,5.8,725.0,7.6,115.0
2010-11-01,울산광역시,998.0,10.87,379.0,4.1,725.0,7.9,619.0,6.7,251.0
2010-12-01,울산광역시,904.0,9.52,386.0,4.1,986.0,10.4,518.0,5.5,380.0
2011-01-01,울산광역시,1141.0,12.01,415.0,4.4,669.0,7.0,726.0,7.6,416.0
2011-02-01,울산광역시,932.0,10.85,356.0,4.1,499.0,5.8,576.0,6.7,-295.0
2011-03-01,울산광역시,1095.0,11.51,394.0,4.1,660.0,6.9,701.0,7.4,-19.0
2011-04-01,울산광역시,1010.0,10.96,352.0,3.8,543.0,5.9,658.0,7.1,52.0
2011-05-01,울산광역시,954.0,10.01,341.0,3.6,717.0,7.5,613.0,6.4,-89.0
2011-06-01,울산광역시,905.0,9.81,362.0,3.9,714.0,7.7,543.0,5.9,665.0
2011-07-01,울산광역시,940.0,9.85,358.0,3.8,546.0,5.7,582.0,6.1,6.0
2011-08-01,울산광역시,940.0,9.85,348.0,3.6,594.0,6.2,592.0,6.2,-34.0
2011-09-01,울산광역시,959.0,10.37,355.0,3.8,460.0,5.0,604.0,6.5,326.0
2011-10-01,울산광역시,920.0,9.62,400.0,4.2,600.0,6.3,520.0,5.4,663.0
2011-11-01,울산광역시,922.0,9.95,393.0,4.2,811.0,8.8,529.0,5.7,168.0
2011-12-01,울산광역시,824.0,8.6,388.0,4.1,955.0,10.0,436.0,4.6,13.0
2012-01-01,울산광역시,1062.0,11.11,442.0,4.6,789.0,8.3,620.0,6.5,443.0
2012-02-01,울산광역시,1006.0,11.24,429.0,4.8,604.0,6.8,577.0,6.4,-57.0
2012-03-01,울산광역시,1116.0,11.66,410.0,4.3,649.0,6.8,706.0,7.4,305.0
2012-04-01,울산광역시,1046.0,11.28,359.0,3.9,694.0,7.5,687.0,7.4,1002.0
2012-05-01,울산광역시,949.0,9.89,367.0,3.8,670.0,7.0,582.0,6.1,362.0
2012-06-01,울산광역시,921.0,9.91,355.0,3.8,592.0,6.4,566.0,6.1,-255.0
2012-07-01,울산광역시,972.0,10.12,351.0,3.7,616.0,6.4,621.0,6.5,-66.0
2012-08-01,울산광역시,1053.0,10.96,376.0,3.9,568.0,5.9,677.0,7.0,308.0
2012-09-01,울산광역시,1079.0,11.59,356.0,3.8,393.0,4.2,723.0,7.8,329.0
2012-10-01,울산광역시,1081.0,11.23,376.0,3.9,617.0,6.4,705.0,7.3,762.0
2012-11-01,울산광역시,1023.0,10.96,380.0,4.1,821.0,8.8,643.0,6.9,769.0
2012-12-01,울산광역시,852.0,8.83,366.0,3.8,874.0,9.1,486.0,5.0,104.0
2013-01-01,울산광역시,1131.0,11.68,413.0,4.3,720.0,7.4,718.0,7.4,211.0
2013-02-01,울산광역시,930.0,10.62,403.0,4.6,597.0,6.8,527.0,6.0,-230.0
2013-03-01,울산광역시,980.0,10.1,433.0,4.5,576.0,5.9,547.0,5.6,1040.0
2013-04-01,울산광역시,971.0,10.33,406.0,4.3,578.0,6.2,565.0,6.0,-75.0
2013-05-01,울산광역시,934.0,9.61,394.0,4.1,762.0,7.8,540.0,5.6,71.0
2013-06-01,울산광역시,809.0,8.6,378.0,4.0,625.0,6.6,431.0,4.6,191.0
2013-07-01,울산광역시,944.0,9.7,409.0,4.2,641.0,6.6,535.0,5.5,175.0
2013-08-01,울산광역시,934.0,9.59,384.0,3.9,643.0,6.6,550.0,5.6,899.0
2013-09-01,울산광역시,997.0,10.57,379.0,4.0,455.0,4.8,618.0,6.6,-426.0
2013-10-01,울산광역시,946.0,9.7,411.0,4.2,644.0,6.6,535.0,5.5,-48.0
2013-11-01,울산광역시,896.0,9.49,428.0,4.5,805.0,8.5,468.0,5.0,412.0
2013-12-01,울산광역시,858.0,8.79,433.0,4.4,952.0,9.8,425.0,4.4,87.0
2014-01-01,울산광역시,1078.0,11.04,396.0,4.1,749.0,7.7,682.0,7.0,154.0
2014-02-01,울산광역시,992.0,11.24,418.0,4.7,547.0,6.2,574.0,6.5,-185.0
2014-03-01,울산광역시,996.0,10.18,388.0,4.0,598.0,6.1,608.0,6.2,-10.0
2014-04-01,울산광역시,1025.0,10.82,338.0,3.6,529.0,5.6,687.0,7.3,324.0
2014-05-01,울산광역시,983.0,10.04,391.0,4.0,757.0,7.7,592.0,6.0,374.0
2014-06-01,울산광역시,869.0,9.16,399.0,4.2,652.0,6.9,470.0,5.0,167.0
2014-07-01,울산광역시,937.0,9.55,390.0,4.0,575.0,5.9,547.0,5.6,42.0
2014-08-01,울산광역시,945.0,9.63,388.0,4.0,552.0,5.6,557.0,5.7,158.0
2014-09-01,울산광역시,986.0,10.38,382.0,4.0,475.0,5.0,604.0,6.4,149.0
2014-10-01,울산광역시,992.0,10.1,381.0,3.9,716.0,7.3,611.0,6.2,5.0
2014-11-01,울산광역시,875.0,9.19,397.0,4.2,632.0,6.6,478.0,5.0,1982.0
2014-12-01,울산광역시,878.0,8.91,427.0,4.3,892.0,9.1,451.0,4.6,-374.0
2015-01-01,울산광역시,1102.0,11.18,425.0,4.3,752.0,7.6,677.0,6.9,273.0
2015-02-01,울산광역시,947.0,10.64,405.0,4.5,476.0,5.3,542.0,6.1,-428.0
2015-03-01,울산광역시,1055.0,10.69,439.0,4.5,675.0,6.8,616.0,6.2,564.0
2015-04-01,울산광역시,1047.0,10.96,404.0,4.2,536.0,5.6,643.0,6.7,140.0
2015-05-01,울산광역시,962.0,9.74,414.0,4.2,703.0,7.1,548.0,5.5,-397.0
2015-06-01,울산광역시,948.0,9.92,415.0,4.3,706.0,7.4,533.0,5.6,-464.0
2015-07-01,울산광역시,1074.0,10.87,436.0,4.4,540.0,5.5,638.0,6.5,-115.0
2015-08-01,울산광역시,888.0,8.98,362.0,3.7,585.0,5.9,526.0,5.3,-242.0
2015-09-01,울산광역시,944.0,9.87,409.0,4.3,465.0,4.9,535.0,5.6,-233.0
2015-10-01,울산광역시,967.0,9.77,403.0,4.1,529.0,5.3,564.0,5.7,1477.0
2015-11-01,울산광역시,887.0,9.25,380.0,4.0,682.0,7.1,507.0,5.3,456.0
2015-12-01,울산광역시,911.0,9.19,423.0,4.3,834.0,8.4,488.0,4.9,-1111.0
2016-01-01,울산광역시,989.0,10.01,409.0,4.1,601.0,6.1,580.0,5.9,-456.0
2016-02-01,울산광역시,931.0,10.07,454.0,4.9,559.0,6.0,477.0,5.2,-947.0
2016-03-01,울산광역시,1003.0,10.15,423.0,4.3,652.0,6.6,580.0,5.9,-737.0
2016-04-01,울산광역시,974.0,10.19,398.0,4.2,558.0,5.8,576.0,6.0,-619.0
2016-05-01,울산광역시,953.0,9.65,403.0,4.1,644.0,6.5,550.0,5.6,-452.0
2016-06-01,울산광역시,834.0,8.72,361.0,3.8,634.0,6.6,473.0,4.9,-536.0
2016-07-01,울산광역시,879.0,8.9,387.0,3.9,536.0,5.4,492.0,5.0,-583.0
2016-08-01,울산광역시,898.0,9.09,394.0,4.0,542.0,5.5,504.0,5.1,-593.0
2016-09-01,울산광역시,974.0,10.19,384.0,4.0,407.0,4.3,590.0,6.2,-648.0
2016-10-01,울산광역시,918.0,9.29,434.0,4.4,535.0,5.4,484.0,4.9,-368.0
2016-11-01,울산광역시,820.0,8.58,441.0,4.6,654.0,6.8,379.0,4.0,-724.0
2016-12-01,울산광역시,737.0,7.46,459.0,4.6,684.0,6.9,278.0,2.8,-959.0
2017-01-01,울산광역시,935.0,9.45,490.0,4.9,602.0,6.1,445.0,4.5,-1073.0
2017-02-01,울산광역시,746.0,8.35,395.0,4.4,531.0,5.9,351.0,3.9,-2073.0
2017-03-01,울산광역시,886.0,8.97,377.0,3.8,569.0,5.8,509.0,5.2,-1503.0
2017-04-01,울산광역시,847.0,8.87,412.0,4.3,483.0,5.1,435.0,4.6,-773.0
2017-05-01,울산광역시,766.0,7.76,381.0,3.9,657.0,6.7,385.0,3.9,-1021.0
2017-06-01,울산광역시,718.0,7.52,363.0,3.8,559.0,5.9,355.0,3.7,-789.0
2017-07-01,울산광역시,757.0,7.68,373.0,3.8,414.0,4.2,384.0,3.9,-963.0
2017-08-01,울산광역시,821.0,8.33,379.0,3.8,481.0,4.9,442.0,4.5,-1486.0
2017-09-01,울산광역시,781.0,8.2,403.0,4.2,405.0,4.3,378.0,4.0,-957.0
2017-10-01,울산광역시,787.0,7.99,406.0,4.1,395.0,4.0,381.0,3.9,-261.0
2017-11-01,울산광역시,733.0,7.69,395.0,4.1,597.0,6.3,338.0,3.5,-583.0
2017-12-01,울산광역시,604.0,6.14,512.0,5.2,638.0,6.5,92.0,0.9,-435.0
2018-01-01,울산광역시,804.0,8.2,626.0,6.4,632.0,6.4,178.0,1.8,-747.0
2018-02-01,울산광역시,663.0,7.5,431.0,4.9,409.0,4.6,232.0,2.6,-1547.0
2018-03-01,울산광역시,798.0,8.1,468.0,4.8,459.0,4.7,330.0,3.4,-1371.0
2018-04-01,울산광역시,725.0,7.6,461.0,4.9,462.0,4.9,264.0,2.8,-1061.0
2018-05-01,울산광역시,684.0,7.0,429.0,4.4,584.0,6.0,255.0,2.6,-986.0
2018-06-01,울산광역시,653.0,6.9,410.0,4.3,479.0,5.1,243.0,2.6,-1319.0
2018-07-01,울산광역시,672.0,6.9,439.0,4.5,489.0,5.0,233.0,2.4,-1015.0
2018-08-01,울산광역시,694.0,7.1,420.0,4.3,422.0,4.3,274.0,2.8,-1180.0
2018-09-01,울산광역시,657.0,6.9,386.0,4.1,297.0,3.1,271.0,2.9,-859.0
2018-10-01,울산광역시,664.0,6.8,418.0,4.3,500.0,5.1,246.0,2.5,-834.0
2018-11-01,울산광역시,621.0,6.6,411.0,4.3,514.0,5.4,210.0,2.2,-872.0
2018-12-01,울산광역시,514.0,5.3,450.0,4.6,647.0,6.6,64.0,0.7,-863.0
2019-01-01,울산광역시,761.0,7.8,489.0,5.0,542.0,5.6,272.0,2.8,-1065.0
2019-02-01,울산광역시,635.0,7.2,412.0,4.7,434.0,4.9,223.0,2.5,-1245.0
2019-03-01,울산광역시,659.0,6.8,418.0,4.3,451.0,4.6,241.0,2.5,-1186.0
2019-04-01,울산광역시,677.0,7.2,391.0,4.1,464.0,4.9,286.0,3.0,-816.0
2019-05-01,울산광역시,634.0,6.5,423.0,4.3,520.0,5.3,211.0,2.2,-872.0
2019-06-01,울산광역시,582.0,6.2,413.0,4.4,394.0,4.2,169.0,1.8,-594.0
2019-07-01,울산광역시,613.0,6.3,417.0,4.3,408.0,4.2,196.0,2.0,-615.0
2019-08-01,울산광역시,592.0,6.1,447.0,4.6,419.0,4.3,145.0,1.5,-764.0
2019-09-01,울산광역시,602.0,6.4,438.0,4.7,320.0,3.4,164.0,1.7,-633.0
2019-10-01,울산광역시,661.0,6.8,465.0,4.8,443.0,4.6,196.0,2.0,-704.0
2019-11-01,울산광역시,591.0,6.3,449.0,4.8,466.0,5.0,142.0,1.5,-635.0
2019-12-01,울산광역시,532.0,5.5,506.0,5.2,581.0,6.0,26.0,0.3,-1043.0
2020-01-01,울산광역시,703.0,7.3,452.0,4.7,489.0,5.1,251.0,2.6,-1135.0
2020-02-01,울산광역시,511.0,5.7,434.0,4.8,454.0,5.0,77.0,0.9,-1470.0
2020-03-01,울산광역시,592.0,6.1,455.0,4.7,474.0,4.9,137.0,1.4,-1319.0
2020-04-01,울산광역시,593.0,6.4,424.0,4.5,363.0,3.9,169.0,1.8,-648.0
2020-05-01,울산광역시,549.0,5.7,456.0,4.7,407.0,4.2,93.0,1.0,-1062.0
2020-06-01,울산광역시,497.0,5.3,422.0,4.5,369.0,4.0,75.0,0.8,-1065.0
2020-07-01,울산광역시,599.0,6.2,429.0,4.5,327.0,3.4,170.0,1.8,-943.0
2020-08-01,울산광역시,548.0,5.7,426.0,4.4,322.0,3.3,122.0,1.3,-1245.0
2020-09-01,울산광역시,559.0,6.0,425.0,4.6,330.0,3.5,134.0,1.4,-1138.0
2020-10-01,울산광역시,530.0,5.5,453.0,4.7,325.0,3.4,77.0,0.8,-873.0
2020-11-01,울산광역시,467.0,5.0,467.0,5.0,360.0,3.9,0.0,0.0,-1292.0
2020-12-01,울산광역시,469.0,4.9,459.0,4.8,517.0,5.4,10.0,0.1,-1394.0
2021-01-01,울산광역시,570.0,5.9,492.0,5.1,341.0,3.6,78.0,0.8,-744.0
2021-02-01,울산광역시,504.0,5.8,425.0,4.9,308.0,3.6,79.0,0.9,-2484.0
2021-03-01,울산광역시,551.0,5.8,444.0,4.6,375.0,3.9,107.0,1.1,-2232.0
2021-04-01,울산광역시,540.0,5.8,449.0,4.9,370.0,4.0,91.0,1.0,-1140.0
2021-05-01,울산광역시,527.0,5.5,460.0,4.8,353.0,3.7,67.0,0.7,-1093.0
2021-06-01,울산광역시,518.0,5.6,443.0,4.8,348.0,3.8,75.0,0.8,-900.0
2021-07-01,울산광역시,517.0,5.4,448.0,4.7,285.0,3.0,69.0,0.7,-753.0
2021-08-01,울산광역시,527.0,5.5,469.0,4.9,299.0,3.1,58.0,0.6,-1365.0
2021-09-01,울산광역시,513.0,5.6,433.0,4.7,275.0,3.0,80.0,0.9,-1336.0
2021-10-01,울산광역시,505.0,5.3,478.0,5.0,311.0,3.3,27.0,0.3,-736.0
2021-11-01,울산광역시,451.0,4.9,453.0,4.9,382.0,4.2,-2.0,0.0,-65.0
2021-12-01,울산광역시,404.0,4.3,494.0,5.2,430.0,4.5,-90.0,-1.0,-826.0
2022-01-01,울산광역시,524.0,5.5,502.0,5.3,356.0,3.8,22.0,0.2,-521.0
2022-02-01,울산광역시,468.0,5.5,481.0,5.6,314.0,3.7,-14.0,-0.2,-1641.0
2022-03-01,울산광역시,525.0,5.5,796.0,8.4,352.0,3.7,-270.0,-2.9,-1294.0
2022-04-01,울산광역시,466.0,5.1,648.0,7.1,344.0,3.8,-182.0,-2.0,-638.0
2022-05-01,울산광역시,418.0,4.4,496.0,5.3,339.0,3.6,-78.0,-0.8,-609.0
2022-06-01,울산광역시,443.0,4.8,434.0,4.7,316.0,3.5,9.0,0.1,-868.0
2000-01-01,인천광역시,3320.0,15.61,957.0,4.5,1520.0,7.1,2363.0,11.1,353.0
2000-02-01,인천광역시,3069.0,15.42,852.0,4.3,1261.0,6.3,2217.0,11.1,-789.0
2000-03-01,인천광역시,3267.0,15.35,911.0,4.3,1520.0,7.1,2356.0,11.1,936.0
2000-04-01,인천광역시,2683.0,13.0,925.0,4.5,1545.0,7.5,1758.0,8.5,1660.0
2000-05-01,인천광역시,2782.0,13.02,769.0,3.6,1924.0,9.0,2013.0,9.4,2040.0
2000-06-01,인천광역시,2603.0,12.57,833.0,4.0,1596.0,7.7,1770.0,8.5,1613.0
2000-07-01,인천광역시,2669.0,12.45,893.0,4.2,1121.0,5.2,1776.0,8.3,1482.0
2000-08-01,인천광역시,2742.0,12.78,913.0,4.3,1059.0,4.9,1829.0,8.5,1966.0
2000-09-01,인천광역시,2925.0,14.07,901.0,4.3,922.0,4.4,2024.0,9.7,1079.0
2000-10-01,인천광역시,2880.0,13.39,987.0,4.6,1519.0,7.1,1893.0,8.8,3407.0
2000-11-01,인천광역시,2728.0,13.09,906.0,4.3,1844.0,8.8,1822.0,8.7,518.0
2000-12-01,인천광역시,2765.0,12.83,904.0,4.2,2026.0,9.4,1861.0,8.6,-1100.0
2001-01-01,인천광역시,3072.0,14.2,941.0,4.4,1364.0,6.3,2131.0,9.9,455.0
2001-02-01,인천광역시,2727.0,13.94,851.0,4.4,1119.0,5.7,1876.0,9.6,-1062.0
2001-03-01,인천광역시,2896.0,13.36,922.0,4.3,1504.0,6.9,1974.0,9.1,759.0
2001-04-01,인천광역시,2609.0,12.43,937.0,4.5,1524.0,7.3,1672.0,8.0,1391.0
2001-05-01,인천광역시,2511.0,11.57,885.0,4.1,1811.0,8.3,1626.0,7.5,815.0
2001-06-01,인천광역시,2344.0,11.15,842.0,4.0,1536.0,7.3,1502.0,7.1,-1066.0
2001-07-01,인천광역시,2339.0,10.76,841.0,3.9,1129.0,5.2,1498.0,6.9,588.0
2001-08-01,인천광역시,2355.0,10.83,845.0,3.9,1099.0,5.1,1510.0,6.9,685.0
2001-09-01,인천광역시,2470.0,11.73,826.0,3.9,981.0,4.7,1644.0,7.8,403.0
2001-10-01,인천광역시,2454.0,11.28,949.0,4.4,1191.0,5.5,1505.0,6.9,36.0
2001-11-01,인천광역시,2383.0,11.31,892.0,4.2,1775.0,8.4,1491.0,7.1,-411.0
2001-12-01,인천광역시,2334.0,10.72,876.0,4.0,2033.0,9.3,1458.0,6.7,-1476.0
2002-01-01,인천광역시,2766.0,12.69,933.0,4.3,1560.0,7.2,1833.0,8.4,1709.0
2002-02-01,인천광역시,2425.0,12.31,764.0,3.9,1034.0,5.2,1661.0,8.4,-555.0
2002-03-01,인천광역시,2633.0,12.06,927.0,4.2,1424.0,6.5,1706.0,7.8,1848.0
2002-04-01,인천광역시,2179.0,10.3,878.0,4.2,1470.0,7.0,1301.0,6.2,1581.0
2002-05-01,인천광역시,2268.0,10.37,915.0,4.2,1688.0,7.7,1353.0,6.2,156.0
2002-06-01,인천광역시,2050.0,9.68,823.0,3.9,1411.0,6.7,1227.0,5.8,190.0
2002-07-01,인천광역시,2115.0,9.66,847.0,3.9,1231.0,5.6,1268.0,5.8,-667.0
2002-08-01,인천광역시,2120.0,9.68,840.0,3.8,1134.0,5.2,1280.0,5.8,-840.0
2002-09-01,인천광역시,2126.0,10.03,866.0,4.1,903.0,4.3,1260.0,5.9,-365.0
2002-10-01,인천광역시,2140.0,9.77,930.0,4.2,1356.0,6.2,1210.0,5.5,-1684.0
2002-11-01,인천광역시,1992.0,9.4,971.0,4.6,1725.0,8.1,1021.0,4.8,500.0
2002-12-01,인천광역시,1961.0,8.96,1063.0,4.9,1915.0,8.7,898.0,4.1,-1643.0
2003-01-01,인천광역시,2484.0,11.34,936.0,4.3,1271.0,5.8,1548.0,7.1,91.0
2003-02-01,인천광역시,2309.0,11.67,811.0,4.1,1130.0,5.7,1498.0,7.6,-1693.0
2003-03-01,인천광역시,2476.0,11.3,880.0,4.0,1401.0,6.4,1596.0,7.3,-310.0
2003-04-01,인천광역시,2429.0,11.45,949.0,4.5,1398.0,6.6,1480.0,7.0,-1538.0
2003-05-01,인천광역시,2388.0,10.9,880.0,4.0,1575.0,7.2,1508.0,6.9,-1509.0
2003-06-01,인천광역시,1918.0,9.05,919.0,4.3,1268.0,6.0,999.0,4.7,-2031.0
2003-07-01,인천광역시,2025.0,9.26,877.0,4.0,1192.0,5.5,1148.0,5.2,-1618.0
2003-08-01,인천광역시,2099.0,9.6,934.0,4.3,1076.0,4.9,1165.0,5.3,-1624.0
2003-09-01,인천광역시,2234.0,10.56,876.0,4.1,846.0,4.0,1358.0,6.4,-696.0
2003-10-01,인천광역시,2322.0,10.63,949.0,4.3,1411.0,6.5,1373.0,6.3,-1427.0
2003-11-01,인천광역시,2163.0,10.23,979.0,4.6,1471.0,7.0,1184.0,5.6,-920.0
2003-12-01,인천광역시,1985.0,9.09,934.0,4.3,1681.0,7.7,1051.0,4.8,-2896.0
2004-01-01,인천광역시,2402.0,11.03,984.0,4.5,1211.0,5.6,1418.0,6.5,634.0
2004-02-01,인천광역시,2192.0,10.75,946.0,4.6,1141.0,5.6,1246.0,6.1,-1139.0
2004-03-01,인천광역시,2435.0,11.18,968.0,4.4,1413.0,6.5,1467.0,6.7,-433.0
2004-04-01,인천광역시,2053.0,9.74,948.0,4.5,1191.0,5.6,1105.0,5.2,-190.0
2004-05-01,인천광역시,2083.0,9.56,945.0,4.3,1356.0,6.2,1138.0,5.2,-748.0
2004-06-01,인천광역시,1935.0,9.17,815.0,3.9,1367.0,6.5,1120.0,5.3,-655.0
2004-07-01,인천광역시,2048.0,9.39,867.0,4.0,1099.0,5.0,1181.0,5.4,-574.0
2004-08-01,인천광역시,2003.0,9.18,911.0,4.2,1103.0,5.1,1092.0,5.0,-704.0
2004-09-01,인천광역시,2024.0,9.6,916.0,4.3,896.0,4.2,1108.0,5.3,191.0
2004-10-01,인천광역시,2143.0,9.83,905.0,4.2,1264.0,5.8,1238.0,5.7,1303.0
2004-11-01,인천광역시,1935.0,9.17,864.0,4.1,1636.0,7.7,1071.0,5.1,407.0
2004-12-01,인천광역시,1839.0,8.42,973.0,4.5,2223.0,10.2,866.0,4.0,573.0
2005-01-01,인천광역시,2168.0,9.89,998.0,4.6,1211.0,5.5,1170.0,5.3,1289.0
2005-02-01,인천광역시,1792.0,9.05,892.0,4.5,1018.0,5.1,900.0,4.5,478.0
2005-03-01,인천광역시,2100.0,9.57,996.0,4.5,1378.0,6.3,1104.0,5.0,597.0
2005-04-01,인천광역시,1839.0,8.65,969.0,4.6,1399.0,6.6,870.0,4.1,375.0
2005-05-01,인천광역시,1819.0,8.27,929.0,4.2,1542.0,7.0,890.0,4.0,611.0
2005-06-01,인천광역시,1813.0,8.52,841.0,4.0,1414.0,6.6,972.0,4.6,739.0
2005-07-01,인천광역시,1803.0,8.19,903.0,4.1,1147.0,5.2,900.0,4.1,1564.0
2005-08-01,인천광역시,1995.0,9.05,921.0,4.2,1313.0,6.0,1074.0,4.9,1973.0
2005-09-01,인천광역시,1971.0,9.23,844.0,4.0,1002.0,4.7,1127.0,5.3,406.0
2005-10-01,인천광역시,1925.0,8.73,994.0,4.5,1363.0,6.2,931.0,4.2,763.0
2005-11-01,인천광역시,1965.0,9.21,897.0,4.2,1645.0,7.7,1068.0,5.0,1331.0
2005-12-01,인천광역시,1836.0,8.32,960.0,4.3,2083.0,9.4,876.0,4.0,839.0
2006-01-01,인천광역시,2149.0,9.73,948.0,4.3,1350.0,6.1,1201.0,5.4,427.0
2006-02-01,인천광역시,1939.0,9.71,876.0,4.4,1116.0,5.6,1063.0,5.3,202.0
2006-03-01,인천광역시,2026.0,9.16,933.0,4.2,1385.0,6.3,1093.0,4.9,321.0
2006-04-01,인천광역시,2026.0,9.46,889.0,4.2,1218.0,5.7,1137.0,5.3,-563.0
2006-05-01,인천광역시,1976.0,8.93,957.0,4.3,1616.0,7.3,1019.0,4.6,-293.0
2006-06-01,인천광역시,1839.0,8.58,862.0,4.0,1481.0,6.9,977.0,4.6,1057.0
2006-07-01,인천광역시,1956.0,8.83,888.0,4.0,1156.0,5.2,1068.0,4.8,414.0
2006-08-01,인천광역시,1983.0,8.94,969.0,4.4,1411.0,6.4,1014.0,4.6,382.0
2006-09-01,인천광역시,2005.0,9.34,904.0,4.2,988.0,4.6,1101.0,5.1,1304.0
2006-10-01,인천광역시,2012.0,9.05,906.0,4.1,1317.0,5.9,1106.0,5.0,3018.0
2006-11-01,인천광역시,1979.0,9.19,961.0,4.5,1781.0,8.3,1018.0,4.7,1969.0
2006-12-01,인천광역시,1821.0,8.17,975.0,4.4,2442.0,11.0,846.0,3.8,1380.0
2007-01-01,인천광역시,2283.0,10.23,1043.0,4.7,1672.0,7.5,1240.0,5.6,1580.0
2007-02-01,인천광역시,2094.0,10.38,859.0,4.3,1357.0,6.7,1235.0,6.1,1776.0
2007-03-01,인천광역시,2312.0,10.34,909.0,4.1,1443.0,6.5,1403.0,6.3,1801.0
2007-04-01,인천광역시,2183.0,10.07,970.0,4.5,1420.0,6.6,1213.0,5.6,2436.0
2007-05-01,인천광역시,2079.0,9.27,927.0,4.1,1626.0,7.3,1152.0,5.1,1655.0
2007-06-01,인천광역시,2000.0,9.21,990.0,4.6,1493.0,6.9,1010.0,4.6,2285.0
2007-07-01,인천광역시,2188.0,9.73,867.0,3.9,1295.0,5.8,1321.0,5.9,2224.0
2007-08-01,인천광역시,2358.0,10.47,926.0,4.1,1419.0,6.3,1432.0,6.4,2643.0
2007-09-01,인천광역시,2390.0,10.95,950.0,4.4,1046.0,4.8,1440.0,6.6,2486.0
2007-10-01,인천광역시,2488.0,11.02,967.0,4.3,1550.0,6.9,1521.0,6.7,2606.0
2007-11-01,인천광역시,2254.0,10.31,968.0,4.4,1809.0,8.3,1286.0,5.9,1542.0
2007-12-01,인천광역시,2083.0,9.21,1000.0,4.4,2097.0,9.3,1083.0,4.8,-313.0
2008-01-01,인천광역시,2417.0,10.7,1029.0,4.6,1514.0,6.7,1388.0,6.1,1801.0
2008-02-01,인천광역시,2074.0,9.8,988.0,4.7,1352.0,6.4,1086.0,5.1,1565.0
2008-03-01,인천광역시,2328.0,10.28,1012.0,4.5,1598.0,7.1,1316.0,5.8,2452.0
2008-04-01,인천광역시,2149.0,9.8,932.0,4.2,1547.0,7.1,1217.0,5.5,2446.0
2008-05-01,인천광역시,2086.0,9.19,957.0,4.2,1680.0,7.4,1129.0,5.0,1550.0
2008-06-01,인천광역시,1884.0,8.57,838.0,3.8,1548.0,7.0,1046.0,4.8,1924.0
2008-07-01,인천광역시,2091.0,9.19,920.0,4.0,1475.0,6.5,1171.0,5.1,636.0
2008-08-01,인천광역시,2017.0,8.86,843.0,3.7,1329.0,5.8,1174.0,5.2,-625.0
2008-09-01,인천광역시,2181.0,9.9,911.0,4.1,1175.0,5.3,1270.0,5.8,-592.0
2008-10-01,인천광역시,2187.0,9.6,998.0,4.4,1393.0,6.1,1189.0,5.2,-1499.0
2008-11-01,인천광역시,2001.0,9.07,950.0,4.3,1490.0,6.8,1051.0,4.8,-757.0
2008-12-01,인천광역시,1950.0,8.55,988.0,4.3,2007.0,8.8,962.0,4.2,518.0
2009-01-01,인천광역시,2434.0,10.64,1088.0,4.8,1492.0,6.5,1346.0,5.9,-718.0
2009-02-01,인천광역시,2020.0,9.78,886.0,4.3,1290.0,6.2,1134.0,5.5,-1350.0
2009-03-01,인천광역시,2257.0,9.86,1001.0,4.4,1401.0,6.1,1256.0,5.5,-681.0
2009-04-01,인천광역시,2092.0,9.45,1013.0,4.6,1332.0,6.0,1079.0,4.9,-179.0
2009-05-01,인천광역시,2012.0,8.79,1029.0,4.5,1462.0,6.4,983.0,4.3,293.0
2009-06-01,인천광역시,1825.0,8.23,862.0,3.9,1381.0,6.2,963.0,4.3,-52.0
2009-07-01,인천광역시,1903.0,8.3,905.0,3.9,1225.0,5.3,998.0,4.4,26.0
2009-08-01,인천광역시,1966.0,8.57,943.0,4.1,1313.0,5.7,1023.0,4.5,331.0
2009-09-01,인천광역시,2044.0,9.2,900.0,4.1,1155.0,5.2,1144.0,5.2,1048.0
2009-10-01,인천광역시,2040.0,8.88,997.0,4.3,1267.0,5.5,1043.0,4.5,1270.0
2009-11-01,인천광역시,1912.0,8.59,1046.0,4.7,1494.0,6.7,866.0,3.9,1362.0
2009-12-01,인천광역시,1874.0,8.14,992.0,4.3,1831.0,8.0,882.0,3.8,748.0
2010-01-01,인천광역시,2352.0,10.21,1017.0,4.4,1363.0,5.9,1335.0,5.8,1037.0
2010-02-01,인천광역시,2034.0,9.76,896.0,4.3,1264.0,6.1,1138.0,5.5,841.0
2010-03-01,인천광역시,2215.0,9.6,1075.0,4.7,1508.0,6.5,1140.0,4.9,123.0
2010-04-01,인천광역시,2100.0,9.39,942.0,4.2,1429.0,6.4,1158.0,5.2,219.0
2010-05-01,인천광역시,2095.0,9.06,1050.0,4.5,1508.0,6.5,1045.0,4.5,349.0
2010-06-01,인천광역시,1980.0,8.85,1000.0,4.5,1471.0,6.6,980.0,4.4,190.0
2010-07-01,인천광역시,2034.0,8.79,1012.0,4.4,1316.0,5.7,1022.0,4.4,301.0
2010-08-01,인천광역시,2153.0,9.3,976.0,4.2,1481.0,6.4,1177.0,5.1,-30.0
2010-09-01,인천광역시,2266.0,10.11,992.0,4.4,1174.0,5.2,1274.0,5.7,-211.0
2010-10-01,인천광역시,2365.0,10.21,1068.0,4.6,1344.0,5.8,1297.0,5.6,-188.0
2010-11-01,인천광역시,2279.0,10.17,992.0,4.4,1602.0,7.2,1287.0,5.7,197.0
2010-12-01,인천광역시,1879.0,8.11,1067.0,4.6,1947.0,8.4,812.0,3.5,784.0
2011-01-01,인천광역시,2590.0,11.17,1156.0,5.0,1448.0,6.2,1434.0,6.2,1657.0
2011-02-01,인천광역시,2102.0,10.03,960.0,4.6,1220.0,5.8,1142.0,5.4,2393.0
2011-03-01,인천광역시,2325.0,10.01,1118.0,4.8,1510.0,6.5,1207.0,5.2,2342.0
2011-04-01,인천광역시,2299.0,10.21,1015.0,4.5,1477.0,6.6,1284.0,5.7,2222.0
2011-05-01,인천광역시,2106.0,9.04,1073.0,4.6,1526.0,6.6,1033.0,4.4,2091.0
2011-06-01,인천광역시,1986.0,8.8,943.0,4.2,1508.0,6.7,1043.0,4.6,2845.0
2011-07-01,인천광역시,2135.0,9.14,970.0,4.2,1252.0,5.4,1165.0,5.0,2341.0
2011-08-01,인천광역시,2250.0,9.62,1019.0,4.4,1565.0,6.7,1231.0,5.3,2888.0
2011-09-01,인천광역시,2184.0,9.63,1044.0,4.6,1153.0,5.1,1140.0,5.0,2313.0
2011-10-01,인천광역시,2141.0,9.12,1074.0,4.6,1488.0,6.3,1067.0,4.5,3170.0
2011-11-01,인천광역시,2108.0,9.27,1039.0,4.6,1794.0,7.9,1069.0,4.7,3107.0
2011-12-01,인천광역시,1892.0,8.04,1093.0,4.6,2072.0,8.8,799.0,3.4,1440.0
2012-01-01,인천광역시,2546.0,10.84,1112.0,4.7,1540.0,6.6,1434.0,6.1,1784.0
2012-02-01,인천광역시,2211.0,10.05,1139.0,5.2,1399.0,6.4,1072.0,4.9,2715.0
2012-03-01,인천광역시,2492.0,10.58,1128.0,4.8,1557.0,6.6,1364.0,5.8,1963.0
2012-04-01,인천광역시,2270.0,9.95,1063.0,4.7,1464.0,6.4,1207.0,5.3,2541.0
2012-05-01,인천광역시,2251.0,9.54,1042.0,4.4,1540.0,6.5,1209.0,5.1,1979.0
2012-06-01,인천광역시,2236.0,9.78,1026.0,4.5,1419.0,6.2,1210.0,5.3,1628.0
2012-07-01,인천광역시,2281.0,9.64,1014.0,4.3,1440.0,6.1,1267.0,5.4,1922.0
2012-08-01,인천광역시,2385.0,10.07,1092.0,4.6,1364.0,5.8,1293.0,5.5,2937.0
2012-09-01,인천광역시,2420.0,10.54,977.0,4.3,1103.0,4.8,1443.0,6.3,2032.0
2012-10-01,인천광역시,2461.0,10.36,1075.0,4.5,1548.0,6.5,1386.0,5.8,2870.0
2012-11-01,인천광역시,2227.0,9.68,1094.0,4.8,1674.0,7.3,1133.0,4.9,2914.0
2012-12-01,인천광역시,2001.0,8.4,1119.0,4.7,2031.0,8.5,882.0,3.7,2509.0
2013-01-01,인천광역시,2539.0,10.62,1082.0,4.5,1586.0,6.6,1457.0,6.1,1629.0
2013-02-01,인천광역시,2182.0,10.09,1044.0,4.8,1309.0,6.1,1138.0,5.3,1927.0
2013-03-01,인천광역시,2300.0,9.59,1172.0,4.9,1355.0,5.7,1128.0,4.7,1843.0
2013-04-01,인천광역시,2096.0,9.03,1128.0,4.9,1329.0,5.7,968.0,4.2,2197.0
2013-05-01,인천광역시,2045.0,8.51,1045.0,4.3,1666.0,6.9,1000.0,4.2,1536.0
2013-06-01,인천광역시,1909.0,8.2,1112.0,4.8,1424.0,6.1,797.0,3.4,1609.0
2013-07-01,인천광역시,2162.0,8.98,969.0,4.0,1577.0,6.6,1193.0,5.0,1958.0
2013-08-01,인천광역시,2203.0,9.14,1062.0,4.4,1466.0,6.1,1141.0,4.7,1284.0
2013-09-01,인천광역시,2129.0,9.12,1067.0,4.6,1095.0,4.7,1062.0,4.5,1523.0
2013-10-01,인천광역시,2144.0,8.88,1109.0,4.6,1561.0,6.5,1035.0,4.3,2207.0
2013-11-01,인천광역시,1972.0,8.43,1131.0,4.8,1623.0,6.9,841.0,3.6,2383.0
2013-12-01,인천광역시,1879.0,7.76,1118.0,4.6,2019.0,8.3,761.0,3.1,1939.0
2014-01-01,인천광역시,2362.0,9.75,1122.0,4.6,1522.0,6.3,1240.0,5.1,1213.0
2014-02-01,인천광역시,2192.0,10.01,1159.0,5.3,1363.0,6.2,1033.0,4.7,1680.0
2014-03-01,인천광역시,2219.0,9.14,1258.0,5.2,1425.0,5.9,961.0,4.0,641.0
2014-04-01,인천광역시,2246.0,9.55,1067.0,4.5,1356.0,5.8,1179.0,5.0,1485.0
2014-05-01,인천광역시,2118.0,8.71,1163.0,4.8,1607.0,6.6,955.0,3.9,1223.0
2014-06-01,인천광역시,1955.0,8.31,1032.0,4.4,1388.0,5.9,923.0,3.9,-141.0
2014-07-01,인천광역시,2156.0,8.86,1069.0,4.4,1498.0,6.2,1087.0,4.5,522.0
2014-08-01,인천광역시,2227.0,9.15,1050.0,4.3,1287.0,5.3,1177.0,4.8,9.0
2014-09-01,인천광역시,2248.0,9.53,1080.0,4.6,1065.0,4.5,1168.0,5.0,465.0
2014-10-01,인천광역시,2118.0,8.69,1116.0,4.6,1499.0,6.1,1002.0,4.1,837.0
2014-11-01,인천광역시,1937.0,8.2,1124.0,4.8,1319.0,5.6,813.0,3.4,915.0
2014-12-01,인천광역시,2008.0,8.22,1169.0,4.8,1922.0,7.9,839.0,3.4,475.0
2015-01-01,인천광역시,2445.0,10.01,1201.0,4.9,1545.0,6.3,1244.0,5.1,1309.0
2015-02-01,인천광역시,2113.0,9.57,1083.0,4.9,1103.0,5.0,1030.0,4.7,367.0
2015-03-01,인천광역시,2262.0,9.25,1253.0,5.1,1438.0,5.9,1009.0,4.1,643.0
2015-04-01,인천광역시,2201.0,9.29,1166.0,4.9,1428.0,6.0,1035.0,4.4,712.0
2015-05-01,인천광역시,2138.0,8.73,1103.0,4.5,1578.0,6.4,1035.0,4.2,539.0
2015-06-01,인천광역시,2011.0,8.48,1024.0,4.3,1438.0,6.1,987.0,4.2,1016.0
2015-07-01,인천광역시,2194.0,8.95,1033.0,4.2,1377.0,5.6,1161.0,4.7,1230.0
2015-08-01,인천광역시,2031.0,8.27,1087.0,4.4,1267.0,5.2,944.0,3.8,1112.0
2015-09-01,인천광역시,2131.0,8.97,1107.0,4.7,1174.0,4.9,1024.0,4.3,884.0
2015-10-01,인천광역시,2118.0,8.62,1123.0,4.6,1381.0,5.6,995.0,4.0,776.0
2015-11-01,인천광역시,1936.0,8.13,1083.0,4.6,1507.0,6.3,853.0,3.6,631.0
2015-12-01,인천광역시,1911.0,7.77,1189.0,4.8,1882.0,7.6,722.0,2.9,319.0
2016-01-01,인천광역시,2285.0,9.31,1199.0,4.9,1324.0,5.4,1086.0,4.4,546.0
2016-02-01,인천광역시,2014.0,8.76,1216.0,5.3,1251.0,5.4,798.0,3.5,411.0
2016-03-01,인천광역시,2148.0,8.74,1220.0,5.0,1438.0,5.9,928.0,3.8,215.0
2016-04-01,인천광역시,2101.0,8.83,1222.0,5.1,1299.0,5.5,879.0,3.7,1330.0
2016-05-01,인천광역시,1974.0,8.02,1206.0,4.9,1432.0,5.8,768.0,3.1,651.0
2016-06-01,인천광역시,1889.0,7.93,1032.0,4.3,1390.0,5.8,857.0,3.6,351.0
2016-07-01,인천광역시,2024.0,8.22,1112.0,4.5,1236.0,5.0,912.0,3.7,785.0
2016-08-01,인천광역시,1956.0,7.94,1179.0,4.8,1341.0,5.4,777.0,3.2,666.0
2016-09-01,인천광역시,2050.0,8.59,1178.0,4.9,1066.0,4.5,872.0,3.7,607.0
2016-10-01,인천광역시,1780.0,7.22,1127.0,4.6,1227.0,5.0,653.0,2.6,388.0
2016-11-01,인천광역시,1803.0,7.55,1168.0,4.9,1482.0,6.2,635.0,2.7,-8.0
2016-12-01,인천광역시,1585.0,6.42,1260.0,5.1,1606.0,6.5,325.0,1.3,-165.0
2017-01-01,인천광역시,1985.0,8.02,1291.0,5.2,1349.0,5.5,694.0,2.8,195.0
2017-02-01,인천광역시,1732.0,7.75,1160.0,5.2,1211.0,5.4,572.0,2.6,-350.0
2017-03-01,인천광역시,1900.0,7.67,1236.0,5.0,1363.0,5.5,664.0,2.7,-15.0
2017-04-01,인천광역시,1696.0,7.08,1141.0,4.8,1182.0,4.9,555.0,2.3,54.0
2017-05-01,인천광역시,1696.0,6.85,1115.0,4.5,1454.0,5.9,581.0,2.3,159.0
2017-06-01,인천광역시,1696.0,7.07,1092.0,4.6,1216.0,5.1,604.0,2.5,201.0
2017-07-01,인천광역시,1743.0,7.03,1126.0,4.5,1131.0,4.6,617.0,2.5,127.0
2017-08-01,인천광역시,1753.0,7.07,1200.0,4.8,1197.0,4.8,553.0,2.2,-517.0
2017-09-01,인천광역시,1786.0,7.44,1094.0,4.6,1058.0,4.4,692.0,2.9,-1381.0
2017-10-01,인천광역시,1595.0,6.43,1252.0,5.1,1034.0,4.2,343.0,1.4,128.0
2017-11-01,인천광역시,1553.0,6.47,1291.0,5.4,1473.0,6.1,262.0,1.1,-281.0
2017-12-01,인천광역시,1310.0,5.28,1292.0,5.2,1567.0,6.3,18.0,0.1,10.0
2018-01-01,인천광역시,1912.0,7.7,1586.0,6.4,1435.0,5.8,326.0,1.3,1883.0
2018-02-01,인천광역시,1675.0,7.5,1186.0,5.3,1051.0,4.7,489.0,2.2,415.0
2018-03-01,인천광역시,1759.0,7.1,1286.0,5.2,1312.0,5.3,473.0,1.9,-780.0
2018-04-01,인천광역시,1697.0,7.1,1191.0,5.0,1222.0,5.1,506.0,2.1,518.0
2018-05-01,인천광역시,1650.0,6.6,1210.0,4.9,1388.0,5.6,440.0,1.8,154.0
2018-06-01,인천광역시,1630.0,6.8,1143.0,4.8,1179.0,4.9,487.0,2.0,94.0
2018-07-01,인천광역시,1644.0,6.6,1253.0,5.0,1117.0,4.5,391.0,1.6,-645.0
2018-08-01,인천광역시,1679.0,6.8,1340.0,5.4,1144.0,4.6,339.0,1.4,-1114.0
2018-09-01,인천광역시,1631.0,6.8,1194.0,5.0,859.0,3.6,437.0,1.8,-646.0
2018-10-01,인천광역시,1684.0,6.8,1317.0,5.3,1273.0,5.1,367.0,1.5,-285.0
2018-11-01,인천광역시,1632.0,6.8,1227.0,5.1,1366.0,5.7,405.0,1.7,16.0
2018-12-01,인천광역시,1494.0,6.0,1383.0,5.6,1504.0,6.1,111.0,0.4,323.0
2019-01-01,인천광역시,1946.0,7.8,1375.0,5.5,1226.0,4.9,571.0,2.3,918.0
2019-02-01,인천광역시,1557.0,6.9,1146.0,5.1,1010.0,4.5,411.0,1.8,-395.0
2019-03-01,인천광역시,1693.0,6.8,1256.0,5.1,1115.0,4.5,437.0,1.8,-98.0
2019-04-01,인천광역시,1590.0,6.6,1213.0,5.0,1106.0,4.6,377.0,1.6,-302.0
2019-05-01,인천광역시,1581.0,6.4,1327.0,5.3,1283.0,5.2,254.0,1.0,5.0
2019-06-01,인천광역시,1415.0,5.9,1151.0,4.8,968.0,4.0,264.0,1.1,-473.0
2019-07-01,인천광역시,1512.0,6.1,1257.0,5.1,1095.0,4.4,255.0,1.0,-653.0
2019-08-01,인천광역시,1530.0,6.2,1212.0,4.9,1069.0,4.3,318.0,1.3,-580.0
2019-09-01,인천광역시,1422.0,5.9,1201.0,5.0,920.0,3.8,221.0,0.9,-167.0
2019-10-01,인천광역시,1560.0,6.3,1330.0,5.3,1209.0,4.9,230.0,0.9,-204.0
2019-11-01,인천광역시,1417.0,5.9,1299.0,5.4,1126.0,4.7,118.0,0.5,13.0
2019-12-01,인천광역시,1299.0,5.2,1364.0,5.5,1274.0,5.1,-65.0,-0.3,-401.0
2020-01-01,인천광역시,1538.0,6.2,1487.0,6.0,1113.0,4.5,51.0,0.2,-913.0
2020-02-01,인천광역시,1326.0,5.7,1329.0,5.7,1086.0,4.7,-3.0,0.0,-1275.0
2020-03-01,인천광역시,1474.0,5.9,1286.0,5.2,1073.0,4.3,188.0,0.8,-2391.0
2020-04-01,인천광역시,1416.0,5.9,1252.0,5.2,870.0,3.6,164.0,0.7,-1951.0
2020-05-01,인천광역시,1357.0,5.5,1247.0,5.0,998.0,4.0,110.0,0.4,-1106.0
2020-06-01,인천광역시,1290.0,5.4,1256.0,5.2,914.0,3.8,34.0,0.1,-2912.0
2020-07-01,인천광역시,1396.0,5.6,1247.0,5.0,886.0,3.6,149.0,0.6,-1855.0
2020-08-01,인천광역시,1328.0,5.4,1324.0,5.4,837.0,3.4,4.0,0.0,-2381.0
2020-09-01,인천광역시,1316.0,5.5,1232.0,5.2,780.0,3.3,84.0,0.4,-1336.0
2020-10-01,인천광역시,1256.0,5.1,1379.0,5.6,858.0,3.5,-123.0,-0.5,-270.0
2020-11-01,인천광역시,1194.0,5.0,1283.0,5.4,975.0,4.1,-89.0,-0.4,65.0
2020-12-01,인천광역시,1149.0,4.7,1367.0,5.5,1184.0,4.8,-218.0,-0.9,577.0
2021-01-01,인천광역시,1470.0,5.9,1419.0,5.7,964.0,3.9,51.0,0.2,-469.0
2021-02-01,인천광역시,1226.0,5.5,1214.0,5.4,791.0,3.5,12.0,0.1,-806.0
2021-03-01,인천광역시,1304.0,5.3,1327.0,5.4,917.0,3.7,-23.0,-0.1,-176.0
2021-04-01,인천광역시,1286.0,5.4,1320.0,5.5,917.0,3.8,-34.0,-0.1,-132.0
2021-05-01,인천광역시,1242.0,5.0,1381.0,5.6,900.0,3.6,-139.0,-0.6,227.0
2021-06-01,인천광역시,1172.0,4.9,1298.0,5.4,987.0,4.1,-126.0,-0.5,131.0
2021-07-01,인천광역시,1267.0,5.1,1387.0,5.6,1031.0,4.2,-120.0,-0.5,1012.0
2021-08-01,인천광역시,1272.0,5.1,1309.0,5.3,818.0,3.3,-37.0,-0.1,944.0
2021-09-01,인천광역시,1320.0,5.5,1317.0,5.5,757.0,3.2,3.0,0.0,3231.0
2021-10-01,인천광역시,1240.0,5.0,1420.0,5.7,848.0,3.4,-180.0,-0.7,3294.0
2021-11-01,인천광역시,1189.0,4.9,1422.0,5.9,868.0,3.6,-233.0,-1.0,1616.0
2021-12-01,인천광역시,959.0,3.9,1675.0,6.7,1083.0,4.4,-716.0,-2.9,2551.0
2022-01-01,인천광역시,1393.0,5.6,1518.0,6.1,820.0,3.3,-125.0,-0.5,926.0
2022-02-01,인천광역시,1183.0,5.3,1472.0,6.6,800.0,3.6,-290.0,-1.3,2007.0
2022-03-01,인천광역시,1277.0,5.1,2326.0,9.3,896.0,3.6,-1049.0,-4.2,2360.0
2022-04-01,인천광역시,1270.0,5.3,1851.0,7.7,888.0,3.7,-582.0,-2.4,1289.0
2022-05-01,인천광역시,1211.0,4.9,1540.0,6.2,935.0,3.8,-329.0,-1.3,2203.0
2022-06-01,인천광역시,1082.0,4.5,1277.0,5.3,837.0,3.5,-195.0,-0.8,2011.0
2000-01-01,전국,61644.0,15.37,24457.0,6.1,30120.0,7.5,37187.0,9.3,0.0
2000-02-01,전국,56723.0,15.11,20306.0,5.4,26187.0,7.0,36417.0,9.7,0.0
2000-03-01,전국,59878.0,14.91,21592.0,5.4,30418.0,7.6,38286.0,9.5,0.0
2000-04-01,전국,53058.0,13.64,20420.0,5.2,28179.0,7.2,32638.0,8.4,0.0
2000-05-01,전국,52492.0,13.04,19862.0,4.9,35330.0,8.8,32630.0,8.1,0.0
2000-06-01,전국,46774.0,12.0,18786.0,4.8,29029.0,7.4,27988.0,7.2,0.0
2000-07-01,전국,48377.0,12.0,19293.0,4.8,20488.0,5.1,29084.0,7.2,0.0
2000-08-01,전국,50623.0,12.55,19798.0,4.9,18780.0,4.7,30825.0,7.6,0.0
2000-09-01,전국,52913.0,13.56,20182.0,5.2,15844.0,4.1,32731.0,8.4,0.0
2000-10-01,전국,54429.0,13.49,21825.0,5.4,26823.0,6.6,32604.0,8.1,0.0
2000-11-01,전국,52403.0,13.41,21068.0,5.4,33343.0,8.5,31335.0,8.0,0.0
2000-12-01,전국,50775.0,12.56,21151.0,5.2,37549.0,9.3,29624.0,7.3,0.0
2001-01-01,전국,56949.0,14.04,21077.0,5.2,27280.0,6.7,35872.0,8.8,0.0
2001-02-01,전국,49939.0,13.62,19710.0,5.4,24243.0,6.6,30229.0,8.2,0.0
2001-03-01,전국,54549.0,13.43,22168.0,5.5,28002.0,6.9,32381.0,8.0,0.0
2001-04-01,전국,48309.0,12.28,20977.0,5.3,29065.0,7.4,27332.0,6.9,0.0
2001-05-01,전국,46802.0,11.51,20435.0,5.0,33809.0,8.3,26367.0,6.5,0.0
2001-06-01,전국,41809.0,10.62,18773.0,4.8,26465.0,6.7,23036.0,5.9,0.0
2001-07-01,전국,42404.0,10.42,19500.0,4.8,20576.0,5.1,22904.0,5.6,0.0
2001-08-01,전국,43830.0,10.76,19374.0,4.8,19804.0,4.9,24456.0,6.0,0.0
2001-09-01,전국,45673.0,11.59,19221.0,4.9,17151.0,4.4,26452.0,6.7,0.0
2001-10-01,전국,44814.0,11.0,21100.0,5.2,21780.0,5.3,23714.0,5.8,0.0
2001-11-01,전국,42753.0,10.84,20751.0,5.3,31674.0,8.0,22002.0,5.6,0.0
2001-12-01,전국,42103.0,10.33,20727.0,5.1,38558.0,9.5,21376.0,5.2,0.0
2002-01-01,전국,48825.0,11.97,20640.0,5.1,28647.0,7.0,28185.0,6.9,0.0
2002-02-01,전국,43579.0,11.82,18373.0,5.0,20914.0,5.7,25206.0,6.8,0.0
2002-03-01,전국,47753.0,11.69,21223.0,5.2,26449.0,6.5,26530.0,6.5,0.0
2002-04-01,전국,43453.0,10.99,20595.0,5.2,26328.0,6.7,22858.0,5.8,0.0
2002-05-01,전국,41977.0,10.27,20416.0,5.0,31987.0,7.8,21561.0,5.3,0.0
2002-06-01,전국,37575.0,9.5,18968.0,4.8,24828.0,6.3,18607.0,4.7,0.0
2002-07-01,전국,40361.0,9.87,19339.0,4.7,21637.0,5.3,21022.0,5.1,0.0
2002-08-01,전국,39751.0,9.72,19793.0,4.8,19486.0,4.8,19958.0,4.9,0.0
2002-09-01,전국,39615.0,10.0,19947.0,5.0,16024.0,4.0,19668.0,5.0,0.0
2002-10-01,전국,39458.0,9.64,21585.0,5.3,23124.0,5.6,17873.0,4.4,0.0
2002-11-01,전국,37921.0,9.57,22413.0,5.7,30115.0,7.6,15508.0,3.9,0.0
2002-12-01,전국,36643.0,8.95,24232.0,5.9,35338.0,8.6,12411.0,3.0,0.0
2003-01-01,전국,45423.0,11.09,21853.0,5.3,25006.0,6.1,23570.0,5.8,0.0
2003-02-01,전국,41909.0,11.32,19468.0,5.3,22547.0,6.1,22441.0,6.1,0.0
2003-03-01,전국,45972.0,11.21,20662.0,5.0,25306.0,6.2,25310.0,6.2,0.0
2003-04-01,전국,43040.0,10.84,20096.0,5.1,25700.0,6.5,22944.0,5.8,0.0
2003-05-01,전국,41132.0,10.02,20566.0,5.0,29706.0,7.2,20566.0,5.0,0.0
2003-06-01,전국,36879.0,9.29,18961.0,4.8,24495.0,6.2,17918.0,4.5,0.0
2003-07-01,전국,38008.0,9.26,19446.0,4.7,22196.0,5.4,18562.0,4.5,0.0
2003-08-01,전국,38054.0,9.27,20015.0,4.9,19080.0,4.6,18039.0,4.4,0.0
2003-09-01,전국,41645.0,10.48,20309.0,5.1,16405.0,4.1,21336.0,5.4,0.0
2003-10-01,전국,43345.0,10.56,22048.0,5.4,25989.0,6.3,21297.0,5.2,0.0
2003-11-01,전국,40752.0,10.25,21396.0,5.4,28904.0,7.3,19356.0,4.9,0.0
2003-12-01,전국,38877.0,9.47,21643.0,5.3,37169.0,9.1,17234.0,4.2,0.0
2004-01-01,전국,45778.0,11.18,21319.0,5.2,25205.0,6.2,24459.0,6.0,0.0
2004-02-01,전국,41059.0,10.7,20464.0,5.3,23693.0,6.2,20595.0,5.4,0.0
2004-03-01,전국,45422.0,11.07,22377.0,5.5,27464.0,6.7,23045.0,5.6,0.0
2004-04-01,전국,40611.0,10.23,20976.0,5.3,22460.0,5.7,19635.0,4.9,0.0
2004-05-01,전국,38933.0,9.48,20768.0,5.1,27031.0,6.6,18165.0,4.4,0.0
2004-06-01,전국,36086.0,9.08,19027.0,4.8,27224.0,6.8,17059.0,4.3,0.0
2004-07-01,전국,38031.0,9.26,19641.0,4.8,20731.0,5.0,18390.0,4.5,0.0
2004-08-01,전국,38324.0,9.32,19944.0,4.9,20979.0,5.1,18380.0,4.5,0.0
2004-09-01,전국,39238.0,9.87,19273.0,4.8,16571.0,4.2,19965.0,5.0,0.0
2004-10-01,전국,40855.0,9.94,21217.0,5.2,23367.0,5.7,19638.0,4.8,0.0
2004-11-01,전국,37432.0,9.41,20274.0,5.1,30205.0,7.6,17158.0,4.3,0.0
2004-12-01,전국,35189.0,8.55,20940.0,5.1,43668.0,10.6,14249.0,3.5,0.0
2005-01-01,전국,41354.0,10.02,21762.0,5.3,24214.0,5.9,19592.0,4.7,0.0
2005-02-01,전국,35810.0,9.6,19057.0,5.1,20633.0,5.5,16753.0,4.5,0.0
2005-03-01,전국,41052.0,9.94,21855.0,5.3,26928.0,6.5,19197.0,4.6,0.0
2005-04-01,전국,36605.0,9.15,21087.0,5.3,25348.0,6.3,15518.0,3.9,0.0
2005-05-01,전국,35983.0,8.7,21132.0,5.1,29505.0,7.1,14851.0,3.6,0.0
2005-06-01,전국,33725.0,8.42,19105.0,4.8,27173.0,6.8,14620.0,3.7,0.0
2005-07-01,전국,34658.0,8.38,19377.0,4.7,21804.0,5.3,15281.0,3.7,0.0
2005-08-01,전국,36003.0,8.7,19485.0,4.7,23344.0,5.6,16518.0,4.0,0.0
2005-09-01,전국,37413.0,9.34,18970.0,4.7,18991.0,4.7,18443.0,4.6,0.0
2005-10-01,전국,37283.0,9.0,21268.0,5.1,23867.0,5.8,16015.0,3.9,0.0
2005-11-01,전국,35737.0,8.92,20869.0,5.2,31693.0,7.9,14868.0,3.7,0.0
2005-12-01,전국,33084.0,7.99,21907.0,5.3,40804.0,9.9,11177.0,2.7,0.0
2006-01-01,전국,40692.0,9.82,21552.0,5.2,26287.0,6.3,19140.0,4.6,0.0
2006-02-01,전국,37522.0,10.02,19145.0,5.1,22319.0,6.0,18377.0,4.9,0.0
2006-03-01,전국,41209.0,9.93,21264.0,5.1,27425.0,6.6,19945.0,4.8,0.0
2006-04-01,전국,37666.0,9.38,20360.0,5.1,24364.0,6.1,17306.0,4.3,0.0
2006-05-01,전국,37740.0,9.1,20446.0,4.9,31420.0,7.6,17294.0,4.2,0.0
2006-06-01,전국,35347.0,8.8,19005.0,4.7,29038.0,7.2,16342.0,4.1,0.0
2006-07-01,전국,35154.0,8.47,19481.0,4.7,22414.0,5.4,15673.0,3.8,0.0
2006-08-01,전국,37457.0,9.02,20147.0,4.9,25182.0,6.1,17310.0,4.2,0.0
2006-09-01,전국,38471.0,9.57,19730.0,4.9,19207.0,4.8,18741.0,4.7,0.0
2006-10-01,전국,38556.0,9.27,20467.0,4.9,23163.0,5.6,18089.0,4.4,0.0
2006-11-01,전국,37110.0,9.22,20911.0,5.2,33716.0,8.4,16199.0,4.0,0.0
2006-12-01,전국,34835.0,8.37,21654.0,5.2,46099.0,11.1,13181.0,3.2,0.0
2007-01-01,전국,43704.0,10.5,22723.0,5.5,32882.0,7.9,20981.0,5.0,0.0
2007-02-01,전국,39485.0,10.5,19445.0,5.2,27806.0,7.4,20040.0,5.3,0.0
2007-03-01,전국,43578.0,10.46,20817.0,5.0,27313.0,6.6,22761.0,5.5,0.0
2007-04-01,전국,40290.0,9.99,20454.0,5.1,26573.0,6.6,19836.0,4.9,0.0
2007-05-01,전국,39913.0,9.57,20516.0,4.9,31827.0,7.6,19397.0,4.7,0.0
2007-06-01,전국,37112.0,9.19,19121.0,4.7,27575.0,6.8,17991.0,4.5,0.0
2007-07-01,전국,39522.0,9.47,19414.0,4.7,24817.0,5.9,20108.0,4.8,0.0
2007-08-01,전국,44041.0,10.55,19612.0,4.7,25920.0,6.2,24429.0,5.8,0.0
2007-09-01,전국,44871.0,11.1,19857.0,4.9,18284.0,4.5,25014.0,6.2,0.0
2007-10-01,전국,45722.0,10.94,21531.0,5.2,27323.0,6.5,24191.0,5.8,0.0
2007-11-01,전국,41865.0,10.35,21170.0,5.2,33472.0,8.3,20695.0,5.1,0.0
2007-12-01,전국,36719.0,8.78,21822.0,5.2,39767.0,9.5,14897.0,3.6,0.0
2008-01-01,전국,46747.0,11.2,21845.0,5.2,29503.0,7.1,24902.0,6.0,0.0
2008-02-01,전국,39495.0,10.11,21056.0,5.4,24486.0,6.3,18439.0,4.7,0.0
2008-03-01,전국,41318.0,9.89,22609.0,5.4,28355.0,6.8,18709.0,4.5,0.0
2008-04-01,전국,38783.0,9.59,20259.0,5.0,26536.0,6.6,18524.0,4.6,0.0
2008-05-01,전국,37598.0,8.99,20317.0,4.9,30865.0,7.4,17281.0,4.1,0.0
2008-06-01,전국,35035.0,8.66,18801.0,4.6,27220.0,6.7,16234.0,4.0,0.0
2008-07-01,전국,38042.0,9.09,19267.0,4.6,26098.0,6.2,18775.0,4.5,0.0
2008-08-01,전국,37787.0,9.03,19314.0,4.6,23659.0,5.7,18473.0,4.4,0.0
2008-09-01,전국,40037.0,9.88,18681.0,4.6,20129.0,5.0,21356.0,5.3,0.0
2008-10-01,전국,39886.0,9.52,21437.0,5.1,25543.0,6.1,18449.0,4.4,0.0
2008-11-01,전국,36473.0,8.99,20916.0,5.2,26834.0,6.6,15557.0,3.8,0.0
2008-12-01,전국,34691.0,8.27,21611.0,5.2,38487.0,9.2,13080.0,3.1,0.0
2009-01-01,전국,44149.0,10.49,22774.0,5.4,28372.0,6.7,21375.0,5.1,0.0
2009-02-01,전국,36681.0,9.65,19307.0,5.1,23255.0,6.1,17374.0,4.6,0.0
2009-03-01,전국,39834.0,9.46,21026.0,5.0,25817.0,6.1,18808.0,4.5,0.0
2009-04-01,전국,37539.0,9.21,20924.0,5.1,24734.0,6.1,16615.0,4.1,0.0
2009-05-01,전국,35864.0,8.51,21364.0,5.1,28413.0,6.7,14500.0,3.4,0.0
2009-06-01,전국,34122.0,8.36,19626.0,4.8,25857.0,6.3,14496.0,3.6,0.0
2009-07-01,전국,35779.0,8.48,19320.0,4.6,22841.0,5.4,16459.0,3.9,0.0
2009-08-01,전국,36169.0,8.57,19750.0,4.7,23188.0,5.5,16419.0,3.9,0.0
2009-09-01,전국,38187.0,9.35,19148.0,4.7,20873.0,5.1,19039.0,4.7,0.0
2009-10-01,전국,37737.0,8.94,20944.0,5.0,23346.0,5.5,16793.0,4.0,0.0
2009-11-01,전국,35172.0,8.6,21072.0,5.2,26855.0,6.6,14100.0,3.4,0.0
2009-12-01,전국,33616.0,7.95,21687.0,5.1,36208.0,8.6,11929.0,2.8,0.0
2010-01-01,전국,42936.0,10.15,22033.0,5.2,26325.0,6.2,20903.0,4.9,0.0
2010-02-01,전국,36639.0,9.59,19367.0,5.1,24218.0,6.3,17272.0,4.5,0.0
2010-03-01,전국,40975.0,9.68,21553.0,5.1,27514.0,6.5,19422.0,4.6,0.0
2010-04-01,전국,38336.0,9.35,20978.0,5.1,27195.0,6.6,17358.0,4.2,0.0
2010-05-01,전국,37005.0,8.73,21483.0,5.1,28341.0,6.7,15522.0,3.7,0.0
2010-06-01,전국,36028.0,8.78,20466.0,5.0,28370.0,6.9,15562.0,3.8,0.0
2010-07-01,전국,37106.0,8.75,20619.0,4.9,24643.0,5.8,16487.0,3.9,0.0
2010-08-01,전국,38392.0,9.05,20476.0,4.8,26157.0,6.2,17916.0,4.2,0.0
2010-09-01,전국,42294.0,10.29,20485.0,5.0,21179.0,5.2,21809.0,5.3,0.0
2010-10-01,전국,43625.0,10.28,22892.0,5.4,24224.0,5.7,20733.0,4.9,0.0
2010-11-01,전국,41318.0,10.06,22046.0,5.4,30189.0,7.4,19272.0,4.7,0.0
2010-12-01,전국,35517.0,8.37,23007.0,5.4,37749.0,8.9,12510.0,2.9,0.0
2011-01-01,전국,47577.0,11.2,23672.0,5.6,26786.0,6.3,23905.0,5.6,0.0
2011-02-01,전국,38160.0,9.94,20869.0,5.4,23606.0,6.2,17291.0,4.5,0.0
2011-03-01,전국,43260.0,10.18,22224.0,5.2,27701.0,6.5,21036.0,4.9,0.0
2011-04-01,전국,40376.0,9.81,21246.0,5.2,25682.0,6.2,19130.0,4.6,0.0
2011-05-01,전국,38958.0,9.16,21667.0,5.1,30084.0,7.1,17291.0,4.1,0.0
2011-06-01,전국,36766.0,8.93,20593.0,5.0,27882.0,6.8,16173.0,3.9,0.0
2011-07-01,전국,38168.0,8.97,20222.0,4.8,23475.0,5.5,17946.0,4.2,0.0
2011-08-01,전국,39360.0,9.24,20822.0,4.9,26885.0,6.3,18538.0,4.4,0.0
2011-09-01,전국,38963.0,9.45,20257.0,4.9,21070.0,5.1,18706.0,4.5,0.0
2011-10-01,전국,38359.0,9.0,21870.0,5.1,25892.0,6.1,16489.0,3.9,0.0
2011-11-01,전국,37328.0,9.05,21352.0,5.2,31468.0,7.6,15976.0,3.9,0.0
2011-12-01,전국,33990.0,7.97,22602.0,5.3,38556.0,9.0,11388.0,2.7,0.0
2012-01-01,전국,44984.0,10.57,23997.0,5.6,29197.0,6.9,20987.0,4.9,0.0
2012-02-01,전국,40609.0,10.2,24985.0,6.3,25611.0,6.4,15624.0,3.9,0.0
2012-03-01,전국,43209.0,10.15,24055.0,5.6,28134.0,6.6,19154.0,4.5,0.0
2012-04-01,전국,40094.0,9.73,22125.0,5.4,27792.0,6.7,17969.0,4.4,0.0
2012-05-01,전국,39388.0,9.24,21640.0,5.1,27632.0,6.5,17748.0,4.2,0.0
2012-06-01,전국,38170.0,9.25,20273.0,4.9,26009.0,6.3,17897.0,4.3,0.0
2012-07-01,전국,40127.0,9.41,20446.0,4.8,24417.0,5.7,19681.0,4.6,0.0
2012-08-01,전국,41455.0,9.72,21178.0,5.0,24358.0,5.7,20277.0,4.8,0.0
2012-09-01,전국,41735.0,10.1,20364.0,4.9,18974.0,4.6,21371.0,5.2,0.0
2012-10-01,전국,41889.0,9.81,22909.0,5.4,27120.0,6.4,18980.0,4.4,0.0
2012-11-01,전국,38579.0,9.33,22015.0,5.3,30499.0,7.4,16564.0,4.0,0.0
2012-12-01,전국,34311.0,8.03,23234.0,5.4,37330.0,8.7,11077.0,2.6,0.0
2013-01-01,전국,44247.0,10.32,23930.0,5.6,28811.0,6.7,20317.0,4.7,0.0
2013-02-01,전국,36645.0,9.46,21903.0,5.7,24060.0,6.2,14742.0,3.8,0.0
2013-03-01,전국,38540.0,8.98,24221.0,5.6,23574.0,5.5,14319.0,3.3,0.0
2013-04-01,전국,36738.0,8.85,22259.0,5.4,24381.0,5.9,14479.0,3.5,0.0
2013-05-01,전국,35626.0,8.3,21946.0,5.1,30836.0,7.2,13680.0,3.2,0.0
2013-06-01,전국,33154.0,7.98,20296.0,4.9,26215.0,6.3,12858.0,3.1,0.0
2013-07-01,전국,36188.0,8.43,20519.0,4.8,27256.0,6.3,15669.0,3.6,0.0
2013-08-01,전국,36400.0,8.47,21252.0,4.9,25646.0,6.0,15148.0,3.5,0.0
2013-09-01,전국,37063.0,8.91,21151.0,5.1,19236.0,4.6,15912.0,3.8,0.0
2013-10-01,전국,36055.0,8.38,22718.0,5.3,27081.0,6.3,13337.0,3.1,0.0
2013-11-01,전국,33827.0,8.13,22802.0,5.5,28426.0,6.8,11025.0,2.6,0.0
2013-12-01,전국,31972.0,7.43,23260.0,5.4,37285.0,8.7,8712.0,2.0,0.0
2014-01-01,전국,41229.0,9.58,23387.0,5.4,26940.0,6.3,17842.0,4.1,0.0
2014-02-01,전국,36754.0,9.45,23135.0,5.9,25043.0,6.4,13619.0,3.5,0.0
2014-03-01,전국,38021.0,8.83,24231.0,5.6,24988.0,5.8,13790.0,3.2,0.0
2014-04-01,전국,37183.0,8.92,21821.0,5.2,23841.0,5.7,15362.0,3.7,0.0
2014-05-01,전국,35749.0,8.3,22184.0,5.1,28324.0,6.6,13565.0,3.1,0.0
2014-06-01,전국,34171.0,8.19,20594.0,4.9,24789.0,5.9,13577.0,3.3,0.0
2014-07-01,전국,36390.0,8.44,20854.0,4.8,24967.0,5.8,15536.0,3.6,0.0
2014-08-01,전국,36539.0,8.47,20974.0,4.9,22294.0,5.2,15565.0,3.6,0.0
2014-09-01,전국,37879.0,9.07,21153.0,5.1,19326.0,4.6,16726.0,4.0,0.0
2014-10-01,전국,36450.0,8.44,22612.0,5.2,27118.0,6.3,13838.0,3.2,0.0
2014-11-01,전국,32379.0,7.75,22491.0,5.4,23602.0,5.6,9888.0,2.4,0.0
2014-12-01,전국,32691.0,7.57,24256.0,5.6,34275.0,7.9,8435.0,2.0,0.0
2015-01-01,전국,41914.0,9.7,24760.0,5.7,28396.0,6.6,17154.0,4.0,0.0
2015-02-01,전국,35709.0,9.15,23209.0,5.9,20912.0,5.4,12500.0,3.2,0.0
2015-03-01,전국,40329.0,9.33,26493.0,6.1,27197.0,6.3,13836.0,3.2,0.0
2015-04-01,전국,38072.0,9.1,23610.0,5.6,24669.0,5.9,14462.0,3.5,0.0
2015-05-01,전국,36534.0,8.45,22935.0,5.3,27946.0,6.5,13599.0,3.1,0.0
2015-06-01,전국,35520.0,8.48,21345.0,5.1,26737.0,6.4,14175.0,3.4,0.0
2015-07-01,전국,36612.0,8.46,21534.0,5.0,23571.0,5.4,15078.0,3.5,0.0
2015-08-01,전국,35207.0,8.13,21496.0,5.0,21821.0,5.0,13711.0,3.2,0.0
2015-09-01,전국,36444.0,8.7,21375.0,5.1,19001.0,4.5,15069.0,3.6,0.0
2015-10-01,전국,36702.0,8.47,23050.0,5.3,23237.0,5.4,13652.0,3.2,0.0
2015-11-01,전국,33467.0,7.98,22678.0,5.4,26047.0,6.2,10789.0,2.6,0.0
2015-12-01,전국,31910.0,7.36,23410.0,5.4,33294.0,7.7,8500.0,2.0,0.0
2016-01-01,전국,39405.0,9.11,24708.0,5.7,23869.0,5.5,14697.0,3.4,0.0
2016-02-01,전국,34830.0,8.61,24601.0,6.1,22474.0,5.6,10229.0,2.5,0.0
2016-03-01,전국,38131.0,8.81,25208.0,5.8,24991.0,5.8,12923.0,3.0,0.0
2016-04-01,전국,35147.0,8.39,22830.0,5.5,22844.0,5.5,12317.0,2.9,0.0
2016-05-01,전국,34341.0,7.93,23125.0,5.3,25489.0,5.9,11216.0,2.6,0.0
2016-06-01,전국,32849.0,7.84,21350.0,5.1,24285.0,5.8,11499.0,2.7,0.0
2016-07-01,전국,33920.0,7.83,22053.0,5.1,21154.0,4.9,11867.0,2.7,0.0
2016-08-01,전국,33897.0,7.83,22604.0,5.2,23017.0,5.3,11293.0,2.6,0.0
2016-09-01,전국,34375.0,8.2,22081.0,5.3,17763.0,4.2,12294.0,2.9,0.0
2016-10-01,전국,31592.0,7.29,23610.0,5.4,21951.0,5.1,7982.0,1.8,0.0
2016-11-01,전국,30366.0,7.24,23333.0,5.6,25385.0,6.1,7033.0,1.7,0.0
2016-12-01,전국,27390.0,6.32,25324.0,5.8,28413.0,6.6,2066.0,0.5,0.0
2017-01-01,전국,34834.0,8.01,25902.0,6.0,23845.0,5.5,8932.0,2.0,0.0
2017-02-01,전국,30499.0,7.76,22884.0,5.8,21501.0,5.5,7615.0,1.9,0.0
2017-03-01,전국,33196.0,7.63,24230.0,5.6,23290.0,5.4,8966.0,2.1,0.0
2017-04-01,전국,30337.0,7.21,23142.0,5.5,20076.0,4.8,7195.0,1.7,0.0
2017-05-01,전국,30303.0,6.97,23766.0,5.5,26924.0,6.2,6537.0,1.5,0.0
2017-06-01,전국,28892.0,6.86,21986.0,5.2,22292.0,5.3,6906.0,1.6,0.0
2017-07-01,전국,29418.0,6.76,22245.0,5.1,18964.0,4.4,7173.0,1.6,0.0
2017-08-01,전국,30135.0,6.92,22846.0,5.2,20068.0,4.6,7289.0,1.7,0.0
2017-09-01,전국,30085.0,7.14,22622.0,5.4,17933.0,4.3,7463.0,1.8,0.0
2017-10-01,전국,27857.0,6.4,24624.0,5.7,17348.0,4.0,3233.0,0.7,0.0
2017-11-01,전국,27068.0,6.42,24404.0,5.8,24629.0,5.8,2664.0,0.6,0.0
2017-12-01,전국,25147.0,5.77,26883.0,6.2,27585.0,6.3,-1736.0,-0.4,0.0
2018-01-01,전국,32198.0,7.4,31550.0,7.2,24370.0,5.6,648.0,0.1,0.0
2018-02-01,전국,27575.0,7.0,25001.0,6.4,19008.0,4.8,2574.0,0.7,0.0
2018-03-01,전국,29987.0,6.9,25252.0,5.8,22773.0,5.2,4735.0,1.1,0.0
2018-04-01,전국,27734.0,6.6,23963.0,5.7,20610.0,4.9,3771.0,0.9,0.0
2018-05-01,전국,27949.0,6.4,23996.0,5.5,24996.0,5.7,3953.0,0.9,0.0
2018-06-01,전국,26357.0,6.3,22596.0,5.4,20610.0,4.9,3761.0,0.9,0.0
2018-07-01,전국,27033.0,6.2,23886.0,5.5,20091.0,4.6,3147.0,0.7,0.0
2018-08-01,전국,27381.0,6.3,23937.0,5.5,19345.0,4.4,3444.0,0.8,0.0
2018-09-01,전국,26066.0,6.2,22906.0,5.4,14344.0,3.4,3160.0,0.7,0.0
2018-10-01,전국,26474.0,6.1,25010.0,5.7,21856.0,5.0,1464.0,0.3,0.0
2018-11-01,전국,25301.0,6.0,24200.0,5.7,22801.0,5.4,1101.0,0.3,0.0
2018-12-01,전국,22767.0,5.2,26523.0,6.1,26818.0,6.2,-3756.0,-0.9,0.0
2019-01-01,전국,30271.0,6.9,27366.0,6.3,21326.0,4.9,2905.0,0.7,0.0
2019-02-01,전국,25710.0,6.5,22918.0,5.8,18199.0,4.6,2792.0,0.7,0.0
2019-03-01,전국,27049.0,6.2,24985.0,5.7,19549.0,4.5,2064.0,0.5,0.0
2019-04-01,전국,26104.0,6.2,23833.0,5.6,20026.0,4.7,2271.0,0.5,0.0
2019-05-01,전국,25299.0,5.8,24756.0,5.7,23045.0,5.3,543.0,0.1,0.0
2019-06-01,전국,23992.0,5.7,23056.0,5.5,17942.0,4.3,936.0,0.2,0.0
2019-07-01,전국,25222.0,5.8,23216.0,5.3,19178.0,4.4,2006.0,0.5,0.0
2019-08-01,전국,24371.0,5.6,23707.0,5.4,18336.0,4.2,664.0,0.2,0.0
2019-09-01,전국,24090.0,5.7,23570.0,5.6,15798.0,3.7,520.0,0.1,0.0
2019-10-01,전국,25613.0,5.9,25569.0,5.9,20327.0,4.7,44.0,0.0,0.0
2019-11-01,전국,23727.0,5.6,25412.0,6.0,20488.0,4.9,-1685.0,-0.4,0.0
2019-12-01,전국,21228.0,4.9,26722.0,6.1,24945.0,5.7,-5494.0,-1.3,0.0
2020-01-01,전국,26646.0,6.1,28430.0,6.5,19819.0,4.6,-1784.0,-0.4,0.0
2020-02-01,전국,22759.0,5.6,25423.0,6.2,19103.0,4.7,-2664.0,-0.7,0.0
2020-03-01,전국,24190.0,5.6,25850.0,5.9,19358.0,4.5,-1660.0,-0.4,0.0
2020-04-01,전국,23299.0,5.5,24674.0,5.9,15669.0,3.7,-1375.0,-0.3,0.0
2020-05-01,전국,22847.0,5.3,24346.0,5.6,18144.0,4.2,-1499.0,-0.3,0.0
2020-06-01,전국,22117.0,5.3,23638.0,5.6,17184.0,4.1,-1521.0,-0.4,0.0
2020-07-01,전국,22999.0,5.3,23989.0,5.5,17080.0,3.9,-990.0,-0.2,0.0
2020-08-01,전국,22402.0,5.1,25289.0,5.8,15032.0,3.5,-2887.0,-0.7,0.0
2020-09-01,전국,23499.0,5.6,24352.0,5.8,15324.0,3.6,-853.0,-0.2,0.0
2020-10-01,전국,21884.0,5.0,26488.0,6.1,16473.0,3.8,-4604.0,-1.1,0.0
2020-11-01,전국,20054.0,4.8,25603.0,6.1,18177.0,4.3,-5549.0,-1.3,0.0
2020-12-01,전국,19641.0,4.5,26866.0,6.2,22139.0,5.1,-7225.0,-1.7,0.0
2021-01-01,전국,24894.0,5.7,27230.0,6.2,16280.0,3.7,-2336.0,-0.5,0.0
2021-02-01,전국,21306.0,5.4,23795.0,6.0,14972.0,3.8,-2489.0,-0.6,0.0
2021-03-01,전국,23925.0,5.5,26550.0,6.1,16762.0,3.8,-2625.0,-0.6,0.0
2021-04-01,전국,22703.0,5.4,25077.0,5.9,15861.0,3.8,-2374.0,-0.6,0.0
2021-05-01,전국,21922.0,5.0,25577.0,5.9,16153.0,3.7,-3655.0,-0.8,0.0
2021-06-01,전국,21504.0,5.1,24398.0,5.8,16235.0,3.8,-2894.0,-0.7,0.0
2021-07-01,전국,22364.0,5.1,25748.0,5.9,15739.0,3.6,-3384.0,-0.8,0.0
2021-08-01,전국,22282.0,5.1,25953.0,6.0,14720.0,3.4,-3671.0,-0.8,0.0
2021-09-01,전국,21905.0,5.2,25674.0,6.1,13733.0,3.3,-3769.0,-0.9,0.0
2021-10-01,전국,20749.0,4.8,27775.0,6.4,15203.0,3.5,-7026.0,-1.6,0.0
2021-11-01,전국,19829.0,4.7,28363.0,6.7,17088.0,4.0,-8534.0,-2.0,0.0
2021-12-01,전국,17179.0,3.9,31634.0,7.3,19761.0,4.5,-14455.0,-3.3,0.0
2022-01-01,전국,24598.0,5.6,29686.0,6.8,14753.0,3.4,-5088.0,-1.2,0.0
2022-02-01,전국,20654.0,5.2,29189.0,7.4,15308.0,3.9,-8535.0,-2.2,0.0
2022-03-01,전국,22925.0,5.3,44487.0,10.2,15316.0,3.5,-21562.0,-4.9,0.0
2022-04-01,전국,21124.0,5.0,36697.0,8.7,15795.0,3.7,-15573.0,-3.7,0.0
2022-05-01,전국,20007.0,4.6,28859.0,6.6,17041.0,3.9,-8852.0,-2.0,0.0
2022-06-01,전국,18830.0,4.5,24850.0,5.9,14898.0,3.5,-6019.0,-1.4,0.0
2000-01-01,전라남도,2679.0,14.69,1771.0,9.7,1216.0,6.7,908.0,5.0,-4536.0
2000-02-01,전라남도,2366.0,13.87,1537.0,9.0,1104.0,6.5,829.0,4.9,-4245.0
2000-03-01,전라남도,2423.0,13.31,1644.0,9.0,1282.0,7.0,779.0,4.3,-2791.0
2000-04-01,전라남도,2157.0,12.27,1409.0,8.0,1164.0,6.6,748.0,4.3,-3084.0
2000-05-01,전라남도,2109.0,11.61,1402.0,7.7,1265.0,7.0,707.0,3.9,-1185.0
2000-06-01,전라남도,1894.0,10.75,1385.0,7.9,949.0,5.4,509.0,2.9,9534.0
2000-07-01,전라남도,1944.0,10.67,1454.0,8.0,718.0,3.9,490.0,2.7,-9453.0
2000-08-01,전라남도,2123.0,11.69,1417.0,7.8,657.0,3.6,706.0,3.9,-5640.0
2000-09-01,전라남도,2128.0,12.14,1504.0,8.6,593.0,3.4,624.0,3.6,-3543.0
2000-10-01,전라남도,2156.0,11.92,1591.0,8.8,842.0,4.7,565.0,3.1,-3432.0
2000-11-01,전라남도,2026.0,11.59,1605.0,9.2,1046.0,6.0,421.0,2.4,-3555.0
2000-12-01,전라남도,2041.0,11.31,1531.0,8.5,1233.0,6.8,510.0,2.8,-1608.0
2001-01-01,전라남도,2392.0,13.23,1563.0,8.6,996.0,5.5,829.0,4.6,-3971.0
2001-02-01,전라남도,2070.0,12.69,1466.0,9.0,908.0,5.6,604.0,3.7,-5182.0
2001-03-01,전라남도,2306.0,12.79,1715.0,9.5,1006.0,5.6,591.0,3.3,-2817.0
2001-04-01,전라남도,2013.0,11.55,1528.0,8.8,1047.0,6.0,485.0,2.8,-2289.0
2001-05-01,전라남도,1783.0,9.9,1500.0,8.3,1073.0,6.0,283.0,1.6,-1254.0
2001-06-01,전라남도,1624.0,9.31,1332.0,7.6,829.0,4.8,292.0,1.7,11937.0
2001-07-01,전라남도,1710.0,9.48,1420.0,7.9,676.0,3.7,290.0,1.6,-11605.0
2001-08-01,전라남도,1730.0,9.62,1451.0,8.1,677.0,3.8,279.0,1.6,-5401.0
2001-09-01,전라남도,1812.0,10.44,1349.0,7.8,637.0,3.7,463.0,2.7,-3387.0
2001-10-01,전라남도,1793.0,10.01,1585.0,8.9,719.0,4.0,208.0,1.2,-3636.0
2001-11-01,전라남도,1654.0,9.56,1534.0,8.9,1015.0,5.9,120.0,0.7,-3770.0
2001-12-01,전라남도,1701.0,9.53,1464.0,8.2,1189.0,6.7,237.0,1.3,-5049.0
2002-01-01,전라남도,2000.0,11.23,1446.0,8.1,978.0,5.5,554.0,3.1,-5069.0
2002-02-01,전라남도,1765.0,11.0,1335.0,8.3,777.0,4.8,430.0,2.7,-5186.0
2002-03-01,전라남도,1881.0,10.6,1493.0,8.4,996.0,5.6,388.0,2.2,-1193.0
2002-04-01,전라남도,1649.0,9.61,1420.0,8.3,976.0,5.7,229.0,1.3,-917.0
2002-05-01,전라남도,1587.0,8.95,1429.0,8.1,1093.0,6.2,158.0,0.9,-2034.0
2002-06-01,전라남도,1442.0,8.42,1361.0,7.9,686.0,4.0,81.0,0.5,-4514.0
2002-07-01,전라남도,1564.0,8.86,1394.0,7.9,625.0,3.5,170.0,1.0,-5392.0
2002-08-01,전라남도,1531.0,8.69,1437.0,8.2,608.0,3.5,94.0,0.5,-5020.0
2002-09-01,전라남도,1514.0,8.9,1407.0,8.3,518.0,3.0,107.0,0.6,-3559.0
2002-10-01,전라남도,1509.0,8.6,1602.0,9.1,723.0,4.1,-93.0,-0.5,-3705.0
2002-11-01,전라남도,1454.0,8.58,1576.0,9.3,954.0,5.6,-122.0,-0.7,-4368.0
2002-12-01,전라남도,1346.0,7.71,1652.0,9.5,1105.0,6.3,-306.0,-1.8,-5195.0
2003-01-01,전라남도,1761.0,10.12,1562.0,9.0,870.0,5.0,199.0,1.1,-3868.0
2003-02-01,전라남도,1596.0,10.16,1352.0,8.6,774.0,4.9,244.0,1.6,258.0
2003-03-01,전라남도,1638.0,9.41,1449.0,8.3,855.0,4.9,189.0,1.1,-782.0
2003-04-01,전라남도,1588.0,9.43,1368.0,8.1,939.0,5.6,220.0,1.3,-2772.0
2003-05-01,전라남도,1498.0,8.62,1481.0,8.5,909.0,5.2,17.0,0.1,-2696.0
2003-06-01,전라남도,1351.0,8.03,1389.0,8.3,787.0,4.7,-38.0,-0.2,1821.0
2003-07-01,전라남도,1434.0,8.27,1336.0,7.7,746.0,4.3,98.0,0.6,-6858.0
2003-08-01,전라남도,1404.0,8.12,1395.0,8.1,674.0,3.9,9.0,0.1,-4681.0
2003-09-01,전라남도,1578.0,9.44,1442.0,8.6,539.0,3.2,136.0,0.8,-3455.0
2003-10-01,전라남도,1630.0,9.46,1632.0,9.5,800.0,4.6,-2.0,0.0,-3367.0
2003-11-01,전라남도,1480.0,8.89,1510.0,9.1,855.0,5.1,-30.0,-0.2,-3363.0
2003-12-01,전라남도,1375.0,8.01,1503.0,8.8,1110.0,6.5,-128.0,-0.7,-6340.0
2004-01-01,전라남도,1821.0,10.66,1494.0,8.7,850.0,5.0,327.0,1.9,-3070.0
2004-02-01,전라남도,1533.0,9.61,1343.0,8.4,770.0,4.8,190.0,1.2,-5290.0
2004-03-01,전라남도,1673.0,9.84,1576.0,9.3,869.0,5.1,97.0,0.6,-3356.0
2004-04-01,전라남도,1454.0,8.85,1473.0,9.0,769.0,4.7,-19.0,-0.1,-2568.0
2004-05-01,전라남도,1464.0,8.63,1408.0,8.3,875.0,5.2,56.0,0.3,-1791.0
2004-06-01,전라남도,1320.0,8.04,1405.0,8.6,863.0,5.3,-85.0,-0.5,-1203.0
2004-07-01,전라남도,1385.0,8.18,1330.0,7.9,645.0,3.8,55.0,0.3,-2852.0
2004-08-01,전라남도,1401.0,8.28,1386.0,8.2,663.0,3.9,15.0,0.1,-2879.0
2004-09-01,전라남도,1370.0,8.38,1425.0,8.7,524.0,3.2,-55.0,-0.3,-1648.0
2004-10-01,전라남도,1390.0,8.24,1448.0,8.6,705.0,4.2,-58.0,-0.3,-1989.0
2004-11-01,전라남도,1236.0,7.58,1391.0,8.5,916.0,5.6,-155.0,-1.0,-2253.0
2004-12-01,전라남도,1209.0,7.18,1462.0,8.7,1226.0,7.3,-253.0,-1.5,-3353.0
2005-01-01,전라남도,1572.0,9.32,1437.0,8.5,905.0,5.4,135.0,0.8,-2707.0
2005-02-01,전라남도,1328.0,8.73,1262.0,8.3,663.0,4.4,66.0,0.4,-3208.0
2005-03-01,전라남도,1548.0,9.2,1457.0,8.7,911.0,5.4,91.0,0.5,-1546.0
2005-04-01,전라남도,1337.0,8.22,1505.0,9.2,878.0,5.4,-168.0,-1.0,-1079.0
2005-05-01,전라남도,1261.0,7.5,1377.0,8.2,991.0,5.9,-116.0,-0.7,-1156.0
2005-06-01,전라남도,1277.0,7.86,1248.0,7.7,803.0,4.9,29.0,0.2,-450.0
2005-07-01,전라남도,1260.0,7.5,1290.0,7.7,717.0,4.3,-30.0,-0.2,-1324.0
2005-08-01,전라남도,1232.0,7.34,1227.0,7.3,696.0,4.1,5.0,0.0,-1523.0
2005-09-01,전라남도,1249.0,7.7,1292.0,8.0,553.0,3.4,-43.0,-0.3,-1063.0
2005-10-01,전라남도,1251.0,7.47,1415.0,8.4,726.0,4.3,-164.0,-1.0,-1298.0
2005-11-01,전라남도,1342.0,8.28,1382.0,8.5,943.0,5.8,-40.0,-0.2,-1170.0
2005-12-01,전라남도,1161.0,6.94,1437.0,8.6,1198.0,7.2,-276.0,-1.7,-3483.0
2006-01-01,전라남도,1501.0,8.99,1419.0,8.5,892.0,5.3,82.0,0.5,-2830.0
2006-02-01,전라남도,1363.0,9.05,1301.0,8.6,798.0,5.3,62.0,0.4,-3615.0
2006-03-01,전라남도,1467.0,8.81,1446.0,8.7,926.0,5.6,21.0,0.1,-550.0
2006-04-01,전라남도,1348.0,8.37,1413.0,8.8,849.0,5.3,-65.0,-0.4,-564.0
2006-05-01,전라남도,1350.0,8.11,1345.0,8.1,965.0,5.8,5.0,0.0,-535.0
2006-06-01,전라남도,1217.0,7.56,1237.0,7.7,870.0,5.4,-20.0,-0.1,-3078.0
2006-07-01,전라남도,1270.0,7.65,1291.0,7.8,759.0,4.6,-21.0,-0.1,-1925.0
2006-08-01,전라남도,1284.0,7.74,1337.0,8.1,757.0,4.6,-53.0,-0.3,-2738.0
2006-09-01,전라남도,1326.0,8.27,1275.0,8.0,621.0,3.9,51.0,0.3,-2041.0
2006-10-01,전라남도,1294.0,7.82,1358.0,8.2,731.0,4.4,-64.0,-0.4,-1623.0
2006-11-01,전라남도,1322.0,8.26,1385.0,8.7,989.0,6.2,-63.0,-0.4,-2049.0
2006-12-01,전라남도,1163.0,7.04,1446.0,8.8,1350.0,8.2,-283.0,-1.7,-3137.0
2007-01-01,전라남도,1687.0,10.23,1425.0,8.6,1129.0,6.8,262.0,1.6,-2414.0
2007-02-01,전라남도,1416.0,9.52,1278.0,8.6,938.0,6.3,138.0,0.9,-3050.0
2007-03-01,전라남도,1544.0,9.38,1317.0,8.0,916.0,5.6,227.0,1.4,-1582.0
2007-04-01,전라남도,1434.0,9.01,1278.0,8.0,884.0,5.6,156.0,1.0,-869.0
2007-05-01,전라남도,1409.0,8.57,1315.0,8.0,1000.0,6.1,94.0,0.6,-1293.0
2007-06-01,전라남도,1366.0,8.59,1289.0,8.1,875.0,5.5,77.0,0.5,-558.0
2007-07-01,전라남도,1367.0,8.32,1194.0,7.3,746.0,4.5,173.0,1.1,-593.0
2007-08-01,전라남도,1515.0,9.22,1305.0,7.9,781.0,4.8,210.0,1.3,-1100.0
2007-09-01,전라남도,1629.0,10.25,1356.0,8.5,546.0,3.4,273.0,1.7,-678.0
2007-10-01,전라남도,1613.0,9.83,1452.0,8.8,882.0,5.4,161.0,1.0,-1039.0
2007-11-01,전라남도,1525.0,9.6,1426.0,9.0,985.0,6.2,99.0,0.6,-781.0
2007-12-01,전라남도,1339.0,8.17,1395.0,8.5,1172.0,7.1,-56.0,-0.3,-2616.0
2008-01-01,전라남도,1698.0,10.39,1394.0,8.5,1098.0,6.7,304.0,1.9,-1984.0
2008-02-01,전라남도,1395.0,9.14,1417.0,9.3,839.0,5.5,-22.0,-0.1,-2706.0
2008-03-01,전라남도,1503.0,9.22,1559.0,9.6,960.0,5.9,-56.0,-0.3,-482.0
2008-04-01,전라남도,1348.0,8.54,1333.0,8.4,838.0,5.3,15.0,0.1,-712.0
2008-05-01,전라남도,1294.0,7.94,1350.0,8.3,957.0,5.9,-56.0,-0.3,-782.0
2008-06-01,전라남도,1244.0,7.89,1241.0,7.9,818.0,5.2,3.0,0.0,-528.0
2008-07-01,전라남도,1375.0,8.44,1215.0,7.5,794.0,4.9,160.0,1.0,-1132.0
2008-08-01,전라남도,1342.0,8.24,1194.0,7.3,732.0,4.5,148.0,0.9,-1192.0
2008-09-01,전라남도,1350.0,8.57,1121.0,7.1,603.0,3.8,229.0,1.5,-1067.0
2008-10-01,전라남도,1300.0,7.99,1414.0,8.7,823.0,5.1,-114.0,-0.7,-845.0
2008-11-01,전라남도,1274.0,8.09,1299.0,8.3,851.0,5.4,-25.0,-0.2,-894.0
2008-12-01,전라남도,1240.0,7.63,1481.0,9.1,1167.0,7.2,-241.0,-1.5,-994.0
2009-01-01,전라남도,1692.0,10.38,1464.0,9.0,968.0,5.9,228.0,1.4,-704.0
2009-02-01,전라남도,1310.0,8.91,1187.0,8.1,820.0,5.6,123.0,0.8,-1918.0
2009-03-01,전라남도,1393.0,8.56,1273.0,7.8,909.0,5.6,120.0,0.7,-80.0
2009-04-01,전라남도,1334.0,8.47,1346.0,8.5,859.0,5.5,-12.0,-0.1,-405.0
2009-05-01,전라남도,1304.0,8.02,1322.0,8.1,905.0,5.6,-18.0,-0.1,-863.0
2009-06-01,전라남도,1244.0,7.9,1252.0,8.0,814.0,5.2,-8.0,-0.1,-94.0
2009-07-01,전라남도,1270.0,7.81,1202.0,7.4,771.0,4.7,68.0,0.4,-373.0
2009-08-01,전라남도,1305.0,8.03,1312.0,8.1,721.0,4.4,-7.0,0.0,-1102.0
2009-09-01,전라남도,1391.0,8.84,1322.0,8.4,691.0,4.4,69.0,0.4,-1218.0
2009-10-01,전라남도,1317.0,8.1,1313.0,8.1,675.0,4.2,4.0,0.0,1.0
2009-11-01,전라남도,1255.0,7.98,1373.0,8.7,813.0,5.2,-118.0,-0.8,-402.0
2009-12-01,전라남도,1180.0,7.26,1368.0,8.4,1105.0,6.8,-188.0,-1.2,-267.0
2010-01-01,전라남도,1634.0,10.06,1358.0,8.4,930.0,5.7,276.0,1.7,-1503.0
2010-02-01,전라남도,1304.0,8.89,1244.0,8.5,768.0,5.2,60.0,0.4,-1900.0
2010-03-01,전라남도,1479.0,9.11,1358.0,8.4,926.0,5.7,121.0,0.7,394.0
2010-04-01,전라남도,1364.0,8.68,1376.0,8.8,919.0,5.9,-12.0,-0.1,180.0
2010-05-01,전라남도,1297.0,7.99,1399.0,8.6,891.0,5.5,-102.0,-0.6,-246.0
2010-06-01,전라남도,1239.0,7.89,1232.0,7.8,968.0,6.2,7.0,0.0,-1692.0
2010-07-01,전라남도,1367.0,8.43,1216.0,7.5,787.0,4.9,151.0,0.9,-1227.0
2010-08-01,전라남도,1335.0,8.24,1322.0,8.2,798.0,4.9,13.0,0.1,-1972.0
2010-09-01,전라남도,1462.0,9.33,1331.0,8.5,624.0,4.0,131.0,0.8,-684.0
2010-10-01,전라남도,1461.0,9.03,1426.0,8.8,723.0,4.5,35.0,0.2,-1110.0
2010-11-01,전라남도,1478.0,9.45,1388.0,8.9,930.0,5.9,90.0,0.6,-507.0
2010-12-01,전라남도,1234.0,7.63,1392.0,8.6,1197.0,7.4,-158.0,-1.0,206.0
2011-01-01,전라남도,1800.0,11.14,1507.0,9.3,920.0,5.7,293.0,1.8,-1808.0
2011-02-01,전라남도,1381.0,9.47,1324.0,9.1,792.0,5.4,57.0,0.4,-2913.0
2011-03-01,전라남도,1542.0,9.56,1355.0,8.4,871.0,5.4,187.0,1.2,-112.0
2011-04-01,전라남도,1367.0,8.76,1382.0,8.9,880.0,5.6,-15.0,-0.1,-403.0
2011-05-01,전라남도,1304.0,8.08,1359.0,8.4,983.0,6.1,-55.0,-0.3,-247.0
2011-06-01,전라남도,1305.0,8.36,1252.0,8.0,854.0,5.5,53.0,0.3,546.0
2011-07-01,전라남도,1400.0,8.68,1201.0,7.4,712.0,4.4,199.0,1.2,-1082.0
2011-08-01,전라남도,1350.0,8.37,1261.0,7.8,775.0,4.8,89.0,0.6,-1411.0
2011-09-01,전라남도,1343.0,8.61,1356.0,8.7,637.0,4.1,-13.0,-0.1,116.0
2011-10-01,전라남도,1375.0,8.53,1362.0,8.4,757.0,4.7,13.0,0.1,213.0
2011-11-01,전라남도,1281.0,8.21,1316.0,8.4,905.0,5.8,-35.0,-0.2,476.0
2011-12-01,전라남도,1164.0,7.22,1415.0,8.8,1180.0,7.3,-251.0,-1.6,1403.0
2012-01-01,전라남도,1749.0,10.87,1517.0,9.4,954.0,5.9,232.0,1.4,-1759.0
2012-02-01,전라남도,1384.0,9.21,1670.0,11.1,837.0,5.6,-286.0,-1.9,-1887.0
2012-03-01,전라남도,1450.0,9.03,1486.0,9.3,929.0,5.8,-36.0,-0.2,133.0
2012-04-01,전라남도,1370.0,8.81,1421.0,9.1,850.0,5.5,-51.0,-0.3,-131.0
2012-05-01,전라남도,1413.0,8.8,1388.0,8.6,773.0,4.8,25.0,0.2,124.0
2012-06-01,전라남도,1325.0,8.52,1199.0,7.7,824.0,5.3,126.0,0.8,195.0
2012-07-01,전라남도,1373.0,8.55,1266.0,7.9,682.0,4.2,107.0,0.7,-493.0
2012-08-01,전라남도,1435.0,8.94,1241.0,7.7,679.0,4.2,194.0,1.2,-1011.0
2012-09-01,전라남도,1444.0,9.29,1282.0,8.3,563.0,3.6,162.0,1.0,-466.0
2012-10-01,전라남도,1461.0,9.1,1515.0,9.4,762.0,4.7,-54.0,-0.3,-237.0
2012-11-01,전라남도,1412.0,9.09,1330.0,8.6,887.0,5.7,82.0,0.5,-230.0
2012-12-01,전라남도,1174.0,7.31,1451.0,9.0,1087.0,6.8,-277.0,-1.7,708.0
2013-01-01,전라남도,1616.0,10.04,1497.0,9.3,967.0,6.0,119.0,0.7,-1605.0
2013-02-01,전라남도,1361.0,9.37,1381.0,9.5,768.0,5.3,-20.0,-0.1,-1278.0
2013-03-01,전라남도,1346.0,8.37,1490.0,9.3,737.0,4.6,-144.0,-0.9,32.0
2013-04-01,전라남도,1277.0,8.21,1401.0,9.0,808.0,5.2,-124.0,-0.8,-204.0
2013-05-01,전라남도,1222.0,7.6,1357.0,8.4,965.0,6.0,-135.0,-0.8,-131.0
2013-06-01,전라남도,1156.0,7.43,1205.0,7.7,840.0,5.4,-49.0,-0.3,247.0
2013-07-01,전라남도,1259.0,7.83,1273.0,7.9,818.0,5.1,-14.0,-0.1,-542.0
2013-08-01,전라남도,1322.0,8.23,1291.0,8.0,787.0,4.9,31.0,0.2,-661.0
2013-09-01,전라남도,1333.0,8.57,1315.0,8.5,592.0,3.8,18.0,0.1,-172.0
2013-10-01,전라남도,1259.0,7.83,1300.0,8.1,819.0,5.1,-41.0,-0.3,205.0
2013-11-01,전라남도,1208.0,7.77,1405.0,9.0,862.0,5.5,-197.0,-1.3,965.0
2013-12-01,전라남도,1042.0,6.48,1417.0,8.8,1032.0,6.4,-375.0,-2.3,838.0
2014-01-01,전라남도,1430.0,8.89,1444.0,9.0,933.0,5.8,-14.0,-0.1,-709.0
2014-02-01,전라남도,1291.0,8.89,1358.0,9.4,835.0,5.8,-67.0,-0.5,-1100.0
2014-03-01,전라남도,1314.0,8.18,1448.0,9.0,816.0,5.1,-134.0,-0.8,786.0
2014-04-01,전라남도,1217.0,7.82,1283.0,8.2,783.0,5.0,-66.0,-0.4,1564.0
2014-05-01,전라남도,1210.0,7.52,1358.0,8.4,831.0,5.2,-148.0,-0.9,-845.0
2014-06-01,전라남도,1166.0,7.5,1254.0,8.1,776.0,5.0,-88.0,-0.6,-1222.0
2014-07-01,전라남도,1253.0,7.8,1242.0,7.7,723.0,4.5,11.0,0.1,-1040.0
2014-08-01,전라남도,1213.0,7.55,1278.0,8.0,668.0,4.2,-65.0,-0.4,-1037.0
2014-09-01,전라남도,1235.0,7.95,1299.0,8.4,597.0,3.8,-64.0,-0.4,-805.0
2014-10-01,전라남도,1249.0,7.78,1345.0,8.4,764.0,4.8,-96.0,-0.6,96.0
2014-11-01,전라남도,1134.0,7.3,1300.0,8.4,660.0,4.2,-166.0,-1.1,647.0
2014-12-01,전라남도,1105.0,6.88,1444.0,9.0,971.0,6.0,-339.0,-2.1,3069.0
2015-01-01,전라남도,1503.0,9.35,1508.0,9.4,916.0,5.7,-5.0,0.0,-1466.0
2015-02-01,전라남도,1270.0,8.76,1477.0,10.2,630.0,4.3,-207.0,-1.4,-1001.0
2015-03-01,전라남도,1385.0,8.63,1663.0,10.4,804.0,5.0,-278.0,-1.7,-690.0
2015-04-01,전라남도,1301.0,8.38,1427.0,9.2,779.0,5.0,-126.0,-0.8,53.0
2015-05-01,전라남도,1261.0,7.86,1317.0,8.2,796.0,5.0,-56.0,-0.3,134.0
2015-06-01,전라남도,1137.0,7.32,1234.0,7.9,837.0,5.4,-97.0,-0.6,325.0
2015-07-01,전라남도,1221.0,7.61,1237.0,7.7,697.0,4.3,-16.0,-0.1,378.0
2015-08-01,전라남도,1237.0,7.71,1282.0,8.0,671.0,4.2,-45.0,-0.3,553.0
2015-09-01,전라남도,1260.0,8.11,1262.0,8.1,591.0,3.8,-2.0,0.0,711.0
2015-10-01,전라남도,1276.0,7.94,1401.0,8.7,745.0,4.6,-125.0,-0.8,1293.0
2015-11-01,전라남도,1145.0,7.36,1319.0,8.5,819.0,5.3,-174.0,-1.1,-107.0
2015-12-01,전라남도,1065.0,6.62,1416.0,8.8,990.0,6.2,-351.0,-2.2,3753.0
2016-01-01,전라남도,1451.0,9.04,1501.0,9.4,765.0,4.8,-50.0,-0.3,-1948.0
2016-02-01,전라남도,1229.0,8.19,1472.0,9.8,709.0,4.7,-243.0,-1.6,-1026.0
2016-03-01,전라남도,1335.0,8.33,1538.0,9.6,710.0,4.4,-203.0,-1.3,-266.0
2016-04-01,전라남도,1193.0,7.69,1332.0,8.6,750.0,4.8,-139.0,-0.9,-199.0
2016-05-01,전라남도,1104.0,6.89,1340.0,8.4,778.0,4.9,-236.0,-1.5,-372.0
2016-06-01,전라남도,1128.0,7.28,1195.0,7.7,765.0,4.9,-67.0,-0.4,-62.0
2016-07-01,전라남도,1142.0,7.13,1328.0,8.3,624.0,3.9,-186.0,-1.2,-543.0
2016-08-01,전라남도,1202.0,7.51,1324.0,8.3,661.0,4.1,-122.0,-0.8,-629.0
2016-09-01,전라남도,1113.0,7.19,1283.0,8.3,517.0,3.3,-170.0,-1.1,-697.0
2016-10-01,전라남도,1113.0,6.96,1365.0,8.5,663.0,4.1,-252.0,-1.6,86.0
2016-11-01,전라남도,1048.0,6.77,1409.0,9.1,773.0,5.0,-361.0,-2.3,476.0
2016-12-01,전라남도,922.0,5.76,1474.0,9.2,839.0,5.2,-552.0,-3.4,1975.0
2017-01-01,전라남도,1315.0,8.19,1481.0,9.2,772.0,4.8,-166.0,-1.0,-1264.0
2017-02-01,전라남도,997.0,6.88,1311.0,9.0,718.0,5.0,-314.0,-2.2,-1280.0
2017-03-01,전라남도,1203.0,7.51,1403.0,8.8,755.0,4.7,-200.0,-1.2,-794.0
2017-04-01,전라남도,1044.0,6.73,1389.0,9.0,607.0,3.9,-345.0,-2.2,405.0
2017-05-01,전라남도,980.0,6.12,1420.0,8.9,775.0,4.8,-440.0,-2.7,-181.0
2017-06-01,전라남도,977.0,6.3,1325.0,8.5,670.0,4.3,-348.0,-2.2,-431.0
2017-07-01,전라남도,1017.0,6.35,1345.0,8.4,590.0,3.7,-328.0,-2.0,-189.0
2017-08-01,전라남도,991.0,6.19,1439.0,9.0,601.0,3.8,-448.0,-2.8,-1290.0
2017-09-01,전라남도,1044.0,6.75,1326.0,8.6,512.0,3.3,-282.0,-1.8,-396.0
2017-10-01,전라남도,973.0,6.09,1444.0,9.0,508.0,3.2,-471.0,-2.9,-222.0
2017-11-01,전라남도,934.0,6.04,1440.0,9.3,698.0,4.5,-506.0,-3.3,151.0
2017-12-01,전라남도,879.0,5.5,1525.0,9.5,843.0,5.3,-646.0,-4.0,2444.0
2018-01-01,전라남도,1077.0,6.7,1755.0,11.0,709.0,4.4,-678.0,-4.2,-2330.0
2018-02-01,전라남도,978.0,6.8,1531.0,10.6,558.0,3.9,-553.0,-3.8,-1497.0
2018-03-01,전라남도,1076.0,6.7,1385.0,8.7,717.0,4.5,-309.0,-1.9,-455.0
2018-04-01,전라남도,975.0,6.3,1467.0,9.5,629.0,4.1,-492.0,-3.2,299.0
2018-05-01,전라남도,956.0,6.0,1346.0,8.4,720.0,4.5,-390.0,-2.4,-300.0
2018-06-01,전라남도,890.0,5.8,1286.0,8.3,629.0,4.1,-396.0,-2.6,-1413.0
2018-07-01,전라남도,902.0,5.7,1314.0,8.3,627.0,3.9,-412.0,-2.6,-1313.0
2018-08-01,전라남도,914.0,5.7,1435.0,9.0,565.0,3.6,-521.0,-3.3,-1564.0
2018-09-01,전라남도,913.0,5.9,1327.0,8.6,405.0,2.6,-414.0,-2.7,-1339.0
2018-10-01,전라남도,918.0,5.8,1435.0,9.0,652.0,4.1,-517.0,-3.3,-745.0
2018-11-01,전라남도,849.0,5.5,1444.0,9.4,632.0,4.1,-595.0,-3.9,681.0
2018-12-01,전라남도,790.0,5.0,1494.0,9.4,744.0,4.7,-704.0,-4.4,1946.0
2019-01-01,전라남도,1117.0,7.0,1616.0,10.2,745.0,4.7,-499.0,-3.1,-3465.0
2019-02-01,전라남도,920.0,6.4,1323.0,9.2,611.0,4.3,-403.0,-2.8,-2559.0
2019-03-01,전라남도,955.0,6.0,1467.0,9.3,654.0,4.1,-512.0,-3.2,-1311.0
2019-04-01,전라남도,924.0,6.0,1306.0,8.5,624.0,4.1,-382.0,-2.5,-671.0
2019-05-01,전라남도,931.0,5.9,1431.0,9.1,673.0,4.3,-500.0,-3.2,-1011.0
2019-06-01,전라남도,837.0,5.5,1317.0,8.6,539.0,3.5,-480.0,-3.1,-782.0
2019-07-01,전라남도,909.0,5.8,1299.0,8.2,608.0,3.9,-390.0,-2.5,-1315.0
2019-08-01,전라남도,866.0,5.5,1331.0,8.4,509.0,3.2,-465.0,-3.0,-1365.0
2019-09-01,전라남도,891.0,5.8,1305.0,8.6,474.0,3.1,-414.0,-2.7,-812.0
2019-10-01,전라남도,884.0,5.6,1445.0,9.2,629.0,4.0,-561.0,-3.6,-374.0
2019-11-01,전라남도,829.0,5.4,1438.0,9.4,621.0,4.1,-609.0,-4.0,1105.0
2019-12-01,전라남도,769.0,4.9,1509.0,9.6,726.0,4.6,-740.0,-4.7,3772.0
2020-01-01,전라남도,955.0,6.1,1648.0,10.5,647.0,4.1,-693.0,-4.4,-3328.0
2020-02-01,전라남도,825.0,5.6,1513.0,10.3,659.0,4.5,-688.0,-4.7,-2067.0
2020-03-01,전라남도,910.0,5.8,1470.0,9.4,613.0,3.9,-560.0,-3.6,-2026.0
2020-04-01,전라남도,793.0,5.2,1430.0,9.5,500.0,3.3,-637.0,-4.2,-1640.0
2020-05-01,전라남도,807.0,5.2,1427.0,9.1,528.0,3.4,-620.0,-4.0,-567.0
2020-06-01,전라남도,769.0,5.1,1319.0,8.7,545.0,3.6,-550.0,-3.6,-752.0
2020-07-01,전라남도,868.0,5.6,1331.0,8.5,492.0,3.2,-463.0,-3.0,-745.0
2020-08-01,전라남도,833.0,5.3,1402.0,9.0,432.0,2.8,-569.0,-3.7,-865.0
2020-09-01,전라남도,814.0,5.4,1411.0,9.4,411.0,2.7,-597.0,-4.0,-399.0
2020-10-01,전라남도,751.0,4.8,1510.0,9.7,479.0,3.1,-759.0,-4.9,228.0
2020-11-01,전라남도,725.0,4.8,1405.0,9.3,505.0,3.4,-680.0,-4.5,633.0
2020-12-01,전라남도,688.0,4.4,1570.0,10.1,554.0,3.6,-882.0,-5.7,1774.0
2021-01-01,전라남도,884.0,5.7,1565.0,10.0,799.0,5.1,-681.0,-4.4,-311.0
2021-02-01,전라남도,683.0,4.8,1301.0,9.2,510.0,3.6,-618.0,-4.4,-207.0
2021-03-01,전라남도,744.0,4.8,1518.0,9.7,575.0,3.7,-774.0,-5.0,-510.0
2021-04-01,전라남도,699.0,4.6,1422.0,9.4,499.0,3.3,-723.0,-4.8,232.0
2021-05-01,전라남도,735.0,4.7,1362.0,8.7,503.0,3.2,-627.0,-4.0,-10.0
2021-06-01,전라남도,676.0,4.5,1408.0,9.3,473.0,3.1,-732.0,-4.9,-507.0
2021-07-01,전라남도,749.0,4.8,1361.0,8.7,455.0,2.9,-612.0,-3.9,-587.0
2021-08-01,전라남도,738.0,4.7,1455.0,9.3,483.0,3.1,-717.0,-4.6,-697.0
2021-09-01,전라남도,708.0,4.7,1433.0,9.5,382.0,2.5,-725.0,-4.8,-2078.0
2021-10-01,전라남도,632.0,4.1,1583.0,10.2,404.0,2.6,-951.0,-6.1,-100.0
2021-11-01,전라남도,640.0,4.3,1549.0,10.3,522.0,3.5,-909.0,-6.1,220.0
2021-12-01,전라남도,542.0,3.5,1599.0,10.3,596.0,3.8,-1057.0,-6.8,68.0
2022-01-01,전라남도,804.0,5.2,1631.0,10.5,623.0,4.0,-827.0,-5.3,541.0
2022-02-01,전라남도,662.0,4.7,1628.0,11.6,539.0,3.8,-966.0,-6.9,-239.0
2022-03-01,전라남도,690.0,4.5,2429.0,15.7,520.0,3.4,-1739.0,-11.2,-499.0
2022-04-01,전라남도,662.0,4.4,2087.0,13.9,505.0,3.4,-1425.0,-9.5,656.0
2022-05-01,전라남도,650.0,4.2,1616.0,10.4,511.0,3.3,-967.0,-6.2,179.0
2022-06-01,전라남도,565.0,3.8,1369.0,9.1,479.0,3.2,-805.0,-5.4,-343.0
2000-01-01,전북특별자치도,2547.0,14.97,1381.0,8.1,1131.0,6.6,1166.0,6.9,-3557.0
2000-02-01,전북특별자치도,2296.0,14.45,1212.0,7.6,975.0,6.1,1084.0,6.8,-2996.0
2000-03-01,전북특별자치도,2384.0,14.05,1241.0,7.3,1256.0,7.4,1143.0,6.7,-2259.0
2000-04-01,전북특별자치도,2054.0,12.51,1163.0,7.1,993.0,6.0,891.0,5.4,-2003.0
2000-05-01,전북특별자치도,2041.0,12.03,1216.0,7.2,1196.0,7.1,825.0,4.9,-2128.0
2000-06-01,전북특별자치도,1865.0,11.36,1085.0,6.6,847.0,5.2,780.0,4.8,-1495.0
2000-07-01,전북특별자치도,1925.0,11.35,1098.0,6.5,650.0,3.8,827.0,4.9,-1647.0
2000-08-01,전북특별자치도,1956.0,11.54,1186.0,7.0,602.0,3.6,770.0,4.5,-1869.0
2000-09-01,전북특별자치도,2122.0,12.95,1189.0,7.3,502.0,3.1,933.0,5.7,-1199.0
2000-10-01,전북특별자치도,1989.0,11.75,1280.0,7.6,865.0,5.1,709.0,4.2,-1889.0
2000-11-01,전북특별자치도,2010.0,12.27,1180.0,7.2,1074.0,6.6,830.0,5.1,62.0
2000-12-01,전북특별자치도,1984.0,11.72,1271.0,7.5,1271.0,7.5,713.0,4.2,-610.0
2001-01-01,전북특별자치도,2410.0,14.21,1195.0,7.0,1018.0,6.0,1215.0,7.2,-4675.0
2001-02-01,전북특별자치도,2000.0,13.07,1130.0,7.4,889.0,5.8,870.0,5.7,-3611.0
2001-03-01,전북특별자치도,2080.0,12.29,1307.0,7.7,1007.0,5.9,773.0,4.6,-2375.0
2001-04-01,전북특별자치도,1904.0,11.63,1220.0,7.5,942.0,5.8,684.0,4.2,-2014.0
2001-05-01,전북특별자치도,1808.0,10.7,1125.0,6.7,1077.0,6.4,683.0,4.0,-1594.0
2001-06-01,전북특별자치도,1718.0,10.5,1131.0,6.9,763.0,4.7,587.0,3.6,-184.0
2001-07-01,전북특별자치도,1643.0,9.72,1153.0,6.8,632.0,3.7,490.0,2.9,-2570.0
2001-08-01,전북특별자치도,1713.0,10.15,1115.0,6.6,612.0,3.6,598.0,3.5,-2089.0
2001-09-01,전북특별자치도,1806.0,11.06,1047.0,6.4,520.0,3.2,759.0,4.6,-1464.0
2001-10-01,전북특별자치도,1776.0,10.54,1146.0,6.8,695.0,4.1,630.0,3.7,-1582.0
2001-11-01,전북특별자치도,1672.0,10.24,1149.0,7.0,911.0,5.6,523.0,3.2,1790.0
2001-12-01,전북특별자치도,1662.0,9.8,1171.0,6.9,1215.0,7.2,491.0,2.9,18457.0
2002-01-01,전북특별자치도,1955.0,11.53,1104.0,6.5,1073.0,6.3,851.0,5.0,-19820.0
2002-02-01,전북특별자치도,1725.0,11.33,1042.0,6.8,751.0,4.9,683.0,4.5,-6107.0
2002-03-01,전북특별자치도,1829.0,10.88,1256.0,7.5,1014.0,6.0,573.0,3.4,-4806.0
2002-04-01,전북특별자치도,1639.0,10.09,1193.0,7.3,947.0,5.8,446.0,2.7,-3047.0
2002-05-01,전북특별자치도,1614.0,9.63,1197.0,7.1,1155.0,6.9,417.0,2.5,-2861.0
2002-06-01,전북특별자치도,1391.0,8.6,1003.0,6.2,808.0,5.0,388.0,2.4,-2711.0
2002-07-01,전북특별자치도,1602.0,9.6,1066.0,6.4,680.0,4.1,536.0,3.2,-2822.0
2002-08-01,전북특별자치도,1550.0,9.28,1100.0,6.6,621.0,3.7,450.0,2.7,-3006.0
2002-09-01,전북특별자치도,1504.0,9.32,1168.0,7.2,545.0,3.4,336.0,2.1,-2338.0
2002-10-01,전북특별자치도,1546.0,9.28,1321.0,7.9,830.0,5.0,225.0,1.4,-2878.0
2002-11-01,전북특별자치도,1405.0,8.73,1259.0,7.8,1054.0,6.5,146.0,0.9,-2955.0
2002-12-01,전북특별자치도,1455.0,8.76,1339.0,8.1,1209.0,7.3,116.0,0.7,-3384.0
2003-01-01,전북특별자치도,1847.0,11.14,1231.0,7.4,874.0,5.3,616.0,3.7,-3016.0
2003-02-01,전북특별자치도,1591.0,10.63,1136.0,7.6,818.0,5.5,455.0,3.0,-4201.0
2003-03-01,전북특별자치도,1703.0,10.3,1173.0,7.1,938.0,5.7,530.0,3.2,-2643.0
2003-04-01,전북특별자치도,1524.0,9.54,1155.0,7.2,945.0,5.9,369.0,2.3,-1803.0
2003-05-01,전북특별자치도,1531.0,9.28,1108.0,6.7,953.0,5.8,423.0,2.6,-1290.0
2003-06-01,전북특별자치도,1428.0,8.94,1039.0,6.5,803.0,5.0,389.0,2.4,278.0
2003-07-01,전북특별자치도,1448.0,8.78,1048.0,6.4,711.0,4.3,400.0,2.4,-3740.0
2003-08-01,전북특별자치도,1396.0,8.48,1104.0,6.7,590.0,3.6,292.0,1.8,-2573.0
2003-09-01,전북특별자치도,1469.0,9.23,1185.0,7.4,556.0,3.5,284.0,1.8,-2017.0
2003-10-01,전북특별자치도,1513.0,9.21,1342.0,8.2,823.0,5.0,171.0,1.0,-964.0
2003-11-01,전북특별자치도,1539.0,9.69,1225.0,7.7,990.0,6.2,314.0,2.0,-3554.0
2003-12-01,전북특별자치도,1448.0,8.78,1213.0,7.4,1245.0,7.5,235.0,1.4,22484.0
2004-01-01,전북특별자치도,1781.0,10.81,1202.0,7.3,878.0,5.3,579.0,3.5,-21683.0
2004-02-01,전북특별자치도,1519.0,9.93,1136.0,7.4,847.0,5.5,383.0,2.5,-7434.0
2004-03-01,전북특별자치도,1625.0,9.97,1288.0,7.9,1006.0,6.2,337.0,2.1,-4354.0
2004-04-01,전북특별자치도,1429.0,9.08,1168.0,7.4,827.0,5.3,261.0,1.7,-2922.0
2004-05-01,전북특별자치도,1346.0,8.28,1103.0,6.8,907.0,5.6,243.0,1.5,-1065.0
2004-06-01,전북특별자치도,1346.0,8.56,1075.0,6.8,883.0,5.6,271.0,1.7,-2060.0
2004-07-01,전북특별자치도,1425.0,8.78,1079.0,6.6,690.0,4.3,346.0,2.1,-2646.0
2004-08-01,전북특별자치도,1341.0,8.27,1069.0,6.6,585.0,3.6,272.0,1.7,-1924.0
2004-09-01,전북특별자치도,1378.0,8.79,1018.0,6.5,495.0,3.2,360.0,2.3,-1343.0
2004-10-01,전북특별자치도,1415.0,8.75,1164.0,7.2,717.0,4.4,251.0,1.6,-2216.0
2004-11-01,전북특별자치도,1337.0,8.55,1146.0,7.3,937.0,6.0,191.0,1.2,-1724.0
2004-12-01,전북특별자치도,1315.0,8.14,1126.0,7.0,1339.0,8.3,189.0,1.2,-1598.0
2005-01-01,전북특별자치도,1632.0,10.09,1238.0,7.7,854.0,5.3,394.0,2.4,-3630.0
2005-02-01,전북특별자치도,1284.0,8.8,990.0,6.8,705.0,4.8,294.0,2.0,-2752.0
2005-03-01,전북특별자치도,1481.0,9.18,1207.0,7.5,1023.0,6.3,274.0,1.7,-2813.0
2005-04-01,전북특별자치도,1319.0,8.45,1116.0,7.2,889.0,5.7,203.0,1.3,-2076.0
2005-05-01,전북특별자치도,1265.0,7.85,1139.0,7.1,961.0,6.0,126.0,0.8,-1703.0
2005-06-01,전북특별자치도,1248.0,8.01,1035.0,6.6,836.0,5.4,213.0,1.4,-1512.0
2005-07-01,전북특별자치도,1261.0,7.84,1024.0,6.4,702.0,4.4,237.0,1.5,-1023.0
2005-08-01,전북특별자치도,1267.0,7.88,1067.0,6.6,674.0,4.2,200.0,1.2,-1904.0
2005-09-01,전북특별자치도,1316.0,8.46,1040.0,6.7,561.0,3.6,276.0,1.8,-1348.0
2005-10-01,전북특별자치도,1310.0,8.16,1217.0,7.6,786.0,4.9,93.0,0.6,-1886.0
2005-11-01,전북특별자치도,1294.0,8.34,1177.0,7.6,958.0,6.2,117.0,0.8,-1594.0
2005-12-01,전북특별자치도,1068.0,6.67,1206.0,7.5,1247.0,7.8,-138.0,-0.9,-2236.0
2006-01-01,전북특별자치도,1537.0,9.6,1187.0,7.4,887.0,5.5,350.0,2.2,-2282.0
2006-02-01,전북특별자치도,1330.0,9.21,1117.0,7.7,762.0,5.3,213.0,1.5,-2977.0
2006-03-01,전북특별자치도,1418.0,8.88,1170.0,7.3,951.0,6.0,248.0,1.6,-1485.0
2006-04-01,전북특별자치도,1275.0,8.26,1145.0,7.4,837.0,5.4,130.0,0.8,-1035.0
2006-05-01,전북특별자치도,1259.0,7.9,1091.0,6.8,982.0,6.2,168.0,1.1,-1056.0
2006-06-01,전북특별자치도,1223.0,7.93,1041.0,6.7,863.0,5.6,182.0,1.2,-1950.0
2006-07-01,전북특별자치도,1275.0,8.01,1045.0,6.6,770.0,4.8,230.0,1.4,-1337.0
2006-08-01,전북특별자치도,1323.0,8.31,1084.0,6.8,688.0,4.3,239.0,1.5,-1638.0
2006-09-01,전북특별자치도,1317.0,8.56,1048.0,6.8,639.0,4.2,269.0,1.7,-1014.0
2006-10-01,전북특별자치도,1253.0,7.88,1133.0,7.1,685.0,4.3,120.0,0.8,-804.0
2006-11-01,전북특별자치도,1241.0,8.07,1135.0,7.4,947.0,6.2,106.0,0.7,-1733.0
2006-12-01,전북특별자치도,1120.0,7.06,1151.0,7.3,1418.0,8.9,-31.0,-0.2,-1851.0
2007-01-01,전북특별자치도,1661.0,10.47,1229.0,7.7,1085.0,6.8,432.0,2.7,-2280.0
2007-02-01,전북특별자치도,1417.0,9.9,1072.0,7.5,914.0,6.4,345.0,2.4,-2120.0
2007-03-01,전북특별자치도,1512.0,9.55,1112.0,7.0,960.0,6.1,400.0,2.5,-1552.0
2007-04-01,전북특별자치도,1438.0,9.39,1125.0,7.3,868.0,5.7,313.0,2.0,-1140.0
2007-05-01,전북특별자치도,1373.0,8.68,1184.0,7.5,1016.0,6.4,189.0,1.2,-966.0
2007-06-01,전북특별자치도,1274.0,8.32,1050.0,6.9,847.0,5.5,224.0,1.5,254.0
2007-07-01,전북특별자치도,1330.0,8.41,1081.0,6.8,741.0,4.7,249.0,1.6,-1892.0
2007-08-01,전북특별자치도,1528.0,9.67,975.0,6.2,766.0,4.8,553.0,3.5,-1771.0
2007-09-01,전북특별자치도,1567.0,10.25,1073.0,7.0,562.0,3.7,494.0,3.2,-545.0
2007-10-01,전북특별자치도,1583.0,10.02,1139.0,7.2,826.0,5.2,444.0,2.8,615.0
2007-11-01,전북특별자치도,1419.0,9.28,1188.0,7.8,1061.0,6.9,231.0,1.5,-759.0
2007-12-01,전북특별자치도,1126.0,7.12,1152.0,7.3,1218.0,7.7,-26.0,-0.2,1282.0
2008-01-01,전북특별자치도,1700.0,10.79,1175.0,7.5,1072.0,6.8,525.0,3.3,-3880.0
2008-02-01,전북특별자치도,1344.0,9.13,1178.0,8.0,787.0,5.3,166.0,1.1,-1838.0
2008-03-01,전북특별자치도,1391.0,8.84,1249.0,7.9,897.0,5.7,142.0,0.9,-1064.0
2008-04-01,전북특별자치도,1352.0,8.89,1079.0,7.1,852.0,5.6,273.0,1.8,-849.0
2008-05-01,전북특별자치도,1290.0,8.21,1057.0,6.7,992.0,6.3,233.0,1.5,-747.0
2008-06-01,전북특별자치도,1119.0,7.36,1036.0,6.8,871.0,5.7,83.0,0.5,-741.0
2008-07-01,전북특별자치도,1293.0,8.23,1045.0,6.7,782.0,5.0,248.0,1.6,-415.0
2008-08-01,전북특별자치도,1324.0,8.43,1042.0,6.6,707.0,4.5,282.0,1.8,-526.0
2008-09-01,전북특별자치도,1412.0,9.29,1000.0,6.6,586.0,3.9,412.0,2.7,-253.0
2008-10-01,전북특별자치도,1316.0,8.38,1131.0,7.2,788.0,5.0,185.0,1.2,-108.0
2008-11-01,전북특별자치도,1215.0,7.99,1112.0,7.3,862.0,5.7,103.0,0.7,-243.0
2008-12-01,전북특별자치도,1122.0,7.14,1137.0,7.2,1203.0,7.7,-15.0,-0.1,114.0
2009-01-01,전북특별자치도,1629.0,10.34,1243.0,7.9,869.0,5.5,386.0,2.4,-951.0
2009-02-01,전북특별자치도,1258.0,8.84,1023.0,7.2,729.0,5.1,235.0,1.7,-1022.0
2009-03-01,전북특별자치도,1389.0,8.82,1129.0,7.2,870.0,5.5,260.0,1.7,-577.0
2009-04-01,전북특별자치도,1275.0,8.37,1101.0,7.2,816.0,5.4,174.0,1.1,-95.0
2009-05-01,전북특별자치도,1240.0,7.88,1091.0,6.9,853.0,5.4,149.0,0.9,-256.0
2009-06-01,전북특별자치도,1161.0,7.62,1027.0,6.7,818.0,5.4,134.0,0.9,-114.0
2009-07-01,전북특별자치도,1217.0,7.73,979.0,6.2,662.0,4.2,238.0,1.5,-530.0
2009-08-01,전북특별자치도,1274.0,8.09,1008.0,6.4,646.0,4.1,266.0,1.7,-396.0
2009-09-01,전북특별자치도,1263.0,8.29,1024.0,6.7,586.0,3.8,239.0,1.6,-468.0
2009-10-01,전북특별자치도,1286.0,8.17,1079.0,6.9,702.0,4.5,207.0,1.3,-164.0
2009-11-01,전북특별자치도,1121.0,7.35,1081.0,7.1,867.0,5.7,40.0,0.3,122.0
2009-12-01,전북특별자치도,1120.0,7.11,1136.0,7.2,1187.0,7.5,-16.0,-0.1,-355.0
2010-01-01,전북특별자치도,1587.0,10.08,1207.0,7.7,895.0,5.7,380.0,2.4,-784.0
2010-02-01,전북특별자치도,1274.0,8.96,978.0,6.9,814.0,5.7,296.0,2.1,-336.0
2010-03-01,전북특별자치도,1394.0,8.85,1127.0,7.2,890.0,5.7,267.0,1.7,-515.0
2010-04-01,전북특별자치도,1358.0,8.91,1028.0,6.7,922.0,6.0,330.0,2.2,345.0
2010-05-01,전북특별자치도,1262.0,8.01,1079.0,6.8,980.0,6.2,183.0,1.2,75.0
2010-06-01,전북특별자치도,1216.0,7.97,1117.0,7.3,889.0,5.8,99.0,0.6,-484.0
2010-07-01,전북특별자치도,1219.0,7.73,1033.0,6.6,754.0,4.8,186.0,1.2,-204.0
2010-08-01,전북특별자치도,1331.0,8.45,1051.0,6.7,793.0,5.0,280.0,1.8,-300.0
2010-09-01,전북특별자치도,1449.0,9.5,1084.0,7.1,603.0,4.0,365.0,2.4,185.0
2010-10-01,전북특별자치도,1528.0,9.69,1187.0,7.5,781.0,5.0,341.0,2.2,-255.0
2010-11-01,전북특별자치도,1334.0,8.75,1122.0,7.4,1040.0,6.8,212.0,1.4,110.0
2010-12-01,전북특별자치도,1148.0,7.28,1175.0,7.5,1164.0,7.4,-27.0,-0.2,-285.0
2011-01-01,전북특별자치도,1777.0,11.28,1207.0,7.7,909.0,5.8,570.0,3.6,-591.0
2011-02-01,전북특별자치도,1305.0,9.17,1034.0,7.3,776.0,5.5,271.0,1.9,-731.0
2011-03-01,전북특별자치도,1454.0,9.23,1126.0,7.1,866.0,5.5,328.0,2.1,-183.0
2011-04-01,전북특별자치도,1389.0,9.11,1092.0,7.2,864.0,5.7,297.0,1.9,38.0
2011-05-01,전북특별자치도,1321.0,8.38,1086.0,6.9,935.0,5.9,235.0,1.5,294.0
2011-06-01,전북특별자치도,1305.0,8.55,1155.0,7.6,845.0,5.5,150.0,1.0,1334.0
2011-07-01,전북특별자치도,1271.0,8.05,1034.0,6.6,702.0,4.4,237.0,1.5,358.0
2011-08-01,전북특별자치도,1330.0,8.42,1089.0,6.9,786.0,5.0,241.0,1.5,576.0
2011-09-01,전북특별자치도,1329.0,8.69,996.0,6.5,654.0,4.3,333.0,2.2,1293.0
2011-10-01,전북특별자치도,1320.0,8.35,1115.0,7.1,834.0,5.3,205.0,1.3,-170.0
2011-11-01,전북특별자치도,1260.0,8.24,1088.0,7.1,997.0,6.5,172.0,1.1,-108.0
2011-12-01,전북특별자치도,1114.0,7.05,1104.0,7.0,1185.0,7.5,10.0,0.1,-389.0
2012-01-01,전북특별자치도,1598.0,10.14,1211.0,7.7,943.0,6.0,387.0,2.5,-888.0
2012-02-01,전북특별자치도,1353.0,9.18,1340.0,9.1,836.0,5.7,13.0,0.1,-578.0
2012-03-01,전북특별자치도,1387.0,8.8,1267.0,8.0,951.0,6.0,120.0,0.8,645.0
2012-04-01,전북특별자치도,1384.0,9.08,1124.0,7.4,871.0,5.7,260.0,1.7,-601.0
2012-05-01,전북특별자치도,1366.0,8.67,1080.0,6.9,826.0,5.2,286.0,1.8,-508.0
2012-06-01,전북특별자치도,1252.0,8.21,1074.0,7.0,836.0,5.5,178.0,1.2,-44.0
2012-07-01,전북특별자치도,1367.0,8.68,1057.0,6.7,731.0,4.6,310.0,2.0,-419.0
2012-08-01,전북특별자치도,1400.0,8.88,1049.0,6.7,720.0,4.6,351.0,2.2,-260.0
2012-09-01,전북특별자치도,1321.0,8.66,1004.0,6.6,524.0,3.4,317.0,2.1,-87.0
2012-10-01,전북특별자치도,1414.0,8.97,1168.0,7.4,756.0,4.8,246.0,1.6,-132.0
2012-11-01,전북특별자치도,1322.0,8.67,1164.0,7.6,925.0,6.1,158.0,1.0,-1.0
2012-12-01,전북특별자치도,1074.0,6.81,1162.0,7.4,1103.0,7.0,-88.0,-0.6,-418.0
2013-01-01,전북특별자치도,1557.0,9.85,1178.0,7.5,946.0,6.0,379.0,2.4,-1109.0
2013-02-01,전북특별자치도,1190.0,8.34,1056.0,7.4,758.0,5.3,134.0,0.9,-663.0
2013-03-01,전북특별자치도,1313.0,8.31,1227.0,7.8,665.0,4.2,86.0,0.5,-505.0
2013-04-01,전북특별자치도,1233.0,8.07,1091.0,7.1,777.0,5.1,142.0,0.9,-3.0
2013-05-01,전북특별자치도,1249.0,7.91,1099.0,7.0,938.0,5.9,150.0,0.9,-566.0
2013-06-01,전북특별자치도,1103.0,7.22,1008.0,6.6,805.0,5.3,95.0,0.6,-244.0
2013-07-01,전북특별자치도,1171.0,7.42,1011.0,6.4,816.0,5.2,160.0,1.0,-150.0
2013-08-01,전북특별자치도,1166.0,7.38,1088.0,6.9,732.0,4.6,78.0,0.5,-198.0
2013-09-01,전북특별자치도,1255.0,8.21,1113.0,7.3,545.0,3.6,142.0,0.9,58.0
2013-10-01,전북특별자치도,1212.0,7.67,1219.0,7.7,807.0,5.1,-7.0,0.0,-74.0
2013-11-01,전북특별자치도,1059.0,6.93,1216.0,8.0,887.0,5.8,-157.0,-1.0,674.0
2013-12-01,전북특별자치도,1047.0,6.63,1186.0,7.5,1147.0,7.3,-139.0,-0.9,583.0
2014-01-01,전북특별자치도,1460.0,9.24,1182.0,7.5,836.0,5.3,278.0,1.8,-839.0
2014-02-01,전북특별자치도,1229.0,8.62,1211.0,8.5,811.0,5.7,18.0,0.1,-1042.0
2014-03-01,전북특별자치도,1230.0,7.79,1216.0,7.7,812.0,5.1,14.0,0.1,-180.0
2014-04-01,전북특별자치도,1163.0,7.61,1115.0,7.3,719.0,4.7,48.0,0.3,-44.0
2014-05-01,전북특별자치도,1143.0,7.24,1091.0,6.9,841.0,5.3,52.0,0.3,116.0
2014-06-01,전북특별자치도,1111.0,7.27,1045.0,6.8,708.0,4.6,66.0,0.4,-549.0
2014-07-01,전북특별자치도,1166.0,7.39,1015.0,6.4,718.0,4.5,151.0,1.0,398.0
2014-08-01,전북특별자치도,1195.0,7.57,1020.0,6.5,632.0,4.0,175.0,1.1,405.0
2014-09-01,전북특별자치도,1255.0,8.21,1099.0,7.2,591.0,3.9,156.0,1.0,-326.0
2014-10-01,전북특별자치도,1208.0,7.65,1173.0,7.4,808.0,5.1,35.0,0.2,-357.0
2014-11-01,전북특별자치도,1053.0,6.89,1149.0,7.5,706.0,4.6,-96.0,-0.6,-16.0
2014-12-01,전북특별자치도,1018.0,6.45,1247.0,7.9,1029.0,6.5,-229.0,-1.5,-129.0
2015-01-01,전북특별자치도,1413.0,8.95,1290.0,8.2,857.0,5.4,123.0,0.8,-528.0
2015-02-01,전북특별자치도,1218.0,8.54,1164.0,8.2,600.0,4.2,54.0,0.4,-446.0
2015-03-01,전북특별자치도,1274.0,8.07,1398.0,8.9,837.0,5.3,-124.0,-0.8,-813.0
2015-04-01,전북특별자치도,1278.0,8.37,1169.0,7.7,765.0,5.0,109.0,0.7,-58.0
2015-05-01,전북특별자치도,1172.0,7.43,1088.0,6.9,803.0,5.1,84.0,0.5,-124.0
2015-06-01,전북특별자치도,1131.0,7.41,1080.0,7.1,814.0,5.3,51.0,0.3,-456.0
2015-07-01,전북특별자치도,1197.0,7.59,1073.0,6.8,680.0,4.3,124.0,0.8,-417.0
2015-08-01,전북특별자치도,1061.0,6.73,1015.0,6.4,625.0,4.0,46.0,0.3,-469.0
2015-09-01,전북특별자치도,1116.0,7.31,1022.0,6.7,561.0,3.7,94.0,0.6,95.0
2015-10-01,전북특별자치도,1169.0,7.41,1147.0,7.3,722.0,4.6,22.0,0.1,-67.0
2015-11-01,전북특별자치도,1039.0,6.81,1111.0,7.3,754.0,4.9,-72.0,-0.5,359.0
2015-12-01,전북특별자치도,1019.0,6.46,1164.0,7.4,1042.0,6.6,-145.0,-0.9,94.0
2016-01-01,전북특별자치도,1327.0,8.44,1224.0,7.8,712.0,4.5,103.0,0.7,-1452.0
2016-02-01,전북특별자치도,1137.0,7.73,1185.0,8.1,647.0,4.4,-48.0,-0.3,-762.0
2016-03-01,전북특별자치도,1167.0,7.43,1249.0,8.0,788.0,5.0,-82.0,-0.5,-800.0
2016-04-01,전북특별자치도,1095.0,7.21,1164.0,7.7,711.0,4.7,-69.0,-0.5,-512.0
2016-05-01,전북특별자치도,1129.0,7.19,1139.0,7.3,755.0,4.8,-10.0,-0.1,-580.0
2016-06-01,전북특별자치도,1055.0,6.94,1043.0,6.9,717.0,4.7,12.0,0.1,158.0
2016-07-01,전북특별자치도,1033.0,6.58,1106.0,7.0,578.0,3.7,-73.0,-0.5,-264.0
2016-08-01,전북특별자치도,1014.0,6.46,1075.0,6.8,657.0,4.2,-61.0,-0.4,-382.0
2016-09-01,전북특별자치도,1056.0,6.95,1110.0,7.3,492.0,3.2,-54.0,-0.4,-476.0
2016-10-01,전북특별자치도,966.0,6.16,1233.0,7.9,575.0,3.7,-267.0,-1.7,-572.0
2016-11-01,전북특별자치도,908.0,5.98,1189.0,7.8,759.0,5.0,-281.0,-1.9,631.0
2016-12-01,전북특별자치도,811.0,5.17,1345.0,8.6,825.0,5.3,-534.0,-3.4,592.0
2017-01-01,전북특별자치도,1124.0,7.15,1293.0,8.2,743.0,4.7,-169.0,-1.1,-1238.0
2017-02-01,전북특별자치도,1018.0,7.17,1130.0,8.0,677.0,4.8,-112.0,-0.8,-1167.0
2017-03-01,전북특별자치도,1048.0,6.67,1282.0,8.2,739.0,4.7,-234.0,-1.5,-940.0
2017-04-01,전북특별자치도,938.0,6.18,1177.0,7.7,585.0,3.9,-239.0,-1.6,-573.0
2017-05-01,전북특별자치도,955.0,6.09,1234.0,7.9,790.0,5.0,-279.0,-1.8,-549.0
2017-06-01,전북특별자치도,944.0,6.22,1144.0,7.5,647.0,4.3,-200.0,-1.3,-686.0
2017-07-01,전북특별자치도,937.0,5.98,1119.0,7.1,538.0,3.4,-182.0,-1.2,-749.0
2017-08-01,전북특별자치도,938.0,5.99,1112.0,7.1,566.0,3.6,-174.0,-1.1,-811.0
2017-09-01,전북특별자치도,958.0,6.32,1064.0,7.0,526.0,3.5,-106.0,-0.7,-441.0
2017-10-01,전북특별자치도,855.0,5.46,1186.0,7.6,502.0,3.2,-331.0,-2.1,-575.0
2017-11-01,전북특별자치도,869.0,5.74,1237.0,8.2,717.0,4.7,-368.0,-2.4,-465.0
2017-12-01,전북특별자치도,764.0,4.88,1317.0,8.4,787.0,5.0,-553.0,-3.5,988.0
2018-01-01,전북특별자치도,994.0,6.4,1546.0,9.9,695.0,4.4,-552.0,-3.5,-2290.0
2018-02-01,전북특별자치도,916.0,6.5,1211.0,8.6,511.0,3.6,-295.0,-2.1,-1722.0
2018-03-01,전북특별자치도,897.0,5.7,1235.0,7.9,686.0,4.4,-338.0,-2.2,-1182.0
2018-04-01,전북특별자치도,866.0,5.7,1135.0,7.5,617.0,4.1,-269.0,-1.8,-756.0
2018-05-01,전북특별자치도,832.0,5.3,1202.0,7.7,714.0,4.6,-370.0,-2.4,-610.0
2018-06-01,전북특별자치도,799.0,5.3,1092.0,7.2,594.0,3.9,-293.0,-1.9,-1259.0
2018-07-01,전북특별자치도,810.0,5.2,1130.0,7.3,546.0,3.5,-320.0,-2.1,-1384.0
2018-08-01,전북특별자치도,838.0,5.4,1174.0,7.6,530.0,3.4,-336.0,-2.2,-1261.0
2018-09-01,전북특별자치도,818.0,5.4,1149.0,7.6,368.0,2.4,-331.0,-2.2,-701.0
2018-10-01,전북특별자치도,807.0,5.2,1195.0,7.7,592.0,3.8,-388.0,-2.5,-863.0
2018-11-01,전북특별자치도,784.0,5.2,1196.0,8.0,628.0,4.2,-412.0,-2.7,-901.0
2018-12-01,전북특별자치도,640.0,4.1,1287.0,8.3,738.0,4.8,-647.0,-4.2,-844.0
2019-01-01,전북특별자치도,859.0,5.5,1457.0,9.4,672.0,4.3,-598.0,-3.9,-1664.0
2019-02-01,전북특별자치도,712.0,5.1,1054.0,7.5,522.0,3.7,-342.0,-2.4,-1858.0
2019-03-01,전북특별자치도,811.0,5.2,1238.0,8.0,632.0,4.1,-427.0,-2.8,-1356.0
2019-04-01,전북특별자치도,810.0,5.4,1161.0,7.8,615.0,4.1,-351.0,-2.3,-855.0
2019-05-01,전북특별자치도,783.0,5.1,1221.0,7.9,680.0,4.4,-438.0,-2.8,-1120.0
2019-06-01,전북특별자치도,727.0,4.9,1134.0,7.6,496.0,3.3,-407.0,-2.7,-780.0
2019-07-01,전북특별자치도,693.0,4.5,1114.0,7.2,514.0,3.3,-421.0,-2.7,-943.0
2019-08-01,전북특별자치도,733.0,4.8,1189.0,7.7,479.0,3.1,-456.0,-3.0,-975.0
2019-09-01,전북특별자치도,739.0,5.0,1132.0,7.6,477.0,3.2,-393.0,-2.6,-714.0
2019-10-01,전북특별자치도,746.0,4.9,1299.0,8.4,621.0,4.0,-553.0,-3.6,-606.0
2019-11-01,전북특별자치도,724.0,4.9,1219.0,8.2,631.0,4.2,-495.0,-3.3,-634.0
2019-12-01,전북특별자치도,634.0,4.1,1307.0,8.5,666.0,4.3,-673.0,-4.4,-1243.0
2020-01-01,전북특별자치도,743.0,4.9,1350.0,8.8,576.0,3.8,-607.0,-4.0,-1034.0
2020-02-01,전북특별자치도,656.0,4.6,1241.0,8.7,537.0,3.8,-585.0,-4.1,-1569.0
2020-03-01,전북특별자치도,739.0,4.8,1208.0,7.9,517.0,3.4,-469.0,-3.1,-1670.0
2020-04-01,전북특별자치도,739.0,5.0,1205.0,8.2,467.0,3.2,-466.0,-3.2,-970.0
2020-05-01,전북특별자치도,690.0,4.5,1169.0,7.7,543.0,3.6,-479.0,-3.1,-1000.0
2020-06-01,전북특별자치도,608.0,4.1,1159.0,7.9,465.0,3.2,-551.0,-3.7,-728.0
2020-07-01,전북특별자치도,675.0,4.4,1126.0,7.4,465.0,3.1,-451.0,-3.0,-267.0
2020-08-01,전북특별자치도,694.0,4.6,1216.0,8.0,379.0,2.5,-522.0,-3.4,-524.0
2020-09-01,전북특별자치도,699.0,4.7,1203.0,8.2,436.0,3.0,-504.0,-3.4,-206.0
2020-10-01,전북특별자치도,642.0,4.2,1320.0,8.7,451.0,3.0,-678.0,-4.5,70.0
2020-11-01,전북특별자치도,636.0,4.3,1206.0,8.2,532.0,3.6,-570.0,-3.9,-150.0
2020-12-01,전북특별자치도,644.0,4.2,1288.0,8.5,685.0,4.5,-644.0,-4.2,-446.0
2021-01-01,전북특별자치도,737.0,4.8,1314.0,8.6,457.0,3.0,-577.0,-3.8,-809.0
2021-02-01,전북특별자치도,629.0,4.6,1128.0,8.2,419.0,3.1,-499.0,-3.6,-947.0
2021-03-01,전북특별자치도,651.0,4.3,1276.0,8.4,436.0,2.9,-625.0,-4.1,-797.0
2021-04-01,전북특별자치도,675.0,4.6,1279.0,8.7,434.0,3.0,-604.0,-4.1,-519.0
2021-05-01,전북특별자치도,616.0,4.1,1222.0,8.0,434.0,2.9,-606.0,-4.0,260.0
2021-06-01,전북특별자치도,623.0,4.2,1187.0,8.1,422.0,2.9,-564.0,-3.8,401.0
2021-07-01,전북특별자치도,651.0,4.3,1152.0,7.6,433.0,2.9,-501.0,-3.3,-15.0
2021-08-01,전북특별자치도,610.0,4.0,1212.0,8.0,430.0,2.8,-602.0,-4.0,-863.0
2021-09-01,전북특별자치도,628.0,4.3,1207.0,8.2,407.0,2.8,-579.0,-3.9,-832.0
2021-10-01,전북특별자치도,588.0,3.9,1358.0,9.0,426.0,2.8,-770.0,-5.1,-575.0
2021-11-01,전북특별자치도,543.0,3.7,1301.0,8.9,488.0,3.3,-758.0,-5.2,-320.0
2021-12-01,전북특별자치도,524.0,3.5,1416.0,9.4,539.0,3.6,-892.0,-5.9,-785.0
2022-01-01,전북특별자치도,693.0,4.6,1360.0,9.0,390.0,2.6,-666.0,-4.4,-861.0
2022-02-01,전북특별자치도,585.0,4.3,1374.0,10.1,402.0,2.9,-789.0,-5.8,-753.0
2022-03-01,전북특별자치도,626.0,4.2,2177.0,14.4,438.0,2.9,-1551.0,-10.3,-564.0
2022-04-01,전북특별자치도,587.0,4.0,1796.0,12.3,414.0,2.8,-1209.0,-8.3,-2.0
2022-05-01,전북특별자치도,531.0,3.5,1369.0,9.1,483.0,3.2,-838.0,-5.6,-614.0
2022-06-01,전북특별자치도,591.0,4.1,1223.0,8.4,411.0,2.8,-632.0,-4.3,-389.0
2000-01-01,제주특별자치도,842.0,18.45,288.0,6.3,396.0,8.7,554.0,12.1,-455.0
2000-02-01,제주특별자치도,764.0,17.89,259.0,6.1,441.0,10.3,505.0,11.8,-301.0
2000-03-01,제주특별자치도,809.0,17.71,276.0,6.0,416.0,9.1,533.0,11.7,12.0
2000-04-01,제주특별자치도,680.0,15.36,242.0,5.5,375.0,8.5,438.0,9.9,-65.0
2000-05-01,제주특별자치도,733.0,16.01,240.0,5.2,410.0,9.0,493.0,10.8,-162.0
2000-06-01,제주특별자치도,611.0,13.78,213.0,4.8,322.0,7.3,398.0,9.0,-201.0
2000-07-01,제주특별자치도,661.0,14.42,262.0,5.7,243.0,5.3,399.0,8.7,-24.0
2000-08-01,제주특별자치도,664.0,14.48,221.0,4.8,218.0,4.8,443.0,9.7,-347.0
2000-09-01,제주특별자치도,740.0,16.68,235.0,5.3,152.0,3.4,505.0,11.4,-261.0
2000-10-01,제주특별자치도,720.0,15.7,287.0,6.3,319.0,7.0,433.0,9.4,-118.0
2000-11-01,제주특별자치도,724.0,16.3,240.0,5.4,373.0,8.4,484.0,10.9,-176.0
2000-12-01,제주특별자치도,685.0,14.92,286.0,6.2,357.0,7.8,399.0,8.7,-260.0
2001-01-01,제주특별자치도,672.0,14.59,256.0,5.6,376.0,8.2,416.0,9.0,-492.0
2001-02-01,제주특별자치도,657.0,15.78,252.0,6.1,361.0,8.7,405.0,9.7,77.0
2001-03-01,제주특별자치도,735.0,15.92,254.0,5.5,427.0,9.2,481.0,10.4,145.0
2001-04-01,제주특별자치도,636.0,14.22,263.0,5.9,340.0,7.6,373.0,8.3,40.0
2001-05-01,제주특별자치도,689.0,14.89,254.0,5.5,395.0,8.5,435.0,9.4,132.0
2001-06-01,제주특별자치도,522.0,11.65,217.0,4.8,264.0,5.9,305.0,6.8,-124.0
2001-07-01,제주특별자치도,554.0,11.96,236.0,5.1,203.0,4.4,318.0,6.9,157.0
2001-08-01,제주특별자치도,589.0,12.71,222.0,4.8,212.0,4.6,367.0,7.9,87.0
2001-09-01,제주특별자치도,577.0,12.86,237.0,5.3,177.0,3.9,340.0,7.6,-12.0
2001-10-01,제주특별자치도,592.0,12.76,272.0,5.9,251.0,5.4,320.0,6.9,0.0
2001-11-01,제주특별자치도,595.0,13.24,241.0,5.4,326.0,7.3,354.0,7.9,46.0
2001-12-01,제주특별자치도,635.0,13.67,266.0,5.7,376.0,8.1,369.0,7.9,-382.0
2002-01-01,제주특별자치도,571.0,12.29,288.0,6.2,371.0,8.0,283.0,6.1,-271.0
2002-02-01,제주특별자치도,560.0,13.34,240.0,5.7,314.0,7.5,320.0,7.6,217.0
2002-03-01,제주특별자치도,621.0,13.34,249.0,5.3,360.0,7.7,372.0,8.0,221.0
2002-04-01,제주특별자치도,546.0,12.11,247.0,5.5,339.0,7.5,299.0,6.6,205.0
2002-05-01,제주특별자치도,542.0,11.62,239.0,5.1,347.0,7.4,303.0,6.5,207.0
2002-06-01,제주특별자치도,502.0,11.12,199.0,4.4,273.0,6.0,303.0,6.7,-50.0
2002-07-01,제주특별자치도,509.0,10.9,193.0,4.1,225.0,4.8,316.0,6.8,50.0
2002-08-01,제주특별자치도,560.0,11.99,206.0,4.4,209.0,4.5,354.0,7.6,-153.0
2002-09-01,제주특별자치도,515.0,11.39,242.0,5.4,208.0,4.6,273.0,6.0,-15.0
2002-10-01,제주특별자치도,503.0,10.76,248.0,5.3,258.0,5.5,255.0,5.5,-75.0
2002-11-01,제주특별자치도,556.0,12.28,244.0,5.4,319.0,7.0,312.0,6.9,285.0
2002-12-01,제주특별자치도,545.0,11.65,311.0,6.6,351.0,7.5,234.0,5.0,-387.0
2003-01-01,제주특별자치도,544.0,11.63,274.0,5.9,327.0,7.0,270.0,5.8,-593.0
2003-02-01,제주특별자치도,545.0,12.91,252.0,6.0,325.0,7.7,293.0,6.9,-416.0
2003-03-01,제주특별자치도,619.0,13.24,243.0,5.2,311.0,6.7,376.0,8.0,-27.0
2003-04-01,제주특별자치도,532.0,11.75,229.0,5.1,322.0,7.1,303.0,6.7,31.0
2003-05-01,제주특별자치도,566.0,12.09,238.0,5.1,306.0,6.5,328.0,7.0,-195.0
2003-06-01,제주특별자치도,488.0,10.78,193.0,4.3,285.0,6.3,295.0,6.5,-44.0
2003-07-01,제주특별자치도,536.0,11.45,190.0,4.1,240.0,5.1,346.0,7.4,-33.0
2003-08-01,제주특별자치도,510.0,10.89,237.0,5.1,186.0,4.0,273.0,5.8,-138.0
2003-09-01,제주특별자치도,563.0,12.43,222.0,4.9,173.0,3.8,341.0,7.5,-358.0
2003-10-01,제주특별자치도,582.0,12.43,252.0,5.4,256.0,5.5,330.0,7.0,-10.0
2003-11-01,제주특별자치도,549.0,12.11,275.0,6.1,306.0,6.8,274.0,6.0,263.0
2003-12-01,제주특별자치도,549.0,11.71,265.0,5.7,342.0,7.3,284.0,6.1,73.0
2004-01-01,제주특별자치도,553.0,11.82,268.0,5.7,288.0,6.2,285.0,6.1,-658.0
2004-02-01,제주특별자치도,530.0,12.12,233.0,5.3,326.0,7.5,297.0,6.8,-459.0
2004-03-01,제주특별자치도,576.0,12.32,293.0,6.3,339.0,7.2,283.0,6.1,374.0
2004-04-01,제주특별자치도,520.0,11.48,248.0,5.5,245.0,5.4,272.0,6.0,186.0
2004-05-01,제주특별자치도,509.0,10.86,223.0,4.8,293.0,6.3,286.0,6.1,141.0
2004-06-01,제주특별자치도,452.0,9.96,213.0,4.7,273.0,6.0,239.0,5.3,-133.0
2004-07-01,제주특별자치도,501.0,10.68,220.0,4.7,239.0,5.1,281.0,6.0,149.0
2004-08-01,제주특별자치도,498.0,10.61,238.0,5.1,201.0,4.3,260.0,5.5,16.0
2004-09-01,제주특별자치도,495.0,10.9,222.0,4.9,153.0,3.4,273.0,6.0,88.0
2004-10-01,제주특별자치도,511.0,10.88,227.0,4.8,260.0,5.5,284.0,6.0,58.0
2004-11-01,제주특별자치도,449.0,9.88,226.0,5.0,321.0,7.1,223.0,4.9,-134.0
2004-12-01,제주특별자치도,503.0,10.7,272.0,5.8,387.0,8.2,231.0,4.9,289.0
2005-01-01,제주특별자치도,459.0,9.73,291.0,6.2,297.0,6.3,168.0,3.6,-542.0
2005-02-01,제주특별자치도,470.0,11.04,232.0,5.4,260.0,6.1,238.0,5.6,-333.0
2005-03-01,제주특별자치도,561.0,11.9,243.0,5.2,334.0,7.1,318.0,6.7,45.0
2005-04-01,제주특별자치도,464.0,10.16,233.0,5.1,270.0,5.9,231.0,5.1,-7.0
2005-05-01,제주특별자치도,472.0,10.0,225.0,4.8,329.0,7.0,247.0,5.2,294.0
2005-06-01,제주특별자치도,459.0,10.04,236.0,5.2,296.0,6.5,223.0,4.9,31.0
2005-07-01,제주특별자치도,474.0,10.03,235.0,5.0,227.0,4.8,239.0,5.1,99.0
2005-08-01,제주특별자치도,451.0,9.53,237.0,5.0,232.0,4.9,214.0,4.5,247.0
2005-09-01,제주특별자치도,485.0,10.59,257.0,5.6,209.0,4.6,228.0,5.0,-139.0
2005-10-01,제주특별자치도,510.0,10.77,241.0,5.1,233.0,4.9,269.0,5.7,-65.0
2005-11-01,제주특별자치도,463.0,10.1,249.0,5.4,309.0,6.7,214.0,4.7,-66.0
2005-12-01,제주특별자치도,466.0,9.84,289.0,6.1,386.0,8.2,177.0,3.7,-369.0
2006-01-01,제주특별자치도,490.0,10.35,289.0,6.1,301.0,6.4,201.0,4.2,-460.0
2006-02-01,제주특별자치도,488.0,11.41,251.0,5.9,274.0,6.4,237.0,5.5,-248.0
2006-03-01,제주특별자치도,519.0,10.96,289.0,6.1,331.0,7.0,230.0,4.9,165.0
2006-04-01,제주특별자치도,465.0,10.14,223.0,4.9,265.0,5.8,242.0,5.3,172.0
2006-05-01,제주특별자치도,460.0,9.7,239.0,5.0,315.0,6.6,221.0,4.7,140.0
2006-06-01,제주특별자치도,454.0,9.89,218.0,4.7,322.0,7.0,236.0,5.1,-58.0
2006-07-01,제주특별자치도,479.0,10.09,244.0,5.1,261.0,5.5,235.0,5.0,-4.0
2006-08-01,제주특별자치도,492.0,10.36,222.0,4.7,231.0,4.9,270.0,5.7,-228.0
2006-09-01,제주특별자치도,533.0,11.6,233.0,5.1,220.0,4.8,300.0,6.5,-247.0
2006-10-01,제주특별자치도,483.0,10.17,273.0,5.7,255.0,5.4,210.0,4.4,-250.0
2006-11-01,제주특별자치도,499.0,10.86,281.0,6.1,364.0,7.9,218.0,4.7,-246.0
2006-12-01,제주특별자치도,491.0,10.35,261.0,5.5,437.0,9.2,230.0,4.8,-638.0
2007-01-01,제주특별자치도,556.0,11.72,284.0,6.0,393.0,8.3,272.0,5.7,-607.0
2007-02-01,제주특별자치도,467.0,10.9,234.0,5.5,346.0,8.1,233.0,5.4,-455.0
2007-03-01,제주특별자치도,590.0,12.44,226.0,4.8,297.0,6.3,364.0,7.7,-51.0
2007-04-01,제주특별자치도,485.0,10.57,237.0,5.2,261.0,5.7,248.0,5.4,-227.0
2007-05-01,제주특별자치도,446.0,9.4,240.0,5.1,340.0,7.2,206.0,4.3,-60.0
2007-06-01,제주특별자치도,470.0,10.23,236.0,5.1,268.0,5.8,234.0,5.1,-38.0
2007-07-01,제주특별자치도,535.0,11.27,231.0,4.9,225.0,4.7,304.0,6.4,-11.0
2007-08-01,제주특별자치도,560.0,11.79,225.0,4.7,248.0,5.2,335.0,7.1,-257.0
2007-09-01,제주특별자치도,536.0,11.66,241.0,5.2,149.0,3.2,295.0,6.4,-110.0
2007-10-01,제주특별자치도,532.0,11.19,267.0,5.6,272.0,5.7,265.0,5.6,-346.0
2007-11-01,제주특별자치도,499.0,10.85,257.0,5.6,335.0,7.3,242.0,5.3,-155.0
2007-12-01,제주특별자치도,502.0,10.57,253.0,5.3,361.0,7.6,249.0,5.2,-611.0
2008-01-01,제주특별자치도,543.0,11.47,254.0,5.4,315.0,6.7,289.0,6.1,-797.0
2008-02-01,제주특별자치도,465.0,10.5,268.0,6.1,295.0,6.7,197.0,4.4,-231.0
2008-03-01,제주특별자치도,503.0,10.62,253.0,5.3,324.0,6.8,250.0,5.3,27.0
2008-04-01,제주특별자치도,414.0,9.03,210.0,4.6,309.0,6.7,204.0,4.5,-104.0
2008-05-01,제주특별자치도,425.0,8.97,232.0,4.9,322.0,6.8,193.0,4.1,-76.0
2008-06-01,제주특별자치도,414.0,9.03,201.0,4.4,273.0,6.0,213.0,4.6,44.0
2008-07-01,제주특별자치도,477.0,10.06,214.0,4.5,285.0,6.0,263.0,5.5,157.0
2008-08-01,제주특별자치도,437.0,9.21,200.0,4.2,239.0,5.0,237.0,5.0,-194.0
2008-09-01,제주특별자치도,514.0,11.19,225.0,4.9,200.0,4.4,289.0,6.3,-248.0
2008-10-01,제주특별자치도,498.0,10.49,234.0,4.9,265.0,5.6,264.0,5.6,-347.0
2008-11-01,제주특별자치도,457.0,9.95,262.0,5.7,261.0,5.7,195.0,4.2,-150.0
2008-12-01,제주특별자치도,446.0,9.39,260.0,5.5,357.0,7.5,186.0,3.9,-317.0
2009-01-01,제주특별자치도,520.0,10.92,261.0,5.5,283.0,5.9,259.0,5.4,-209.0
2009-02-01,제주특별자치도,400.0,9.3,214.0,5.0,289.0,6.7,186.0,4.3,-420.0
2009-03-01,제주특별자치도,545.0,11.44,230.0,4.8,293.0,6.2,315.0,6.6,8.0
2009-04-01,제주특별자치도,445.0,9.65,254.0,5.5,300.0,6.5,191.0,4.1,-10.0
2009-05-01,제주특별자치도,419.0,8.79,268.0,5.6,310.0,6.5,151.0,3.2,158.0
2009-06-01,제주특별자치도,439.0,9.51,204.0,4.4,278.0,6.0,235.0,5.1,173.0
2009-07-01,제주특별자치도,430.0,9.01,225.0,4.7,231.0,4.8,205.0,4.3,184.0
2009-08-01,제주특별자치도,432.0,9.05,246.0,5.2,218.0,4.6,186.0,3.9,-4.0
2009-09-01,제주특별자치도,409.0,8.85,213.0,4.6,209.0,4.5,196.0,4.2,-277.0
2009-10-01,제주특별자치도,477.0,9.98,211.0,4.4,230.0,4.8,266.0,5.6,-154.0
2009-11-01,제주특별자치도,455.0,9.84,269.0,5.8,306.0,6.6,186.0,4.0,-79.0
2009-12-01,제주특별자치도,462.0,9.67,228.0,4.8,332.0,6.9,234.0,4.9,-385.0
2010-01-01,제주특별자치도,511.0,10.69,251.0,5.3,317.0,6.6,260.0,5.4,-286.0
2010-02-01,제주특별자치도,420.0,9.73,247.0,5.7,293.0,6.8,173.0,4.0,25.0
2010-03-01,제주특별자치도,507.0,10.6,266.0,5.6,278.0,5.8,241.0,5.0,-109.0
2010-04-01,제주특별자치도,451.0,9.74,258.0,5.6,319.0,6.9,193.0,4.2,171.0
2010-05-01,제주특별자치도,444.0,9.27,265.0,5.5,334.0,7.0,179.0,3.7,289.0
2010-06-01,제주특별자치도,423.0,9.12,243.0,5.2,330.0,7.1,180.0,3.9,78.0
2010-07-01,제주특별자치도,445.0,9.28,253.0,5.3,280.0,5.8,192.0,4.0,150.0
2010-08-01,제주특별자치도,482.0,10.04,261.0,5.4,249.0,5.2,221.0,4.6,124.0
2010-09-01,제주특별자치도,509.0,10.95,226.0,4.9,197.0,4.2,283.0,6.1,-10.0
2010-10-01,제주특별자치도,516.0,10.75,238.0,5.0,240.0,5.0,278.0,5.8,-37.0
2010-11-01,제주특별자치도,495.0,10.65,262.0,5.6,328.0,7.1,233.0,5.0,152.0
2010-12-01,제주특별자치도,454.0,9.45,247.0,5.1,350.0,7.3,207.0,4.3,-110.0
2011-01-01,제주특별자치도,549.0,11.43,277.0,5.8,341.0,7.1,272.0,5.7,-40.0
2011-02-01,제주특별자치도,446.0,10.27,246.0,5.7,303.0,7.0,200.0,4.6,218.0
2011-03-01,제주특별자치도,512.0,10.64,250.0,5.2,354.0,7.4,262.0,5.4,299.0
2011-04-01,제주특별자치도,491.0,10.53,260.0,5.6,274.0,5.9,231.0,5.0,221.0
2011-05-01,제주특별자치도,495.0,10.26,248.0,5.1,304.0,6.3,247.0,5.1,303.0
2011-06-01,제주특별자치도,386.0,8.26,220.0,4.7,341.0,7.3,166.0,3.6,75.0
2011-07-01,제주특별자치도,486.0,10.06,245.0,5.1,223.0,4.6,241.0,5.0,297.0
2011-08-01,제주특별자치도,437.0,9.04,252.0,5.2,274.0,5.7,185.0,3.8,327.0
2011-09-01,제주특별자치도,450.0,9.61,261.0,5.6,202.0,4.3,189.0,4.0,230.0
2011-10-01,제주특별자치도,434.0,8.96,245.0,5.1,261.0,5.4,189.0,3.9,252.0
2011-11-01,제주특별자치도,464.0,9.89,261.0,5.6,320.0,6.8,203.0,4.3,173.0
2011-12-01,제주특별자치도,478.0,9.86,256.0,5.3,385.0,7.9,222.0,4.6,-12.0
2012-01-01,제주특별자치도,526.0,10.87,298.0,6.2,327.0,6.8,228.0,4.7,135.0
2012-02-01,제주특별자치도,525.0,11.59,306.0,6.8,321.0,7.1,219.0,4.8,353.0
2012-03-01,제주특별자치도,549.0,11.32,329.0,6.8,392.0,8.1,220.0,4.5,528.0
2012-04-01,제주특별자치도,509.0,10.84,260.0,5.5,327.0,7.0,249.0,5.3,420.0
2012-05-01,제주특별자치도,533.0,10.97,254.0,5.2,298.0,6.1,279.0,5.7,547.0
2012-06-01,제주특별자치도,434.0,9.21,235.0,5.0,262.0,5.6,199.0,4.2,384.0
2012-07-01,제주특별자치도,476.0,9.77,240.0,4.9,248.0,5.1,236.0,4.8,682.0
2012-08-01,제주특별자치도,483.0,9.9,256.0,5.2,228.0,4.7,227.0,4.7,368.0
2012-09-01,제주특별자치도,497.0,10.51,284.0,6.0,189.0,4.0,213.0,4.5,452.0
2012-10-01,제주특별자치도,497.0,10.16,258.0,5.3,244.0,5.0,239.0,4.9,443.0
2012-11-01,제주특별자치도,486.0,10.26,238.0,5.0,325.0,6.9,248.0,5.2,349.0
2012-12-01,제주특별자치도,477.0,9.73,280.0,5.7,321.0,6.5,197.0,4.0,215.0
2013-01-01,제주특별자치도,527.0,10.71,311.0,6.3,344.0,7.0,216.0,4.4,106.0
2013-02-01,제주특별자치도,424.0,9.53,299.0,6.7,295.0,6.6,125.0,2.8,923.0
2013-03-01,제주특별자치도,457.0,9.26,321.0,6.5,303.0,6.1,136.0,2.8,835.0
2013-04-01,제주특별자치도,443.0,9.26,284.0,5.9,308.0,6.4,159.0,3.3,820.0
2013-05-01,제주특별자치도,404.0,8.16,282.0,5.7,369.0,7.5,122.0,2.5,716.0
2013-06-01,제주특별자치도,404.0,8.42,236.0,4.9,259.0,5.4,168.0,3.5,455.0
2013-07-01,제주특별자치도,445.0,8.96,252.0,5.1,318.0,6.4,193.0,3.9,795.0
2013-08-01,제주특별자치도,438.0,8.81,248.0,5.0,219.0,4.4,190.0,3.8,608.0
2013-09-01,제주특별자치도,497.0,10.31,244.0,5.1,205.0,4.3,253.0,5.2,637.0
2013-10-01,제주특별자치도,454.0,9.1,272.0,5.5,348.0,7.0,182.0,3.6,598.0
2013-11-01,제주특별자치도,446.0,9.23,253.0,5.2,295.0,6.1,193.0,4.0,658.0
2013-12-01,제주특별자치도,389.0,7.78,315.0,6.3,375.0,7.5,74.0,1.5,672.0
2014-01-01,제주특별자치도,529.0,10.56,302.0,6.0,326.0,6.5,227.0,4.5,600.0
2014-02-01,제주특별자치도,475.0,10.48,311.0,6.9,332.0,7.3,164.0,3.6,1091.0
2014-03-01,제주특별자치도,477.0,9.49,288.0,5.7,326.0,6.5,189.0,3.8,843.0
2014-04-01,제주특별자치도,481.0,9.87,274.0,5.6,272.0,5.6,207.0,4.2,863.0
2014-05-01,제주특별자치도,434.0,8.6,247.0,4.9,335.0,6.6,187.0,3.7,884.0
2014-06-01,제주특별자치도,444.0,9.08,249.0,5.1,302.0,6.2,195.0,4.0,952.0
2014-07-01,제주특별자치도,438.0,8.65,236.0,4.7,285.0,5.6,202.0,4.0,981.0
2014-08-01,제주특별자치도,488.0,9.62,281.0,5.5,253.0,5.0,207.0,4.1,828.0
2014-09-01,제주특별자치도,478.0,9.71,240.0,4.9,242.0,4.9,238.0,4.8,814.0
2014-10-01,제주특별자치도,494.0,9.7,278.0,5.5,326.0,6.4,216.0,4.2,951.0
2014-11-01,제주특별자치도,382.0,7.73,290.0,5.9,261.0,5.3,92.0,1.9,1149.0
2014-12-01,제주특별자치도,406.0,7.94,304.0,5.9,333.0,6.5,102.0,2.0,1156.0
2015-01-01,제주특별자치도,532.0,10.38,336.0,6.6,368.0,7.2,196.0,3.8,752.0
2015-02-01,제주특별자치도,463.0,9.98,297.0,6.4,244.0,5.3,166.0,3.6,1086.0
2015-03-01,제주특별자치도,509.0,9.89,330.0,6.4,359.0,7.0,179.0,3.5,1196.0
2015-04-01,제주특별자치도,466.0,9.34,297.0,6.0,303.0,6.1,169.0,3.4,1266.0
2015-05-01,제주특별자치도,416.0,8.05,259.0,5.0,311.0,6.0,157.0,3.0,1099.0
2015-06-01,제주특별자치도,477.0,9.51,245.0,4.9,362.0,7.2,232.0,4.6,1150.0
2015-07-01,제주특별자치도,473.0,9.11,262.0,5.0,278.0,5.4,211.0,4.1,1534.0
2015-08-01,제주특별자치도,454.0,8.72,232.0,4.5,267.0,5.1,222.0,4.3,1179.0
2015-09-01,제주특별자치도,426.0,8.43,254.0,5.0,235.0,4.7,172.0,3.4,1335.0
2015-10-01,제주특별자치도,524.0,10.01,283.0,5.4,287.0,5.5,241.0,4.6,1370.0
2015-11-01,제주특별자치도,448.0,8.82,257.0,5.1,322.0,6.3,191.0,3.8,1059.0
2015-12-01,제주특별자치도,412.0,7.84,287.0,5.5,340.0,6.5,125.0,2.4,1231.0
2016-01-01,제주특별자치도,522.0,9.94,310.0,5.9,292.0,5.6,212.0,4.0,856.0
2016-02-01,제주특별자치도,472.0,9.58,318.0,6.5,300.0,6.1,154.0,3.1,1738.0
2016-03-01,제주특별자치도,517.0,9.79,368.0,7.0,362.0,6.9,149.0,2.8,1589.0
2016-04-01,제주특별자치도,471.0,9.19,269.0,5.2,363.0,7.1,202.0,3.9,1609.0
2016-05-01,제주특별자치도,490.0,9.23,263.0,5.0,387.0,7.3,227.0,4.3,1458.0
2016-06-01,제주특별자치도,410.0,7.96,271.0,5.3,318.0,6.2,139.0,2.7,1197.0
2016-07-01,제주특별자치도,448.0,8.4,277.0,5.2,255.0,4.8,171.0,3.2,1329.0
2016-08-01,제주특별자치도,491.0,9.18,284.0,5.3,281.0,5.3,207.0,3.9,1127.0
2016-09-01,제주특별자치도,450.0,8.68,280.0,5.4,215.0,4.1,170.0,3.3,849.0
2016-10-01,제주특별자치도,439.0,8.18,313.0,5.8,246.0,4.6,126.0,2.3,931.0
2016-11-01,제주특별자치도,398.0,7.65,271.0,5.2,325.0,6.2,127.0,2.4,992.0
2016-12-01,제주특별자치도,386.0,7.17,318.0,5.9,361.0,6.7,68.0,1.3,957.0
2017-01-01,제주특별자치도,480.0,8.88,333.0,6.2,316.0,5.8,147.0,2.7,626.0
2017-02-01,제주특별자치도,396.0,8.09,322.0,6.6,315.0,6.4,74.0,1.5,1230.0
2017-03-01,제주특별자치도,456.0,8.4,348.0,6.4,314.0,5.8,108.0,2.0,1129.0
2017-04-01,제주특별자치도,420.0,7.98,271.0,5.2,261.0,5.0,149.0,2.8,1080.0
2017-05-01,제주특별자치도,425.0,7.8,308.0,5.7,389.0,7.1,117.0,2.1,1285.0
2017-06-01,제주특별자치도,404.0,7.65,289.0,5.5,318.0,6.0,115.0,2.2,844.0
2017-07-01,제주특별자치도,393.0,7.18,310.0,5.7,260.0,4.8,83.0,1.5,1573.0
2017-08-01,제주특별자치도,406.0,7.4,293.0,5.3,243.0,4.4,113.0,2.1,1553.0
2017-09-01,제주특별자치도,466.0,8.76,289.0,5.4,240.0,4.5,177.0,3.3,1227.0
2017-10-01,제주특별자치도,412.0,7.48,339.0,6.2,278.0,5.0,73.0,1.3,1314.0
2017-11-01,제주특별자치도,418.0,7.82,288.0,5.4,342.0,6.4,130.0,2.4,1124.0
2017-12-01,제주특별자치도,361.0,6.53,348.0,6.3,378.0,6.8,13.0,0.2,1020.0
2018-01-01,제주특별자치도,470.0,8.5,450.0,8.1,347.0,6.3,20.0,0.4,1038.0
2018-02-01,제주특별자치도,376.0,7.5,336.0,6.7,261.0,5.2,40.0,0.8,997.0
2018-03-01,제주특별자치도,449.0,8.1,328.0,5.9,350.0,6.3,121.0,2.2,1136.0
2018-04-01,제주특별자치도,381.0,7.1,310.0,5.8,276.0,5.1,71.0,1.3,977.0
2018-05-01,제주특별자치도,394.0,7.1,334.0,6.0,381.0,6.8,60.0,1.1,1026.0
2018-06-01,제주특별자치도,396.0,7.3,281.0,5.2,284.0,5.3,115.0,2.1,766.0
2018-07-01,제주특별자치도,402.0,7.2,320.0,5.7,290.0,5.2,82.0,1.5,929.0
2018-08-01,제주특별자치도,396.0,7.1,279.0,5.0,260.0,4.6,117.0,2.1,774.0
2018-09-01,제주특별자치도,386.0,7.1,304.0,5.6,194.0,3.6,82.0,1.5,467.0
2018-10-01,제주특별자치도,397.0,7.1,319.0,5.7,301.0,5.4,78.0,1.4,437.0
2018-11-01,제주특별자치도,404.0,7.4,315.0,5.8,342.0,6.3,89.0,1.6,259.0
2018-12-01,제주특별자치도,330.0,5.9,336.0,6.0,352.0,6.3,-6.0,-0.1,47.0
2019-01-01,제주특별자치도,455.0,8.1,373.0,6.6,309.0,5.5,82.0,1.5,90.0
2019-02-01,제주특별자치도,379.0,7.5,344.0,6.8,263.0,5.2,35.0,0.7,136.0
2019-03-01,제주특별자치도,409.0,7.3,352.0,6.3,244.0,4.3,57.0,1.0,527.0
2019-04-01,제주특별자치도,408.0,7.5,338.0,6.2,334.0,6.1,70.0,1.3,418.0
2019-05-01,제주특별자치도,349.0,6.2,322.0,5.7,319.0,5.7,27.0,0.5,576.0
2019-06-01,제주특별자치도,322.0,5.9,320.0,5.9,234.0,4.3,2.0,0.0,396.0
2019-07-01,제주특별자치도,372.0,6.6,292.0,5.2,270.0,4.8,80.0,1.4,346.0
2019-08-01,제주특별자치도,357.0,6.3,333.0,5.9,226.0,4.0,24.0,0.4,242.0
2019-09-01,제주특별자치도,361.0,6.6,294.0,5.4,208.0,3.8,67.0,1.2,42.0
2019-10-01,제주특별자치도,378.0,6.7,345.0,6.1,272.0,4.8,33.0,0.6,83.0
2019-11-01,제주특별자치도,349.0,6.4,322.0,5.9,295.0,5.4,27.0,0.5,104.0
2019-12-01,제주특별자치도,361.0,6.4,324.0,5.7,384.0,6.8,37.0,0.7,-24.0
2020-01-01,제주특별자치도,432.0,7.7,373.0,6.6,282.0,5.0,59.0,1.0,-284.0
2020-02-01,제주특별자치도,352.0,6.7,343.0,6.5,276.0,5.2,9.0,0.2,78.0
2020-03-01,제주특별자치도,340.0,6.0,358.0,6.4,296.0,5.3,-18.0,-0.3,-362.0
2020-04-01,제주특별자치도,339.0,6.2,354.0,6.5,245.0,4.5,-15.0,-0.3,91.0
2020-05-01,제주특별자치도,311.0,5.5,290.0,5.1,283.0,5.0,21.0,0.4,160.0
2020-06-01,제주특별자치도,321.0,5.9,277.0,5.1,222.0,4.1,44.0,0.8,454.0
2020-07-01,제주특별자치도,335.0,5.9,281.0,5.0,206.0,3.7,54.0,1.0,526.0
2020-08-01,제주특별자치도,332.0,5.9,317.0,5.6,220.0,3.9,15.0,0.3,553.0
2020-09-01,제주특별자치도,339.0,6.2,333.0,6.1,216.0,3.9,6.0,0.1,390.0
2020-10-01,제주특별자치도,307.0,5.4,348.0,6.2,205.0,3.6,-41.0,-0.7,722.0
2020-11-01,제주특별자치도,276.0,5.0,336.0,6.1,226.0,4.1,-60.0,-1.1,398.0
2020-12-01,제주특별자치도,305.0,5.4,342.0,6.0,304.0,5.4,-37.0,-0.7,652.0
2021-01-01,제주특별자치도,357.0,6.3,335.0,5.9,233.0,4.1,22.0,0.4,-57.0
2021-02-01,제주특별자치도,307.0,6.0,319.0,6.2,203.0,4.0,-12.0,-0.2,502.0
2021-03-01,제주특별자치도,397.0,7.0,388.0,6.8,216.0,3.8,9.0,0.2,250.0
2021-04-01,제주특별자치도,326.0,5.9,348.0,6.3,217.0,3.9,-22.0,-0.4,536.0
2021-05-01,제주특별자치도,319.0,5.6,343.0,6.0,240.0,4.2,-24.0,-0.4,428.0
2021-06-01,제주특별자치도,319.0,5.8,305.0,5.5,230.0,4.2,15.0,0.3,407.0
2021-07-01,제주특별자치도,292.0,5.1,321.0,5.6,213.0,3.7,-29.0,-0.5,559.0
2021-08-01,제주특별자치도,272.0,4.8,357.0,6.3,194.0,3.4,-85.0,-1.5,63.0
2021-09-01,제주특별자치도,340.0,6.2,384.0,7.0,190.0,3.4,-44.0,-0.8,257.0
2021-10-01,제주특별자치도,330.0,5.8,377.0,6.6,202.0,3.5,-47.0,-0.8,532.0
2021-11-01,제주특별자치도,254.0,4.6,373.0,6.7,223.0,4.0,-119.0,-2.1,318.0
2021-12-01,제주특별자치도,215.0,3.8,385.0,6.7,300.0,5.2,-170.0,-3.0,122.0
2022-01-01,제주특별자치도,358.0,6.3,392.0,6.9,201.0,3.5,-34.0,-0.6,-55.0
2022-02-01,제주특별자치도,303.0,5.9,391.0,7.6,212.0,4.1,-88.0,-1.7,502.0
2022-03-01,제주특별자치도,322.0,5.6,539.0,9.4,243.0,4.2,-217.0,-3.8,233.0
2022-04-01,제주특별자치도,325.0,5.9,492.0,8.9,247.0,4.5,-167.0,-3.0,389.0
2022-05-01,제주특별자치도,283.0,4.9,369.0,6.4,261.0,4.6,-86.0,-1.5,437.0
2022-06-01,제주특별자치도,248.0,4.5,340.0,6.1,232.0,4.2,-92.0,-1.7,314.0
2000-01-01,충청남도,2398.0,14.75,1466.0,9.0,1055.0,6.5,932.0,5.7,-1062.0
2000-02-01,충청남도,2273.0,14.95,1120.0,7.4,893.0,5.9,1153.0,7.6,-1150.0
2000-03-01,충청남도,2269.0,13.96,1325.0,8.2,1187.0,7.3,944.0,5.8,388.0
2000-04-01,충청남도,2076.0,13.19,1235.0,7.8,1190.0,7.6,841.0,5.3,-310.0
2000-05-01,충청남도,1988.0,12.21,1234.0,7.6,1265.0,7.8,754.0,4.6,-347.0
2000-06-01,충청남도,1813.0,11.51,1170.0,7.4,987.0,6.3,643.0,4.1,-393.0
2000-07-01,충청남도,1865.0,11.45,1118.0,6.9,698.0,4.3,747.0,4.6,-874.0
2000-08-01,충청남도,1936.0,11.89,1294.0,7.9,676.0,4.2,642.0,3.9,-976.0
2000-09-01,충청남도,2113.0,13.41,1170.0,7.4,634.0,4.0,943.0,6.0,-179.0
2000-10-01,충청남도,2008.0,12.34,1317.0,8.1,1045.0,6.4,691.0,4.2,-341.0
2000-11-01,충청남도,1949.0,12.37,1258.0,8.0,1181.0,7.5,691.0,4.4,-921.0
2000-12-01,충청남도,2045.0,12.56,1247.0,7.7,1286.0,7.9,798.0,4.9,-1577.0
2001-01-01,충청남도,2245.0,13.76,1230.0,7.5,886.0,5.4,1015.0,6.2,-1323.0
2001-02-01,충청남도,2003.0,13.59,1127.0,7.6,850.0,5.8,876.0,5.9,-1717.0
2001-03-01,충청남도,2123.0,13.01,1270.0,7.8,1118.0,6.8,853.0,5.2,-278.0
2001-04-01,충청남도,1861.0,11.78,1200.0,7.6,1049.0,6.6,661.0,4.2,-106.0
2001-05-01,충청남도,1833.0,11.22,1198.0,7.3,1141.0,7.0,635.0,3.9,-245.0
2001-06-01,충청남도,1687.0,10.67,1106.0,7.0,827.0,5.2,581.0,3.7,-840.0
2001-07-01,충청남도,1648.0,10.09,1097.0,6.7,688.0,4.2,551.0,3.4,-989.0
2001-08-01,충청남도,1751.0,10.73,1174.0,7.2,678.0,4.2,577.0,3.5,-1544.0
2001-09-01,충청남도,1829.0,11.58,1092.0,6.9,589.0,3.7,737.0,4.7,-299.0
2001-10-01,충청남도,1669.0,10.23,1253.0,7.7,800.0,4.9,416.0,2.6,-710.0
2001-11-01,충청남도,1701.0,10.78,1269.0,8.0,1166.0,7.4,432.0,2.7,-614.0
2001-12-01,충청남도,1612.0,9.89,1236.0,7.6,1321.0,8.1,376.0,2.3,-2963.0
2002-01-01,충청남도,1857.0,11.4,1160.0,7.1,971.0,6.0,697.0,4.3,-1540.0
2002-02-01,충청남도,1659.0,11.29,1074.0,7.3,668.0,4.5,585.0,4.0,-2318.0
2002-03-01,충청남도,1833.0,11.27,1283.0,7.9,964.0,5.9,550.0,3.4,-231.0
2002-04-01,충청남도,1779.0,11.3,1176.0,7.5,1034.0,6.6,603.0,3.8,-955.0
2002-05-01,충청남도,1635.0,10.06,1202.0,7.4,1068.0,6.6,433.0,2.7,-330.0
2002-06-01,충청남도,1376.0,8.74,1127.0,7.2,824.0,5.2,249.0,1.6,-541.0
2002-07-01,충청남도,1548.0,9.52,1197.0,7.4,669.0,4.1,351.0,2.2,-1836.0
2002-08-01,충청남도,1507.0,9.28,1131.0,7.0,572.0,3.5,376.0,2.3,-1939.0
2002-09-01,충청남도,1507.0,9.59,1197.0,7.6,552.0,3.5,310.0,2.0,-938.0
2002-10-01,충청남도,1472.0,9.07,1313.0,8.1,791.0,4.9,159.0,1.0,-1494.0
2002-11-01,충청남도,1451.0,9.25,1346.0,8.6,1048.0,6.7,105.0,0.7,-691.0
2002-12-01,충청남도,1435.0,8.86,1464.0,9.0,1260.0,7.8,-29.0,-0.2,-812.0
2003-01-01,충청남도,1773.0,10.95,1225.0,7.6,824.0,5.1,548.0,3.4,-2045.0
2003-02-01,충청남도,1626.0,11.12,1110.0,7.6,734.0,5.0,516.0,3.5,-1716.0
2003-03-01,충청남도,1741.0,10.76,1219.0,7.5,942.0,5.8,522.0,3.2,-727.0
2003-04-01,충청남도,1604.0,10.24,1215.0,7.8,938.0,6.0,389.0,2.5,1376.0
2003-05-01,충청남도,1520.0,9.39,1163.0,7.2,1013.0,6.3,357.0,2.2,-545.0
2003-06-01,충청남도,1441.0,9.2,1114.0,7.1,808.0,5.2,327.0,2.1,558.0
2003-07-01,충청남도,1451.0,8.96,1122.0,6.9,738.0,4.6,329.0,2.0,-419.0
2003-08-01,충청남도,1451.0,8.98,1185.0,7.3,623.0,3.9,266.0,1.6,-909.0
2003-09-01,충청남도,1516.0,9.7,1155.0,7.4,618.0,4.0,361.0,2.3,49.0
2003-10-01,충청남도,1546.0,9.55,1299.0,8.0,906.0,5.6,247.0,1.5,1561.0
2003-11-01,충청남도,1474.0,9.4,1234.0,7.9,1051.0,6.7,240.0,1.5,1997.0
2003-12-01,충청남도,1484.0,9.14,1265.0,7.8,1356.0,8.4,219.0,1.3,3502.0
2004-01-01,충청남도,1731.0,10.69,1241.0,7.7,859.0,5.3,490.0,3.0,-2704.0
2004-02-01,충청남도,1534.0,10.13,1151.0,7.6,863.0,5.7,383.0,2.5,-736.0
2004-03-01,충청남도,1733.0,10.71,1322.0,8.2,1087.0,6.7,411.0,2.5,1002.0
2004-04-01,충청남도,1529.0,9.75,1201.0,7.7,862.0,5.5,328.0,2.1,2427.0
2004-05-01,충청남도,1570.0,9.67,1205.0,7.4,993.0,6.1,365.0,2.2,3222.0
2004-06-01,충청남도,1416.0,8.99,1100.0,7.0,963.0,6.1,316.0,2.0,5611.0
2004-07-01,충청남도,1459.0,8.95,1092.0,6.7,758.0,4.6,367.0,2.3,1765.0
2004-08-01,충청남도,1568.0,9.6,1153.0,7.1,741.0,4.5,415.0,2.5,2840.0
2004-09-01,충청남도,1593.0,10.06,1056.0,6.7,585.0,3.7,537.0,3.4,3087.0
2004-10-01,충청남도,1624.0,9.9,1233.0,7.5,903.0,5.5,391.0,2.4,4567.0
2004-11-01,충청남도,1465.0,9.2,1200.0,7.5,1161.0,7.3,265.0,1.7,9794.0
2004-12-01,충청남도,1418.0,8.58,1133.0,6.9,1643.0,9.9,285.0,1.7,4108.0
2005-01-01,충청남도,1639.0,9.89,1285.0,7.8,909.0,5.5,354.0,2.1,-3359.0
2005-02-01,충청남도,1405.0,9.39,1105.0,7.4,801.0,5.4,300.0,2.0,-2047.0
2005-03-01,충청남도,1650.0,9.97,1200.0,7.2,1084.0,6.5,450.0,2.7,581.0
2005-04-01,충청남도,1448.0,9.03,1205.0,7.5,1017.0,6.3,243.0,1.5,1081.0
2005-05-01,충청남도,1419.0,8.56,1208.0,7.3,1144.0,6.9,211.0,1.3,770.0
2005-06-01,충청남도,1354.0,8.43,1128.0,7.0,1021.0,6.4,226.0,1.4,1315.0
2005-07-01,충청남도,1355.0,8.16,1100.0,6.6,810.0,4.9,255.0,1.5,-47.0
2005-08-01,충청남도,1516.0,9.13,1083.0,6.5,818.0,4.9,433.0,2.6,747.0
2005-09-01,충청남도,1429.0,8.88,1042.0,6.5,750.0,4.7,387.0,2.4,1252.0
2005-10-01,충청남도,1519.0,9.14,1247.0,7.5,914.0,5.5,272.0,1.6,797.0
2005-11-01,충청남도,1412.0,8.77,1226.0,7.6,1273.0,7.9,186.0,1.2,1305.0
2005-12-01,충청남도,1375.0,8.26,1189.0,7.1,1566.0,9.4,186.0,1.1,2604.0
2006-01-01,충청남도,1719.0,10.32,1215.0,7.3,1077.0,6.5,504.0,3.0,-1729.0
2006-02-01,충청남도,1488.0,9.89,1017.0,6.8,867.0,5.8,471.0,3.1,-1030.0
2006-03-01,충청남도,1659.0,9.96,1181.0,7.1,1133.0,6.8,478.0,2.9,292.0
2006-04-01,충청남도,1605.0,9.95,1113.0,6.9,1072.0,6.6,492.0,3.1,1298.0
2006-05-01,충청남도,1551.0,9.3,1155.0,6.9,1350.0,8.1,396.0,2.4,773.0
2006-06-01,충청남도,1455.0,9.01,1088.0,6.7,1084.0,6.7,367.0,2.3,929.0
2006-07-01,충청남도,1444.0,8.65,1030.0,6.2,880.0,5.3,414.0,2.5,-207.0
2006-08-01,충청남도,1517.0,9.09,1096.0,6.6,918.0,5.5,421.0,2.5,-361.0
2006-09-01,충청남도,1605.0,9.93,1043.0,6.5,761.0,4.7,562.0,3.5,837.0
2006-10-01,충청남도,1574.0,9.42,1188.0,7.1,878.0,5.3,386.0,2.3,1025.0
2006-11-01,충청남도,1534.0,9.48,1204.0,7.4,1435.0,8.9,330.0,2.0,1481.0
2006-12-01,충청남도,1474.0,8.8,1287.0,7.7,1918.0,11.4,187.0,1.1,3747.0
2007-01-01,충청남도,1783.0,10.63,1280.0,7.6,1291.0,7.7,503.0,3.0,-547.0
2007-02-01,충청남도,1639.0,10.82,1102.0,7.3,1071.0,7.1,537.0,3.5,-100.0
2007-03-01,충청남도,1786.0,10.64,1100.0,6.6,1109.0,6.6,686.0,4.1,1233.0
2007-04-01,충청남도,1586.0,9.75,1182.0,7.3,1176.0,7.2,404.0,2.5,1896.0
2007-05-01,충청남도,1644.0,9.77,1180.0,7.0,1328.0,7.9,464.0,2.8,1912.0
2007-06-01,충청남도,1547.0,9.49,1054.0,6.5,1093.0,6.7,493.0,3.0,1125.0
2007-07-01,충청남도,1702.0,10.1,1055.0,6.3,950.0,5.6,647.0,3.8,173.0
2007-08-01,충청남도,1884.0,11.17,1148.0,6.8,961.0,5.7,736.0,4.4,1445.0
2007-09-01,충청남도,1882.0,11.52,1127.0,6.9,700.0,4.3,755.0,4.6,936.0
2007-10-01,충청남도,1858.0,11.0,1196.0,7.1,1134.0,6.7,662.0,3.9,2134.0
2007-11-01,충청남도,1727.0,10.55,1260.0,7.7,1369.0,8.4,467.0,2.9,1662.0
2007-12-01,충청남도,1592.0,9.4,1269.0,7.5,1584.0,9.4,323.0,1.9,1494.0
2008-01-01,충청남도,1941.0,11.48,1198.0,7.1,1241.0,7.3,743.0,4.4,1625.0
2008-02-01,충청남도,1707.0,10.78,1173.0,7.4,927.0,5.9,534.0,3.4,1561.0
2008-03-01,충청남도,1670.0,9.85,1203.0,7.1,1163.0,6.9,467.0,2.8,2153.0
2008-04-01,충청남도,1631.0,9.93,1130.0,6.9,1181.0,7.2,501.0,3.1,88.0
2008-05-01,충청남도,1682.0,9.91,1118.0,6.6,1279.0,7.5,564.0,3.3,1636.0
2008-06-01,충청남도,1492.0,9.07,1057.0,6.4,1098.0,6.7,435.0,2.6,2319.0
2008-07-01,충청남도,1542.0,9.06,1069.0,6.3,1022.0,6.0,473.0,2.8,795.0
2008-08-01,충청남도,1612.0,9.47,1068.0,6.3,846.0,5.0,544.0,3.2,736.0
2008-09-01,충청남도,1716.0,10.41,1057.0,6.4,847.0,5.1,659.0,4.0,784.0
2008-10-01,충청남도,1682.0,9.86,1204.0,7.1,1056.0,6.2,478.0,2.8,697.0
2008-11-01,충청남도,1561.0,9.45,1131.0,6.8,1086.0,6.6,430.0,2.6,777.0
2008-12-01,충청남도,1513.0,8.86,1184.0,6.9,1608.0,9.4,329.0,1.9,2358.0
2009-01-01,충청남도,1877.0,10.95,1228.0,7.2,1121.0,6.5,649.0,3.8,39.0
2009-02-01,충청남도,1552.0,10.02,1104.0,7.1,927.0,6.0,448.0,2.9,-226.0
2009-03-01,충청남도,1676.0,9.77,1154.0,6.7,1090.0,6.4,522.0,3.0,286.0
2009-04-01,충청남도,1613.0,9.71,1179.0,7.1,1074.0,6.5,434.0,2.6,921.0
2009-05-01,충청남도,1616.0,9.41,1156.0,6.7,1166.0,6.8,460.0,2.7,737.0
2009-06-01,충청남도,1466.0,8.82,1091.0,6.6,1060.0,6.4,375.0,2.3,1107.0
2009-07-01,충청남도,1527.0,8.88,1055.0,6.1,895.0,5.2,472.0,2.7,1024.0
2009-08-01,충청남도,1596.0,9.27,1034.0,6.0,853.0,5.0,562.0,3.3,478.0
2009-09-01,충청남도,1696.0,10.17,1068.0,6.4,829.0,5.0,628.0,3.8,1372.0
2009-10-01,충청남도,1605.0,9.31,1130.0,6.6,973.0,5.6,475.0,2.8,2157.0
2009-11-01,충청남도,1516.0,9.07,1161.0,6.9,1149.0,6.9,355.0,2.1,2334.0
2009-12-01,충청남도,1517.0,8.77,1195.0,6.9,1571.0,9.1,322.0,1.9,1886.0
2010-01-01,충청남도,1810.0,10.45,1176.0,6.8,1119.0,6.5,634.0,3.7,745.0
2010-02-01,충청남도,1540.0,9.84,1018.0,6.5,909.0,5.8,522.0,3.3,678.0
2010-03-01,충청남도,1755.0,10.12,1142.0,6.6,1105.0,6.4,613.0,3.5,2808.0
2010-04-01,충청남도,1720.0,10.23,1132.0,6.7,1147.0,6.8,588.0,3.5,2190.0
2010-05-01,충청남도,1622.0,9.32,1203.0,6.9,1174.0,6.7,419.0,2.4,1409.0
2010-06-01,충청남도,1609.0,9.55,1125.0,6.7,1130.0,6.7,484.0,2.9,1078.0
2010-07-01,충청남도,1605.0,9.21,1158.0,6.6,1036.0,5.9,447.0,2.6,1069.0
2010-08-01,충청남도,1595.0,9.14,1090.0,6.2,1016.0,5.8,505.0,2.9,708.0
2010-09-01,충청남도,1874.0,11.09,1147.0,6.8,821.0,4.9,727.0,4.3,1113.0
2010-10-01,충청남도,1816.0,10.4,1300.0,7.4,972.0,5.6,516.0,3.0,1256.0
2010-11-01,충청남도,1745.0,10.32,1243.0,7.4,1235.0,7.3,502.0,3.0,1779.0
2010-12-01,충청남도,1551.0,8.87,1280.0,7.3,1521.0,8.7,271.0,1.5,1345.0
2011-01-01,충청남도,2031.0,11.6,1240.0,7.1,1087.0,6.2,791.0,4.5,129.0
2011-02-01,충청남도,1705.0,10.78,1169.0,7.4,937.0,5.9,536.0,3.4,825.0
2011-03-01,충청남도,1906.0,10.87,1180.0,6.7,1130.0,6.4,726.0,4.1,2897.0
2011-04-01,충청남도,1727.0,10.16,1139.0,6.7,1068.0,6.3,588.0,3.5,1907.0
2011-05-01,충청남도,1734.0,9.86,1154.0,6.6,1307.0,7.4,580.0,3.3,1873.0
2011-06-01,충청남도,1558.0,9.15,1116.0,6.6,1069.0,6.3,442.0,2.6,1368.0
2011-07-01,충청남도,1669.0,9.47,1106.0,6.3,892.0,5.1,563.0,3.2,1457.0
2011-08-01,충청남도,1750.0,9.92,1120.0,6.4,1023.0,5.8,630.0,3.6,1256.0
2011-09-01,충청남도,1664.0,9.74,1073.0,6.3,816.0,4.8,591.0,3.5,1417.0
2011-10-01,충청남도,1616.0,9.14,1263.0,7.1,1050.0,5.9,353.0,2.0,1612.0
2011-11-01,충청남도,1564.0,9.14,1201.0,7.0,1283.0,7.5,363.0,2.1,1508.0
2011-12-01,충청남도,1474.0,8.32,1264.0,7.1,1554.0,8.8,210.0,1.2,2392.0
2012-01-01,충청남도,1958.0,11.07,1224.0,6.9,1157.0,6.5,734.0,4.2,232.0
2012-02-01,충청남도,1774.0,10.71,1273.0,7.7,993.0,6.0,501.0,3.0,293.0
2012-03-01,충청남도,1926.0,10.87,1251.0,7.1,1154.0,6.5,675.0,3.8,814.0
2012-04-01,충청남도,1595.0,9.29,1170.0,6.8,1137.0,6.6,425.0,2.5,1476.0
2012-05-01,충청남도,1656.0,9.32,1161.0,6.5,1051.0,5.9,495.0,2.8,1106.0
2012-06-01,충청남도,1606.0,9.33,1065.0,6.2,1014.0,5.9,541.0,3.1,1118.0
2012-07-01,충청남도,1742.0,10.01,1092.0,6.3,956.0,5.5,650.0,3.7,705.0
2012-08-01,충청남도,1677.0,9.86,1092.0,6.4,922.0,5.4,585.0,3.4,-9.0
2012-09-01,충청남도,1745.0,10.59,1017.0,6.2,749.0,4.5,728.0,4.4,471.0
2012-10-01,충청남도,1699.0,9.98,1258.0,7.4,1082.0,6.4,441.0,2.6,1128.0
2012-11-01,충청남도,1633.0,9.9,1163.0,7.1,1251.0,7.6,470.0,2.8,1075.0
2012-12-01,충청남도,1437.0,8.42,1228.0,7.2,1383.0,8.1,209.0,1.2,1440.0
2013-01-01,충청남도,1949.0,11.39,1194.0,7.0,1113.0,6.5,755.0,4.4,440.0
2013-02-01,충청남도,1601.0,10.35,1159.0,7.5,867.0,5.6,442.0,2.9,1165.0
2013-03-01,충청남도,1632.0,9.52,1209.0,7.1,878.0,5.1,423.0,2.5,950.0
2013-04-01,충청남도,1555.0,9.37,1148.0,6.9,1059.0,6.4,407.0,2.5,1482.0
2013-05-01,충청남도,1500.0,8.73,1171.0,6.8,1281.0,7.5,329.0,1.9,1269.0
2013-06-01,충청남도,1394.0,8.38,1046.0,6.3,1034.0,6.2,348.0,2.1,1315.0
2013-07-01,충청남도,1589.0,9.24,1072.0,6.2,1033.0,6.0,517.0,3.0,903.0
2013-08-01,충청남도,1573.0,9.14,1088.0,6.3,967.0,5.6,485.0,2.8,1032.0
2013-09-01,충청남도,1548.0,9.28,1087.0,6.5,698.0,4.2,461.0,2.8,1257.0
2013-10-01,충청남도,1529.0,8.87,1194.0,6.9,1047.0,6.1,335.0,1.9,1679.0
2013-11-01,충청남도,1379.0,8.25,1268.0,7.6,1061.0,6.4,111.0,0.7,1080.0
2013-12-01,충청남도,1379.0,7.98,1218.0,7.1,1444.0,8.4,161.0,0.9,803.0
2014-01-01,충청남도,1734.0,10.04,1217.0,7.0,1052.0,6.1,517.0,3.0,424.0
2014-02-01,충청남도,1631.0,10.45,1234.0,7.9,1014.0,6.5,397.0,2.5,877.0
2014-03-01,충청남도,1553.0,8.98,1240.0,7.2,946.0,5.5,313.0,1.8,1794.0
2014-04-01,충청남도,1522.0,9.08,1118.0,6.7,948.0,5.7,404.0,2.4,1508.0
2014-05-01,충청남도,1487.0,8.58,1108.0,6.4,1032.0,6.0,379.0,2.2,1824.0
2014-06-01,충청남도,1453.0,8.65,1139.0,6.8,960.0,5.7,314.0,1.9,694.0
2014-07-01,충청남도,1602.0,9.23,1058.0,6.1,975.0,5.6,544.0,3.1,396.0
2014-08-01,충청남도,1550.0,8.93,1107.0,6.4,889.0,5.1,443.0,2.6,41.0
2014-09-01,충청남도,1518.0,9.03,1106.0,6.6,760.0,4.5,412.0,2.5,-68.0
2014-10-01,충청남도,1428.0,8.22,1241.0,7.1,1159.0,6.7,187.0,1.1,467.0
2014-11-01,충청남도,1300.0,7.73,1226.0,7.3,937.0,5.6,74.0,0.4,832.0
2014-12-01,충청남도,1422.0,8.18,1355.0,7.8,1368.0,7.9,67.0,0.4,1021.0
2015-01-01,충청남도,1697.0,9.75,1269.0,7.3,1201.0,6.9,428.0,2.5,489.0
2015-02-01,충청남도,1549.0,9.85,1258.0,8.0,840.0,5.3,291.0,1.9,-556.0
2015-03-01,충청남도,1750.0,10.05,1382.0,7.9,1115.0,6.4,368.0,2.1,818.0
2015-04-01,충청남도,1601.0,9.5,1233.0,7.3,1027.0,6.1,368.0,2.2,993.0
2015-05-01,충청남도,1643.0,9.43,1209.0,6.9,1125.0,6.5,434.0,2.5,923.0
2015-06-01,충청남도,1526.0,9.04,1145.0,6.8,1066.0,6.3,381.0,2.3,908.0
2015-07-01,충청남도,1517.0,8.69,1124.0,6.4,943.0,5.4,393.0,2.3,179.0
2015-08-01,충청남도,1505.0,8.62,1124.0,6.4,852.0,4.9,381.0,2.2,1793.0
2015-09-01,충청남도,1512.0,8.94,1110.0,6.6,738.0,4.4,402.0,2.4,493.0
2015-10-01,충청남도,1562.0,8.93,1201.0,6.9,964.0,5.5,361.0,2.1,529.0
2015-11-01,충청남도,1440.0,8.5,1171.0,6.9,1042.0,6.2,269.0,1.6,1281.0
2015-12-01,충청남도,1302.0,7.43,1243.0,7.1,1418.0,8.1,59.0,0.3,2422.0
2016-01-01,충청남도,1700.0,9.73,1235.0,7.1,965.0,5.5,465.0,2.7,609.0
2016-02-01,충청남도,1513.0,9.25,1276.0,7.8,929.0,5.7,237.0,1.4,1093.0
2016-03-01,충청남도,1652.0,9.44,1345.0,7.7,1089.0,6.2,307.0,1.8,784.0
2016-04-01,충청남도,1473.0,8.69,1080.0,6.4,970.0,5.7,393.0,2.3,813.0
2016-05-01,충청남도,1407.0,8.03,1149.0,6.6,1094.0,6.2,258.0,1.5,1235.0
2016-06-01,충청남도,1429.0,8.42,1110.0,6.5,974.0,5.7,319.0,1.9,1387.0
2016-07-01,충청남도,1465.0,8.35,1188.0,6.8,882.0,5.0,277.0,1.6,518.0
2016-08-01,충청남도,1386.0,7.89,1233.0,7.0,956.0,5.4,153.0,0.9,1237.0
2016-09-01,충청남도,1466.0,8.62,1179.0,6.9,736.0,4.3,287.0,1.7,1291.0
2016-10-01,충청남도,1320.0,7.51,1210.0,6.9,976.0,5.6,110.0,0.6,1506.0
2016-11-01,충청남도,1314.0,7.71,1226.0,7.2,1006.0,5.9,88.0,0.5,2087.0
2016-12-01,충청남도,1177.0,6.68,1369.0,7.8,1215.0,6.9,-192.0,-1.1,2758.0
2017-01-01,충청남도,1544.0,8.73,1397.0,7.9,1010.0,5.7,147.0,0.8,630.0
2017-02-01,충청남도,1323.0,8.27,1202.0,7.5,863.0,5.4,121.0,0.8,2411.0
2017-03-01,충청남도,1467.0,8.28,1296.0,7.3,1033.0,5.8,171.0,1.0,2317.0
2017-04-01,충청남도,1337.0,7.79,1226.0,7.1,823.0,4.8,111.0,0.6,1947.0
2017-05-01,충청남도,1318.0,7.42,1319.0,7.4,1089.0,6.1,-1.0,0.0,1472.0
2017-06-01,충청남도,1235.0,7.18,1182.0,6.9,895.0,5.2,53.0,0.3,1754.0
2017-07-01,충청남도,1289.0,7.25,1218.0,6.8,712.0,4.0,71.0,0.4,1505.0
2017-08-01,충청남도,1355.0,7.61,1216.0,6.8,827.0,4.6,139.0,0.8,2010.0
2017-09-01,충청남도,1343.0,7.79,1228.0,7.1,751.0,4.4,115.0,0.7,1449.0
2017-10-01,충청남도,1161.0,6.51,1348.0,7.6,716.0,4.0,-187.0,-1.0,1280.0
2017-11-01,충청남도,1187.0,6.88,1263.0,7.3,1040.0,6.0,-76.0,-0.4,1312.0
2017-12-01,충청남도,1111.0,6.22,1426.0,8.0,1202.0,6.7,-315.0,-1.8,1314.0
2018-01-01,충청남도,1424.0,8.0,1646.0,9.2,1026.0,5.7,-222.0,-1.2,1070.0
2018-02-01,충청남도,1236.0,7.7,1344.0,8.3,819.0,5.1,-108.0,-0.7,655.0
2018-03-01,충청남도,1378.0,7.7,1378.0,7.7,984.0,5.5,0.0,0.0,1334.0
2018-04-01,충청남도,1197.0,6.9,1254.0,7.2,921.0,5.3,-57.0,-0.3,1166.0
2018-05-01,충청남도,1222.0,6.8,1231.0,6.9,1087.0,6.1,-9.0,-0.1,883.0
2018-06-01,충청남도,1139.0,6.6,1166.0,6.7,872.0,5.0,-27.0,-0.2,608.0
2018-07-01,충청남도,1195.0,6.7,1275.0,7.1,838.0,4.7,-80.0,-0.4,251.0
2018-08-01,충청남도,1208.0,6.7,1260.0,7.0,828.0,4.6,-52.0,-0.3,813.0
2018-09-01,충청남도,1190.0,6.9,1174.0,6.8,613.0,3.5,16.0,0.1,362.0
2018-10-01,충청남도,1111.0,6.2,1379.0,7.7,893.0,5.0,-268.0,-1.5,836.0
2018-11-01,충청남도,1111.0,6.4,1312.0,7.6,966.0,5.6,-201.0,-1.2,1003.0
2018-12-01,충청남도,969.0,5.4,1383.0,7.7,1123.0,6.3,-414.0,-2.3,1103.0
2019-01-01,충청남도,1327.0,7.4,1396.0,7.8,885.0,4.9,-69.0,-0.4,-279.0
2019-02-01,충청남도,1170.0,7.2,1200.0,7.4,742.0,4.6,-30.0,-0.2,-483.0
2019-03-01,충청남도,1191.0,6.6,1375.0,7.7,836.0,4.7,-184.0,-1.0,530.0
2019-04-01,충청남도,1179.0,6.8,1227.0,7.1,819.0,4.7,-48.0,-0.3,172.0
2019-05-01,충청남도,1101.0,6.1,1313.0,7.3,946.0,5.3,-212.0,-1.2,-110.0
2019-06-01,충청남도,1081.0,6.2,1241.0,7.2,740.0,4.3,-160.0,-0.9,331.0
2019-07-01,충청남도,1130.0,6.3,1216.0,6.8,816.0,4.6,-86.0,-0.5,-457.0
2019-08-01,충청남도,1078.0,6.0,1241.0,6.9,725.0,4.0,-163.0,-0.9,-92.0
2019-09-01,충청남도,978.0,5.6,1261.0,7.3,633.0,3.6,-283.0,-1.6,-79.0
2019-10-01,충청남도,1063.0,5.9,1345.0,7.5,814.0,4.5,-282.0,-1.6,-52.0
2019-11-01,충청남도,1019.0,5.9,1390.0,8.0,847.0,4.9,-371.0,-2.1,-66.0
2019-12-01,충청남도,911.0,5.1,1391.0,7.8,1023.0,5.7,-480.0,-2.7,-209.0
2020-01-01,충청남도,1204.0,6.7,1498.0,8.4,825.0,4.6,-294.0,-1.6,-944.0
2020-02-01,충청남도,987.0,5.9,1333.0,8.0,830.0,5.0,-346.0,-2.1,-1114.0
2020-03-01,충청남도,1106.0,6.2,1336.0,7.5,761.0,4.3,-230.0,-1.3,-1007.0
2020-04-01,충청남도,1064.0,6.2,1322.0,7.7,599.0,3.5,-258.0,-1.5,-1069.0
2020-05-01,충청남도,965.0,5.4,1210.0,6.8,712.0,4.0,-245.0,-1.4,226.0
2020-06-01,충청남도,977.0,5.7,1200.0,7.0,720.0,4.2,-223.0,-1.3,1560.0
2020-07-01,충청남도,1041.0,5.8,1302.0,7.3,665.0,3.7,-261.0,-1.5,1034.0
2020-08-01,충청남도,996.0,5.6,1384.0,7.8,605.0,3.4,-388.0,-2.2,24.0
2020-09-01,충청남도,1004.0,5.8,1251.0,7.2,592.0,3.4,-247.0,-1.4,178.0
2020-10-01,충청남도,910.0,5.1,1417.0,7.9,632.0,3.5,-507.0,-2.8,274.0
2020-11-01,충청남도,913.0,5.3,1368.0,7.9,691.0,4.0,-455.0,-2.6,650.0
2020-12-01,충청남도,783.0,4.4,1401.0,7.9,861.0,4.8,-618.0,-3.5,929.0
2021-01-01,충청남도,1032.0,5.8,1434.0,8.0,649.0,3.6,-402.0,-2.2,-729.0
2021-02-01,충청남도,898.0,5.6,1172.0,7.3,605.0,3.7,-274.0,-1.7,-147.0
2021-03-01,충청남도,1066.0,6.0,1369.0,7.7,692.0,3.9,-303.0,-1.7,1190.0
2021-04-01,충청남도,952.0,5.5,1260.0,7.3,671.0,3.9,-308.0,-1.8,1180.0
2021-05-01,충청남도,901.0,5.0,1292.0,7.2,680.0,3.8,-391.0,-2.2,1253.0
2021-06-01,충청남도,897.0,5.2,1293.0,7.5,666.0,3.8,-396.0,-2.3,956.0
2021-07-01,충청남도,974.0,5.4,1319.0,7.4,633.0,3.5,-345.0,-1.9,1034.0
2021-08-01,충청남도,943.0,5.3,1285.0,7.2,629.0,3.5,-342.0,-1.9,289.0
2021-09-01,충청남도,949.0,5.5,1303.0,7.5,554.0,3.2,-354.0,-2.0,131.0
2021-10-01,충청남도,815.0,4.5,1452.0,8.1,632.0,3.5,-637.0,-3.6,1386.0
2021-11-01,충청남도,840.0,4.8,1496.0,8.6,762.0,4.4,-656.0,-3.8,1374.0
2021-12-01,충청남도,717.0,4.0,1652.0,9.2,843.0,4.7,-935.0,-5.2,605.0
2022-01-01,충청남도,980.0,5.5,1495.0,8.3,599.0,3.3,-515.0,-2.9,-118.0
2022-02-01,충청남도,829.0,5.1,1449.0,8.9,647.0,4.0,-620.0,-3.8,882.0
2022-03-01,충청남도,978.0,5.5,2239.0,12.5,609.0,3.4,-1262.0,-7.0,1125.0
2022-04-01,충청남도,875.0,5.0,2073.0,11.9,647.0,3.7,-1198.0,-6.9,1381.0
2022-05-01,충청남도,789.0,4.4,1471.0,8.2,764.0,4.3,-682.0,-3.8,1151.0
2022-06-01,충청남도,754.0,4.3,1370.0,7.9,662.0,3.8,-616.0,-3.6,1114.0
2000-01-01,충청북도,1903.0,15.06,924.0,7.3,828.0,6.6,979.0,7.7,-989.0
2000-02-01,충청북도,1722.0,14.57,878.0,7.4,753.0,6.4,844.0,7.1,-726.0
2000-03-01,충청북도,1805.0,14.28,873.0,6.9,918.0,7.3,932.0,7.4,-287.0
2000-04-01,충청북도,1647.0,13.46,873.0,7.1,898.0,7.3,774.0,6.3,-396.0
2000-05-01,충청북도,1652.0,13.05,865.0,6.8,970.0,7.7,787.0,6.2,-156.0
2000-06-01,충청북도,1436.0,11.72,828.0,6.8,794.0,6.5,608.0,5.0,-185.0
2000-07-01,충청북도,1485.0,11.72,770.0,6.1,573.0,4.5,715.0,5.6,-391.0
2000-08-01,충청북도,1536.0,12.12,808.0,6.4,549.0,4.3,728.0,5.7,-311.0
2000-09-01,충청북도,1568.0,12.79,843.0,6.9,469.0,3.8,725.0,5.9,91.0
2000-10-01,충청북도,1674.0,13.21,883.0,7.0,808.0,6.4,791.0,6.2,41.0
2000-11-01,충청북도,1592.0,12.97,948.0,7.7,995.0,8.1,644.0,5.2,-186.0
2000-12-01,충청북도,1608.0,12.68,867.0,6.8,1031.0,8.1,741.0,5.8,-909.0
2001-01-01,충청북도,1841.0,14.47,848.0,6.7,796.0,6.3,993.0,7.8,-299.0
2001-02-01,충청북도,1642.0,14.28,790.0,6.9,727.0,6.3,852.0,7.4,-486.0
2001-03-01,충청북도,1715.0,13.47,877.0,6.9,877.0,6.9,838.0,6.6,120.0
2001-04-01,충청북도,1558.0,12.63,825.0,6.7,929.0,7.5,733.0,5.9,235.0
2001-05-01,충청북도,1508.0,11.83,814.0,6.4,1031.0,8.1,694.0,5.4,-753.0
2001-06-01,충청북도,1288.0,10.44,731.0,5.9,703.0,5.7,557.0,4.5,-880.0
2001-07-01,충청북도,1181.0,9.27,730.0,5.7,556.0,4.4,451.0,3.5,-652.0
2001-08-01,충청북도,1204.0,9.45,761.0,6.0,511.0,4.0,443.0,3.5,-892.0
2001-09-01,충청북도,1463.0,11.87,776.0,6.3,486.0,3.9,687.0,5.6,-817.0
2001-10-01,충청북도,1318.0,10.36,861.0,6.8,632.0,5.0,457.0,3.6,-520.0
2001-11-01,충청북도,1348.0,10.94,847.0,6.9,985.0,8.0,501.0,4.1,-1104.0
2001-12-01,충청북도,1256.0,9.88,871.0,6.8,1092.0,8.6,385.0,3.0,-2480.0
2002-01-01,충청북도,1546.0,12.16,810.0,6.4,835.0,6.6,736.0,5.8,288.0
2002-02-01,충청북도,1341.0,11.68,727.0,6.3,555.0,4.8,614.0,5.3,-1485.0
2002-03-01,충청북도,1434.0,11.28,856.0,6.7,737.0,5.8,578.0,4.5,114.0
2002-04-01,충청북도,1319.0,10.72,860.0,7.0,816.0,6.6,459.0,3.7,-812.0
2002-05-01,충청북도,1341.0,10.55,841.0,6.6,889.0,7.0,500.0,3.9,-479.0
2002-06-01,충청북도,1169.0,9.5,816.0,6.6,659.0,5.4,353.0,2.9,-518.0
2002-07-01,충청북도,1236.0,9.73,747.0,5.9,596.0,4.7,489.0,3.8,-1086.0
2002-08-01,충청북도,1240.0,9.76,804.0,6.3,520.0,4.1,436.0,3.4,-623.0
2002-09-01,충청북도,1222.0,9.94,828.0,6.7,445.0,3.6,394.0,3.2,-445.0
2002-10-01,충청북도,1198.0,9.43,929.0,7.3,686.0,5.4,269.0,2.1,-426.0
2002-11-01,충청북도,1184.0,9.64,898.0,7.3,904.0,7.4,286.0,2.3,-820.0
2002-12-01,충청북도,1099.0,8.67,927.0,7.3,1042.0,8.2,172.0,1.4,-1910.0
2003-01-01,충청북도,1398.0,11.03,837.0,6.6,689.0,5.4,561.0,4.4,-804.0
2003-02-01,충청북도,1199.0,10.47,782.0,6.8,600.0,5.2,417.0,3.6,-1027.0
2003-03-01,충청북도,1305.0,10.3,818.0,6.5,732.0,5.8,487.0,3.8,-859.0
2003-04-01,충청북도,1222.0,9.97,860.0,7.0,792.0,6.5,362.0,3.0,-262.0
2003-05-01,충청북도,1182.0,9.33,825.0,6.5,780.0,6.2,357.0,2.8,-620.0
2003-06-01,충청북도,1084.0,8.85,803.0,6.6,638.0,5.2,281.0,2.3,-425.0
2003-07-01,충청북도,1221.0,9.65,795.0,6.3,617.0,4.9,426.0,3.4,-37.0
2003-08-01,충청북도,1108.0,8.8,780.0,6.2,494.0,3.9,328.0,2.6,356.0
2003-09-01,충청북도,1226.0,10.05,810.0,6.6,474.0,3.9,416.0,3.4,107.0
2003-10-01,충청북도,1364.0,10.77,883.0,7.0,817.0,6.5,481.0,3.8,-238.0
2003-11-01,충청북도,1185.0,9.67,874.0,7.1,778.0,6.3,311.0,2.5,7.0
2003-12-01,충청북도,1156.0,9.13,845.0,6.7,1012.0,8.0,311.0,2.5,-2279.0
2004-01-01,충청북도,1409.0,11.16,774.0,6.1,678.0,5.4,635.0,5.0,10.0
2004-02-01,충청북도,1263.0,10.69,796.0,6.7,654.0,5.5,467.0,4.0,-695.0
2004-03-01,충청북도,1343.0,10.64,873.0,6.9,840.0,6.7,470.0,3.7,-304.0
2004-04-01,충청북도,1173.0,9.6,812.0,6.6,608.0,5.0,361.0,3.0,-19.0
2004-05-01,충청북도,1176.0,9.31,819.0,6.5,742.0,5.9,357.0,2.8,-485.0
2004-06-01,충청북도,1041.0,8.52,738.0,6.0,733.0,6.0,303.0,2.5,-370.0
2004-07-01,충청북도,1212.0,9.59,737.0,5.8,603.0,4.8,475.0,3.8,822.0
2004-08-01,충청북도,1186.0,9.38,786.0,6.2,515.0,4.1,400.0,3.2,-206.0
2004-09-01,충청북도,1205.0,9.86,720.0,5.9,461.0,3.8,485.0,4.0,-950.0
2004-10-01,충청북도,1184.0,9.38,865.0,6.9,648.0,5.1,319.0,2.5,-810.0
2004-11-01,충청북도,1077.0,8.82,793.0,6.5,880.0,7.2,284.0,2.3,-1426.0
2004-12-01,충청북도,1062.0,8.42,892.0,7.1,1172.0,9.3,170.0,1.3,-1384.0
2005-01-01,충청북도,1272.0,10.06,843.0,6.7,662.0,5.2,429.0,3.4,-995.0
2005-02-01,충청북도,1089.0,9.54,782.0,6.9,501.0,4.4,307.0,2.7,-1148.0
2005-03-01,충청북도,1254.0,9.92,880.0,7.0,759.0,6.0,374.0,3.0,-148.0
2005-04-01,충청북도,1115.0,9.11,830.0,6.8,679.0,5.5,285.0,2.3,-132.0
2005-05-01,충청북도,1041.0,8.23,818.0,6.5,832.0,6.6,223.0,1.8,-153.0
2005-06-01,충청북도,934.0,7.63,735.0,6.0,712.0,5.8,199.0,1.6,-65.0
2005-07-01,충청북도,1021.0,8.07,788.0,6.2,531.0,4.2,233.0,1.8,-117.0
2005-08-01,충청북도,1096.0,8.66,715.0,5.7,559.0,4.4,381.0,3.0,-168.0
2005-09-01,충청북도,1163.0,9.5,691.0,5.6,484.0,4.0,472.0,3.9,-89.0
2005-10-01,충청북도,1117.0,8.83,897.0,7.1,717.0,5.7,220.0,1.7,64.0
2005-11-01,충청북도,1064.0,8.69,813.0,6.6,836.0,6.8,251.0,2.0,-238.0
2005-12-01,충청북도,998.0,7.89,935.0,7.4,1118.0,8.8,63.0,0.5,-1519.0
2006-01-01,충청북도,1262.0,9.98,811.0,6.4,740.0,5.9,451.0,3.6,-681.0
2006-02-01,충청북도,1101.0,9.64,769.0,6.7,632.0,5.5,332.0,2.9,-485.0
2006-03-01,충청북도,1135.0,8.98,891.0,7.0,768.0,6.1,244.0,1.9,-56.0
2006-04-01,충청북도,1108.0,9.05,781.0,6.4,707.0,5.8,327.0,2.7,406.0
2006-05-01,충청북도,1145.0,9.05,803.0,6.3,873.0,6.9,342.0,2.7,387.0
2006-06-01,충청북도,1038.0,8.47,766.0,6.3,824.0,6.7,272.0,2.2,587.0
2006-07-01,충청북도,1099.0,8.68,729.0,5.8,658.0,5.2,370.0,2.9,1082.0
2006-08-01,충청북도,1132.0,8.93,800.0,6.3,635.0,5.0,332.0,2.6,317.0
2006-09-01,충청북도,1116.0,9.09,768.0,6.3,523.0,4.3,348.0,2.8,701.0
2006-10-01,충청북도,1102.0,8.68,810.0,6.4,628.0,4.9,292.0,2.3,212.0
2006-11-01,충청북도,1077.0,8.77,824.0,6.7,981.0,8.0,253.0,2.1,-43.0
2006-12-01,충청북도,1051.0,8.28,803.0,6.3,1322.0,10.4,248.0,2.0,-677.0
2007-01-01,충청북도,1263.0,9.95,875.0,6.9,915.0,7.2,388.0,3.1,93.0
2007-02-01,충청북도,1168.0,10.18,762.0,6.6,758.0,6.6,406.0,3.5,103.0
2007-03-01,충청북도,1286.0,10.12,852.0,6.7,788.0,6.2,434.0,3.4,550.0
2007-04-01,충청북도,1223.0,9.94,801.0,6.5,831.0,6.8,422.0,3.4,536.0
2007-05-01,충청북도,1233.0,9.69,805.0,6.3,884.0,6.9,428.0,3.4,548.0
2007-06-01,충청북도,1159.0,9.4,763.0,6.2,754.0,6.1,396.0,3.2,345.0
2007-07-01,충청북도,1174.0,9.21,756.0,5.9,715.0,5.6,418.0,3.3,669.0
2007-08-01,충청북도,1305.0,10.23,772.0,6.1,692.0,5.4,533.0,4.2,530.0
2007-09-01,충청북도,1362.0,11.02,792.0,6.4,489.0,4.0,570.0,4.6,477.0
2007-10-01,충청북도,1465.0,11.47,856.0,6.7,874.0,6.8,609.0,4.8,747.0
2007-11-01,충청북도,1266.0,10.24,802.0,6.5,993.0,8.0,464.0,3.8,746.0
2007-12-01,충청북도,1098.0,8.58,854.0,6.7,1141.0,8.9,244.0,1.9,348.0
2008-01-01,충청북도,1410.0,11.05,880.0,6.9,860.0,6.7,530.0,4.2,-48.0
2008-02-01,충청북도,1190.0,9.96,834.0,7.0,667.0,5.6,356.0,3.0,543.0
2008-03-01,충청북도,1275.0,9.98,904.0,7.1,871.0,6.8,371.0,2.9,959.0
2008-04-01,충청북도,1140.0,9.21,826.0,6.7,779.0,6.3,314.0,2.5,873.0
2008-05-01,충청북도,1110.0,8.67,813.0,6.3,873.0,6.8,297.0,2.3,946.0
2008-06-01,충청북도,1085.0,8.75,722.0,5.8,798.0,6.4,363.0,2.9,575.0
2008-07-01,충청북도,1162.0,9.06,735.0,5.7,731.0,5.7,427.0,3.3,332.0
2008-08-01,충청북도,1143.0,8.91,775.0,6.0,626.0,4.9,368.0,2.9,594.0
2008-09-01,충청북도,1195.0,9.62,707.0,5.7,566.0,4.6,488.0,3.9,1033.0
2008-10-01,충청북도,1167.0,9.08,863.0,6.7,736.0,5.7,304.0,2.4,1027.0
2008-11-01,충청북도,1123.0,9.02,833.0,6.7,850.0,6.8,290.0,2.3,234.0
2008-12-01,충청북도,1064.0,8.27,825.0,6.4,1155.0,9.0,239.0,1.9,-155.0
2009-01-01,충청북도,1391.0,10.78,869.0,6.7,766.0,5.9,522.0,4.0,-359.0
2009-02-01,충청북도,1102.0,9.45,791.0,6.8,645.0,5.5,311.0,2.7,-104.0
2009-03-01,충청북도,1242.0,9.62,890.0,6.9,773.0,6.0,352.0,2.7,200.0
2009-04-01,충청북도,1182.0,9.46,781.0,6.2,670.0,5.4,401.0,3.2,552.0
2009-05-01,충청북도,1110.0,8.59,866.0,6.7,816.0,6.3,244.0,1.9,215.0
2009-06-01,충청북도,1054.0,8.42,878.0,7.0,736.0,5.9,176.0,1.4,508.0
2009-07-01,충청북도,1155.0,8.93,770.0,6.0,631.0,4.9,385.0,3.0,217.0
2009-08-01,충청북도,1102.0,8.51,778.0,6.0,595.0,4.6,324.0,2.5,151.0
2009-09-01,충청북도,1255.0,10.01,802.0,6.4,605.0,4.8,453.0,3.6,600.0
2009-10-01,충청북도,1106.0,8.53,886.0,6.8,638.0,4.9,220.0,1.7,637.0
2009-11-01,충청북도,1150.0,9.16,824.0,6.6,762.0,6.1,326.0,2.6,200.0
2009-12-01,충청북도,1054.0,8.12,850.0,6.6,1029.0,7.9,204.0,1.6,-296.0
2010-01-01,충청북도,1341.0,10.34,811.0,6.3,715.0,5.5,530.0,4.1,-218.0
2010-02-01,충청북도,1181.0,10.07,709.0,6.0,643.0,5.5,472.0,4.0,12.0
2010-03-01,충청북도,1258.0,9.69,916.0,7.1,774.0,6.0,342.0,2.6,4.0
2010-04-01,충청북도,1169.0,9.3,835.0,6.6,822.0,6.5,334.0,2.7,246.0
2010-05-01,충청북도,1116.0,8.59,816.0,6.3,849.0,6.5,300.0,2.3,424.0
2010-06-01,충청북도,1139.0,9.05,766.0,6.1,814.0,6.5,373.0,3.0,918.0
2010-07-01,충청북도,1206.0,9.26,751.0,5.8,640.0,4.9,455.0,3.5,422.0
2010-08-01,충청북도,1179.0,9.05,771.0,5.9,668.0,5.1,408.0,3.1,399.0
2010-09-01,충청북도,1356.0,10.75,768.0,6.1,579.0,4.6,588.0,4.7,516.0
2010-10-01,충청북도,1321.0,10.13,919.0,7.0,705.0,5.4,402.0,3.1,738.0
2010-11-01,충청북도,1310.0,10.38,889.0,7.0,884.0,7.0,421.0,3.3,1113.0
2010-12-01,충청북도,1094.0,8.38,874.0,6.7,1078.0,8.3,220.0,1.7,1390.0
2011-01-01,충청북도,1473.0,11.27,910.0,7.0,769.0,5.9,563.0,4.3,551.0
2011-02-01,충청북도,1169.0,9.89,828.0,7.0,690.0,5.8,341.0,2.9,696.0
2011-03-01,충청북도,1355.0,10.35,864.0,6.6,828.0,6.3,491.0,3.8,599.0
2011-04-01,충청북도,1260.0,9.94,801.0,6.3,782.0,6.2,459.0,3.6,958.0
2011-05-01,충청북도,1183.0,9.02,906.0,6.9,924.0,7.0,277.0,2.1,612.0
2011-06-01,충청북도,1157.0,9.11,841.0,6.6,782.0,6.2,316.0,2.5,440.0
2011-07-01,충청북도,1215.0,9.25,774.0,5.9,611.0,4.7,441.0,3.4,674.0
2011-08-01,충청북도,1263.0,9.61,839.0,6.4,714.0,5.4,424.0,3.2,771.0
2011-09-01,충청북도,1294.0,10.17,787.0,6.2,569.0,4.5,507.0,4.0,635.0
2011-10-01,충청북도,1236.0,9.39,858.0,6.5,817.0,6.2,378.0,2.9,873.0
2011-11-01,충청북도,1125.0,8.82,839.0,6.6,916.0,7.2,286.0,2.2,1070.0
2011-12-01,충청북도,1074.0,8.15,929.0,7.0,1140.0,8.6,145.0,1.1,200.0
2012-01-01,충청북도,1407.0,10.7,957.0,7.3,823.0,6.3,450.0,3.4,-110.0
2012-02-01,충청북도,1247.0,10.14,948.0,7.7,785.0,6.4,299.0,2.4,-248.0
2012-03-01,충청북도,1386.0,10.54,925.0,7.0,782.0,5.9,461.0,3.5,769.0
2012-04-01,충청북도,1262.0,9.91,868.0,6.8,791.0,6.2,394.0,3.1,711.0
2012-05-01,충청북도,1231.0,9.35,918.0,7.0,740.0,5.6,313.0,2.4,367.0
2012-06-01,충청북도,1174.0,9.2,761.0,6.0,721.0,5.7,413.0,3.2,596.0
2012-07-01,충청북도,1313.0,9.98,768.0,5.8,681.0,5.2,545.0,4.1,604.0
2012-08-01,충청북도,1313.0,9.99,809.0,6.2,683.0,5.2,504.0,3.8,218.0
2012-09-01,충청북도,1285.0,10.1,817.0,6.4,564.0,4.4,468.0,3.7,598.0
2012-10-01,충청북도,1352.0,10.27,909.0,6.9,728.0,5.5,443.0,3.4,864.0
2012-11-01,충청북도,1152.0,9.04,880.0,6.9,889.0,7.0,272.0,2.1,106.0
2012-12-01,충청북도,1017.0,7.72,918.0,7.0,1088.0,8.3,99.0,0.8,166.0
2013-01-01,충청북도,1337.0,10.12,899.0,6.8,854.0,6.5,438.0,3.3,-269.0
2013-02-01,충청북도,1155.0,9.68,788.0,6.6,718.0,6.0,367.0,3.1,-617.0
2013-03-01,충청북도,1219.0,9.23,945.0,7.2,687.0,5.2,274.0,2.1,-44.0
2013-04-01,충청북도,1173.0,9.17,932.0,7.3,677.0,5.3,241.0,1.9,621.0
2013-05-01,충청북도,1064.0,8.05,898.0,6.8,876.0,6.6,166.0,1.3,401.0
2013-06-01,충청북도,1069.0,8.35,824.0,6.4,786.0,6.1,245.0,1.9,1112.0
2013-07-01,충청북도,1214.0,9.17,811.0,6.1,819.0,6.2,403.0,3.0,84.0
2013-08-01,충청북도,1134.0,8.56,769.0,5.8,705.0,5.3,365.0,2.8,-54.0
2013-09-01,충청북도,1148.0,8.95,805.0,6.3,568.0,4.4,343.0,2.7,331.0
2013-10-01,충청북도,1081.0,8.15,934.0,7.0,758.0,5.7,147.0,1.1,889.0
2013-11-01,충청북도,1102.0,8.59,879.0,6.8,773.0,6.0,223.0,1.7,292.0
2013-12-01,충청북도,962.0,7.25,887.0,6.7,1086.0,8.2,75.0,0.6,367.0
2014-01-01,충청북도,1308.0,9.86,936.0,7.1,740.0,5.6,372.0,2.8,-270.0
2014-02-01,충청북도,1140.0,9.51,884.0,7.4,733.0,6.1,256.0,2.1,-147.0
2014-03-01,충청북도,1204.0,9.07,953.0,7.2,736.0,5.5,251.0,1.9,-337.0
2014-04-01,충청북도,1126.0,8.76,797.0,6.2,730.0,5.7,329.0,2.6,1269.0
2014-05-01,충청북도,1067.0,8.03,801.0,6.0,854.0,6.4,266.0,2.0,186.0
2014-06-01,충청북도,1090.0,8.47,815.0,6.3,699.0,5.4,275.0,2.1,697.0
2014-07-01,충청북도,1130.0,8.5,781.0,5.9,689.0,5.2,349.0,2.6,362.0
2014-08-01,충청북도,1139.0,8.56,805.0,6.0,590.0,4.4,334.0,2.5,319.0
2014-09-01,충청북도,1172.0,9.1,795.0,6.2,568.0,4.4,377.0,2.9,469.0
2014-10-01,충청북도,1080.0,8.11,831.0,6.2,763.0,5.7,249.0,1.9,198.0
2014-11-01,충청북도,979.0,7.59,845.0,6.6,709.0,5.5,134.0,1.0,-71.0
2014-12-01,충청북도,931.0,6.99,931.0,7.0,963.0,7.2,0.0,0.0,-308.0
2015-01-01,충청북도,1287.0,9.66,929.0,7.0,858.0,6.4,358.0,2.7,-652.0
2015-02-01,충청북도,1112.0,9.24,868.0,7.2,617.0,5.1,244.0,2.0,-644.0
2015-03-01,충청북도,1263.0,9.48,1037.0,7.8,779.0,5.8,226.0,1.7,232.0
2015-04-01,충청북도,1114.0,8.64,858.0,6.7,708.0,5.5,256.0,2.0,249.0
2015-05-01,충청북도,1119.0,8.4,890.0,6.7,797.0,6.0,229.0,1.7,481.0
2015-06-01,충청북도,1112.0,8.61,826.0,6.4,778.0,6.0,286.0,2.2,1766.0
2015-07-01,충청북도,1146.0,8.59,846.0,6.3,688.0,5.2,300.0,2.2,-672.0
2015-08-01,충청북도,1064.0,7.97,854.0,6.4,598.0,4.5,210.0,1.6,-319.0
2015-09-01,충청북도,1128.0,8.73,828.0,6.4,575.0,4.5,300.0,2.3,-26.0
2015-10-01,충청북도,1179.0,8.83,902.0,6.8,702.0,5.3,277.0,2.1,191.0
2015-11-01,충청북도,1065.0,8.24,892.0,6.9,787.0,6.1,173.0,1.3,121.0
2015-12-01,충청북도,974.0,7.29,908.0,6.8,985.0,7.4,66.0,0.5,711.0
2016-01-01,충청북도,1261.0,9.46,942.0,7.1,703.0,5.3,319.0,2.4,-182.0
2016-02-01,충청북도,1112.0,8.92,938.0,7.5,596.0,4.8,174.0,1.4,-468.0
2016-03-01,충청북도,1232.0,9.24,945.0,7.1,806.0,6.0,287.0,2.2,304.0
2016-04-01,충청북도,1008.0,7.81,854.0,6.6,652.0,5.1,154.0,1.2,806.0
2016-05-01,충청북도,1107.0,8.3,947.0,7.1,781.0,5.9,160.0,1.2,804.0
2016-06-01,충청북도,968.0,7.49,845.0,6.5,690.0,5.3,123.0,1.0,302.0
2016-07-01,충청북도,1111.0,8.32,882.0,6.6,566.0,4.2,229.0,1.7,367.0
2016-08-01,충청북도,1115.0,8.35,841.0,6.3,701.0,5.2,274.0,2.1,142.0
2016-09-01,충청북도,1045.0,8.08,846.0,6.5,539.0,4.2,199.0,1.5,305.0
2016-10-01,충청북도,994.0,7.44,912.0,6.8,690.0,5.2,82.0,0.6,574.0
2016-11-01,충청북도,981.0,7.58,891.0,6.9,769.0,5.9,90.0,0.7,1078.0
2016-12-01,충청북도,808.0,6.04,944.0,7.1,841.0,6.3,-136.0,-1.0,979.0
2017-01-01,충청북도,1056.0,7.86,953.0,7.1,685.0,5.1,103.0,0.8,12.0
2017-02-01,충청북도,969.0,7.99,924.0,7.6,657.0,5.4,45.0,0.4,272.0
2017-03-01,충청북도,1063.0,7.92,992.0,7.4,692.0,5.2,71.0,0.5,-234.0
2017-04-01,충청북도,962.0,7.4,875.0,6.7,636.0,4.9,87.0,0.7,730.0
2017-05-01,충청북도,984.0,7.32,884.0,6.6,866.0,6.4,100.0,0.7,-84.0
2017-06-01,충청북도,933.0,7.17,836.0,6.4,671.0,5.2,97.0,0.7,23.0
2017-07-01,충청북도,946.0,7.04,881.0,6.6,559.0,4.2,65.0,0.5,88.0
2017-08-01,충청북도,986.0,7.34,819.0,6.1,602.0,4.5,167.0,1.2,13.0
2017-09-01,충청북도,973.0,7.48,882.0,6.8,498.0,3.8,91.0,0.7,159.0
2017-10-01,충청북도,825.0,6.14,958.0,7.1,488.0,3.6,-133.0,-1.0,238.0
2017-11-01,충청북도,900.0,6.92,990.0,7.6,751.0,5.8,-90.0,-0.7,592.0
2017-12-01,충청북도,797.0,5.92,1110.0,8.3,885.0,6.6,-313.0,-2.3,453.0
2018-01-01,충청북도,1044.0,7.8,1241.0,9.2,764.0,5.7,-197.0,-1.5,-259.0
2018-02-01,충청북도,938.0,7.7,961.0,7.9,602.0,5.0,-23.0,-0.2,332.0
2018-03-01,충청북도,951.0,7.1,970.0,7.2,690.0,5.1,-19.0,-0.1,587.0
2018-04-01,충청북도,916.0,7.0,878.0,6.7,632.0,4.9,38.0,0.3,426.0
2018-05-01,충청북도,878.0,6.5,913.0,6.8,685.0,5.1,-35.0,-0.3,638.0
2018-06-01,충청북도,846.0,6.5,870.0,6.7,620.0,4.8,-24.0,-0.2,-81.0
2018-07-01,충청북도,959.0,7.1,904.0,6.7,589.0,4.4,55.0,0.4,343.0
2018-08-01,충청북도,882.0,6.5,826.0,6.1,614.0,4.6,56.0,0.4,63.0
2018-09-01,충청북도,828.0,6.4,870.0,6.7,415.0,3.2,-42.0,-0.3,303.0
2018-10-01,충청북도,808.0,6.0,903.0,6.7,694.0,5.1,-95.0,-0.7,1022.0
2018-11-01,충청북도,809.0,6.2,965.0,7.4,687.0,5.3,-156.0,-1.2,579.0
2018-12-01,충청북도,727.0,5.4,1033.0,7.7,835.0,6.2,-306.0,-2.3,1196.0
2019-01-01,충청북도,959.0,7.1,1024.0,7.6,644.0,4.8,-65.0,-0.5,156.0
2019-02-01,충청북도,784.0,6.4,893.0,7.3,579.0,4.8,-109.0,-0.9,-177.0
2019-03-01,충청북도,864.0,6.4,968.0,7.2,603.0,4.5,-104.0,-0.8,-37.0
2019-04-01,충청북도,841.0,6.4,983.0,7.5,614.0,4.7,-142.0,-1.1,838.0
2019-05-01,충청북도,765.0,5.7,929.0,6.9,669.0,5.0,-164.0,-1.2,474.0
2019-06-01,충청북도,721.0,5.5,844.0,6.5,544.0,4.2,-123.0,-0.9,-173.0
2019-07-01,충청북도,820.0,6.1,914.0,6.8,531.0,3.9,-94.0,-0.7,-206.0
2019-08-01,충청북도,759.0,5.6,906.0,6.7,529.0,3.9,-147.0,-1.1,137.0
2019-09-01,충청북도,697.0,5.3,892.0,6.8,459.0,3.5,-195.0,-1.5,120.0
2019-10-01,충청북도,788.0,5.8,1011.0,7.5,640.0,4.7,-223.0,-1.7,353.0
2019-11-01,충청북도,679.0,5.2,999.0,7.6,666.0,5.1,-320.0,-2.4,387.0
2019-12-01,충청북도,656.0,4.9,1000.0,7.4,761.0,5.6,-344.0,-2.5,693.0
2020-01-01,충청북도,853.0,6.3,1093.0,8.1,586.0,4.4,-240.0,-1.8,-423.0
2020-02-01,충청북도,730.0,5.8,994.0,7.9,603.0,4.8,-264.0,-2.1,-497.0
2020-03-01,충청북도,724.0,5.4,985.0,7.3,627.0,4.7,-261.0,-1.9,-725.0
2020-04-01,충청북도,737.0,5.7,906.0,7.0,453.0,3.5,-169.0,-1.3,-850.0
2020-05-01,충청북도,724.0,5.4,923.0,6.9,577.0,4.3,-199.0,-1.5,242.0
2020-06-01,충청북도,710.0,5.5,910.0,7.0,533.0,4.1,-200.0,-1.5,1094.0
2020-07-01,충청북도,712.0,5.3,925.0,6.9,491.0,3.7,-213.0,-1.6,563.0
2020-08-01,충청북도,726.0,5.4,895.0,6.7,477.0,3.5,-169.0,-1.3,307.0
2020-09-01,충청북도,715.0,5.5,904.0,6.9,489.0,3.8,-189.0,-1.5,404.0
2020-10-01,충청북도,707.0,5.3,1014.0,7.5,489.0,3.6,-307.0,-2.3,895.0
2020-11-01,충청북도,630.0,4.8,1012.0,7.8,602.0,4.6,-382.0,-2.9,868.0
2020-12-01,충청북도,639.0,4.7,1033.0,7.7,755.0,5.6,-394.0,-2.9,1576.0
2021-01-01,충청북도,771.0,5.7,1017.0,7.5,493.0,3.6,-246.0,-1.8,-903.0
2021-02-01,충청북도,661.0,5.4,969.0,7.9,432.0,3.5,-308.0,-2.5,-273.0
2021-03-01,충청북도,734.0,5.4,1013.0,7.5,510.0,3.8,-279.0,-2.1,-201.0
2021-04-01,충청북도,731.0,5.6,968.0,7.4,474.0,3.6,-237.0,-1.8,882.0
2021-05-01,충청북도,694.0,5.1,1003.0,7.4,497.0,3.7,-309.0,-2.3,954.0
2021-06-01,충청북도,684.0,5.2,947.0,7.2,535.0,4.1,-263.0,-2.0,1150.0
2021-07-01,충청북도,660.0,4.9,925.0,6.8,485.0,3.6,-265.0,-2.0,231.0
2021-08-01,충청북도,747.0,5.5,963.0,7.1,432.0,3.2,-216.0,-1.6,-104.0
2021-09-01,충청북도,649.0,5.0,928.0,7.1,397.0,3.0,-279.0,-2.1,-189.0
2021-10-01,충청북도,668.0,4.9,1042.0,7.7,493.0,3.6,-374.0,-2.8,464.0
2021-11-01,충청북도,631.0,4.8,1047.0,8.0,513.0,3.9,-416.0,-3.2,586.0
2021-12-01,충청북도,560.0,4.1,1111.0,8.2,621.0,4.6,-551.0,-4.1,865.0
2022-01-01,충청북도,762.0,5.6,1079.0,8.0,496.0,3.7,-317.0,-2.3,-64.0
2022-02-01,충청북도,644.0,5.3,1092.0,8.9,489.0,4.0,-448.0,-3.7,354.0
2022-03-01,충청북도,671.0,5.0,1617.0,12.0,502.0,3.7,-947.0,-7.0,1188.0
2022-04-01,충청북도,609.0,4.7,1354.0,10.3,514.0,3.9,-745.0,-5.7,610.0
2022-05-01,충청북도,595.0,4.4,1120.0,8.3,549.0,4.1,-525.0,-3.9,274.0
2022-06-01,충청북도,555.0,4.2,947.0,7.2,528.0,4.0,-392.0,-3.0,407.0
