Date,Region_ko,signal_type,signal_name,Natural_growth_prev,Natural_growth,Natural_growth_change,Net_migration_prev,Net_migration,Net_migration_change,Natural_growth_z,Net_migration_z,Natural_growth_change_z,Net_migration_change_z,Signal_score,reason,rank_in_type,severity
2003-12-01,전북특별자치도,migration_reverse,순이동 방향 반전,116.0,235.0,119.0,-3384.0,22484.0,25868.0,-0.4226253199193856,2.612777743663749,-0.39105648336291515,3.399550308916848,6.012,전년 동월과 비교해 순유입·순유출 방향이 반대로 바뀌었고 변화 강도도 크게 나타남,1,HIGH
2001-12-01,전북특별자치도,migration_reverse,순이동 방향 반전,713.0,491.0,-222.0,-610.0,18457.0,19067.0,-0.3929342381195383,2.355673675895481,0.38439745045005674,3.3969420598617273,5.753,전년 동월과 비교해 순유입·순유출 방향이 반대로 바뀌었고 변화 강도도 크게 나타남,2,HIGH
2021-02-01,서울특별시,migration_reverse,순이동 방향 반전,167.0,50.0,-117.0,3305.0,-9415.0,-12720.0,0.46107608538010864,-1.6608917062564617,-1.6231047394200682,-3.493425512845194,5.154,전년 동월과 비교해 순유입·순유출 방향이 반대로 바뀌었고 변화 강도도 크게 나타남,3,HIGH
2021-01-01,서울특별시,migration_reverse,순이동 방향 반전,497.0,296.0,-201.0,3946.0,-10440.0,-14386.0,0.7606799453386753,-1.7959202406502384,-0.8921498808615668,-3.122264547451867,4.918,전년 동월과 비교해 순유입·순유출 방향이 반대로 바뀌었고 변화 강도도 크게 나타남,4,HIGH
2014-09-01,경상북도,migration_reverse,순이동 방향 반전,346.0,232.0,-114.0,-132.0,5772.0,5904.0,-0.40616503262939374,2.037036094490218,-0.9101441560046156,2.654657821519635,4.692,전년 동월과 비교해 순유입·순유출 방향이 반대로 바뀌었고 변화 강도도 크게 나타남,5,HIGH
2010-02-01,서울특별시,migration_reverse,순이동 방향 반전,4106.0,4153.0,47.0,7663.0,-5321.0,-12984.0,0.5038343730407465,-1.3364178735788588,0.6592075902367772,-3.308381393809192,4.645,전년 동월과 비교해 순유입·순유출 방향이 반대로 바뀌었고 변화 강도도 크게 나타남,6,HIGH
2019-02-01,서울특별시,migration_reverse,순이동 방향 반전,982.0,1187.0,205.0,-7234.0,3034.0,10268.0,0.9775226775581695,0.9259530293499376,1.7530446533389856,3.6713425391574104,4.597,전년 동월과 비교해 순유입·순유출 방향이 반대로 바뀌었고 변화 강도도 크게 나타남,7,HIGH
2020-01-01,서울특별시,migration_reverse,순이동 방향 반전,1273.0,497.0,-776.0,-94.0,3946.0,4040.0,1.0103745545569254,1.4207554267495004,-0.23456278462686977,3.1738431645216507,4.595,전년 동월과 비교해 순유입·순유출 방향이 반대로 바뀌었고 변화 강도도 크게 나타남,8,HIGH
2007-01-01,경상북도,migration_reverse,순이동 방향 반전,241.0,272.0,31.0,836.0,-3483.0,-4319.0,-0.42720333073670796,-1.0798647090387385,-0.40189811615437004,-3.3315455792388584,4.411,전년 동월과 비교해 순유입·순유출 방향이 반대로 바뀌었고 변화 강도도 크게 나타남,9,HIGH
2014-10-01,부산광역시,migration_reverse,순이동 방향 반전,548.0,501.0,-47.0,-1835.0,4568.0,6403.0,-0.3096446777702747,1.5341549276027397,-0.623416116403311,2.773184705646378,4.307,전년 동월과 비교해 순유입·순유출 방향이 반대로 바뀌었고 변화 강도도 크게 나타남,10,HIGH
2022-02-01,서울특별시,migration_reverse,순이동 방향 반전,50.0,-1059.0,-1109.0,-9415.0,3265.0,12680.0,-0.05677836394609788,1.9040006590662122,-0.3177115980790752,2.2818139347649,4.186,전년 동월과 비교해 순유입·순유출 방향이 반대로 바뀌었고 변화 강도도 크게 나타남,11,HIGH
2002-06-01,전라남도,migration_reverse,순이동 방향 반전,292.0,81.0,-211.0,11937.0,-4514.0,-16451.0,-0.46702156920470034,-0.6715551889938259,0.30064336687357307,-3.424353773549405,4.096,전년 동월과 비교해 순유입·순유출 방향이 반대로 바뀌었고 변화 강도도 크게 나타남,12,HIGH
2010-01-01,서울특별시,migration_reverse,순이동 방향 반전,5417.0,5219.0,-198.0,3430.0,-4124.0,-7554.0,0.5404719052950252,-1.2612473173452696,-1.1374008333326135,-2.6597447910993126,3.921,전년 동월과 비교해 순유입·순유출 방향이 반대로 바뀌었고 변화 강도도 크게 나타남,13,MEDIUM
2004-12-01,전북특별자치도,migration_reverse,순이동 방향 반전,235.0,189.0,-46.0,22484.0,-1598.0,-24082.0,-0.4185159638262001,-0.2164274424833047,0.4346130863395313,-3.6889223117399266,3.905,전년 동월과 비교해 순유입·순유출 방향이 반대로 바뀌었고 변화 강도도 크게 나타남,14,MEDIUM
2002-12-01,전북특별자치도,migration_reverse,순이동 방향 반전,491.0,116.0,-375.0,18457.0,-3384.0,-21841.0,-0.43136194108685944,-0.5190338609321848,0.32593700624583505,-3.3534767267312366,3.873,전년 동월과 비교해 순유입·순유출 방향이 반대로 바뀌었고 변화 강도도 크게 나타남,15,MEDIUM
2018-08-01,경기도,migration_surge,순이동 급증,3355.0,2504.0,-851.0,10764.0,16238.0,5474.0,2.085221380431107,3.4883582812537317,-0.4760122063989882,3.7882890295869065,3.788,전년 동월 대비 순이동 증가폭이 같은 시점의 다른 지역보다 매우 크게 나타남,1,MEDIUM
2018-07-01,경기도,migration_surge,순이동 급증,3353.0,2564.0,-789.0,8009.0,14907.0,6898.0,2.2358831166282904,3.386579232699188,-0.37096173311798614,3.7791817889848094,3.779,전년 동월 대비 순이동 증가폭이 같은 시점의 다른 지역보다 매우 크게 나타남,2,MEDIUM
2020-04-01,경기도,migration_surge,순이동 급증,2069.0,1394.0,-675.0,10213.0,20454.0,10241.0,2.6962725140082364,3.813758852881533,-0.3249279893917848,3.744600184985673,3.745,전년 동월 대비 순이동 증가폭이 같은 시점의 다른 지역보다 매우 크게 나타남,3,MEDIUM
2011-03-01,경기도,migration_drop,순이동 급감,6426.0,7109.0,683.0,16247.0,7354.0,-8893.0,0.9051822928202117,2.0830693127858195,1.2092429939060791,-3.7214513114445804,3.721,전년 동월 대비 순이동 감소폭이 같은 시점의 다른 지역보다 매우 크게 나타남,1,MEDIUM
2018-06-01,경기도,migration_surge,순이동 급증,3119.0,2558.0,-561.0,6047.0,13605.0,7558.0,1.9825328340828823,3.3631714820077665,-0.2910924765612176,3.6976695726340836,3.698,전년 동월 대비 순이동 증가폭이 같은 시점의 다른 지역보다 매우 크게 나타남,4,MEDIUM
2004-12-01,전북특별자치도,migration_drop,순이동 급감,235.0,189.0,-46.0,22484.0,-1598.0,-24082.0,-0.4185159638262001,-0.2164274424833047,0.4346130863395313,-3.6889223117399266,3.689,전년 동월 대비 순이동 감소폭이 같은 시점의 다른 지역보다 매우 크게 나타남,2,MEDIUM
2020-10-01,서울특별시,migration_drop,순이동 급감,715.0,-173.0,-888.0,-5060.0,-10312.0,-5252.0,0.30569257885279966,-2.69328119964607,-0.3475925075847406,-3.684280883186388,3.684,전년 동월 대비 순이동 감소폭이 같은 시점의 다른 지역보다 매우 크게 나타남,3,MEDIUM
2019-02-01,서울특별시,migration_surge,순이동 급증,982.0,1187.0,205.0,-7234.0,3034.0,10268.0,0.9775226775581695,0.9259530293499376,1.7530446533389856,3.6713425391574104,3.671,전년 동월 대비 순이동 증가폭이 같은 시점의 다른 지역보다 매우 크게 나타남,5,MEDIUM
2019-05-01,서울특별시,migration_surge,순이동 급증,1359.0,925.0,-434.0,-11298.0,-6328.0,4970.0,1.5082616575358951,-1.7115016442238509,-0.06999378507304523,3.66300702181171,3.663,전년 동월 대비 순이동 증가폭이 같은 시점의 다른 지역보다 매우 크게 나타남,6,MEDIUM
2004-02-01,전라남도,migration_reverse,순이동 방향 반전,244.0,190.0,-54.0,258.0,-5290.0,-5548.0,-0.44391974430331976,-0.8931931375386656,0.3771266124995796,-2.753201589921991,3.646,전년 동월과 비교해 순유입·순유출 방향이 반대로 바뀌었고 변화 강도도 크게 나타남,16,MEDIUM
2011-02-01,경기도,migration_drop,순이동 급감,5744.0,6198.0,454.0,14290.0,6922.0,-7368.0,0.9824139302833165,2.984242217386136,3.2398145342316718,-3.62975698649257,3.63,전년 동월 대비 순이동 감소폭이 같은 시점의 다른 지역보다 매우 크게 나타남,4,MEDIUM
2004-01-01,전북특별자치도,migration_drop,순이동 급감,616.0,579.0,-37.0,-3016.0,-21683.0,-18667.0,-0.3866587654485965,-2.6059518160591404,-0.5910962750363381,-3.630072151429306,3.63,전년 동월 대비 순이동 감소폭이 같은 시점의 다른 지역보다 매우 크게 나타남,5,MEDIUM
2011-04-01,경기도,migration_drop,순이동 급감,5747.0,6267.0,520.0,12999.0,5539.0,-7460.0,0.8635509269563789,1.7792130180717616,0.7379093253260538,-3.618283548533598,3.618,전년 동월 대비 순이동 감소폭이 같은 시점의 다른 지역보다 매우 크게 나타남,6,MEDIUM
2022-01-01,경기도,migration_drop,순이동 급감,1438.0,1057.0,-381.0,21144.0,5525.0,-15619.0,1.3218054763068154,3.144079932223765,-0.11904484874412005,-3.6075711111647815,3.608,전년 동월 대비 순이동 감소폭이 같은 시점의 다른 지역보다 매우 크게 나타남,7,MEDIUM
2019-01-01,서울특별시,migration_surge,순이동 급증,1050.0,1273.0,223.0,-7155.0,-94.0,7061.0,0.927642869896039,-0.030285701518859988,-0.054035649599375804,3.598463997402144,3.598,전년 동월 대비 순이동 증가폭이 같은 시점의 다른 지역보다 매우 크게 나타남,7,MEDIUM
2008-12-01,경기도,migration_drop,순이동 급감,5515.0,4883.0,-632.0,17504.0,8122.0,-9382.0,1.0243638996261122,3.0002173656291706,-0.9382572883579074,-3.5951259381179033,3.595,전년 동월 대비 순이동 감소폭이 같은 시점의 다른 지역보다 매우 크게 나타남,8,MEDIUM
2020-12-01,서울특별시,migration_drop,순이동 급감,-236.0,-577.0,-341.0,-3986.0,-11134.0,-7148.0,0.1368715605556362,-2.5498412392371157,-0.3760121845732958,-3.588653841335918,3.589,전년 동월 대비 순이동 감소폭이 같은 시점의 다른 지역보다 매우 크게 나타남,9,MEDIUM
2020-03-01,경기도,migration_surge,순이동 급증,2152.0,1543.0,-609.0,9363.0,21855.0,12492.0,2.740986215755905,3.8729418679859506,-0.2283438093785209,3.547517821942013,3.548,전년 동월 대비 순이동 증가폭이 같은 시점의 다른 지역보다 매우 크게 나타남,8,MEDIUM
2022-03-01,경기도,migration_drop,순이동 급감,1333.0,-2152.0,-3485.0,15135.0,2188.0,-12947.0,0.05028747496698251,1.7328848215801596,-0.3219978466495014,-3.533954962045687,3.534,전년 동월 대비 순이동 감소폭이 같은 시점의 다른 지역보다 매우 크게 나타남,11,MEDIUM
2013-12-01,경기도,migration_drop,순이동 급감,4608.0,3985.0,-623.0,15303.0,9687.0,-5616.0,1.3663890583703886,2.2068706276168717,-0.6527294139670283,-3.5343911418906435,3.534,전년 동월 대비 순이동 감소폭이 같은 시점의 다른 지역보다 매우 크게 나타남,10,MEDIUM
2002-10-01,경기도,migration_surge,순이동 급증,6740.0,5756.0,-984.0,23925.0,31334.0,7409.0,0.8353903742544242,3.504217561068825,-0.21786410813165696,3.5264301725864797,3.526,전년 동월 대비 순이동 증가폭이 같은 시점의 다른 지역보다 매우 크게 나타남,9,MEDIUM
2007-04-01,인천광역시,migration_reverse,순이동 방향 반전,1137.0,1213.0,76.0,-563.0,2436.0,2999.0,-0.23133682631355149,0.7546274043682176,-0.37084473582363453,2.7667635160972157,3.521,전년 동월과 비교해 순유입·순유출 방향이 반대로 바뀌었고 변화 강도도 크게 나타남,17,MEDIUM
2005-10-01,충청남도,migration_drop,순이동 급감,391.0,272.0,-119.0,4567.0,797.0,-3770.0,-0.4055612732821823,0.21903216696068561,0.3595254305300335,-3.520230641870311,3.52,전년 동월 대비 순이동 감소폭이 같은 시점의 다른 지역보다 매우 크게 나타남,12,MEDIUM
2011-01-01,경기도,migration_drop,순이동 급감,7004.0,7896.0,892.0,11609.0,8220.0,-3389.0,0.872804490803494,3.2437652970944812,0.7473540943175169,-3.4965929480961253,3.497,전년 동월 대비 순이동 감소폭이 같은 시점의 다른 지역보다 매우 크게 나타남,13,MEDIUM
2021-02-01,서울특별시,migration_drop,순이동 급감,167.0,50.0,-117.0,3305.0,-9415.0,-12720.0,0.46107608538010864,-1.6608917062564617,-1.6231047394200682,-3.493425512845194,3.493,전년 동월 대비 순이동 감소폭이 같은 시점의 다른 지역보다 매우 크게 나타남,14,MEDIUM
2018-04-01,경기도,migration_surge,순이동 급증,3377.0,2621.0,-756.0,6299.0,12780.0,6481.0,1.9974511884253139,3.0696821202384728,-0.47360899999211264,3.4902496815813424,3.49,전년 동월 대비 순이동 증가폭이 같은 시점의 다른 지역보다 매우 크게 나타남,10,MEDIUM
2019-09-01,서울특별시,migration_surge,순이동 급증,1261.0,730.0,-531.0,-7961.0,-5466.0,2495.0,1.2550583756990292,-1.7570904764238795,-0.3835586701032692,3.4829044727060534,3.483,전년 동월 대비 순이동 증가폭이 같은 시점의 다른 지역보다 매우 크게 나타남,11,MEDIUM
2018-09-01,서울특별시,migration_surge,순이동 급증,2082.0,1261.0,-821.0,-13331.0,-7961.0,5370.0,0.9186083160051466,-2.2301948925069515,-0.34791960683520284,3.482009808355064,3.482,전년 동월 대비 순이동 증가폭이 같은 시점의 다른 지역보다 매우 크게 나타남,12,MEDIUM
2017-02-01,서울특별시,migration_surge,순이동 급증,2637.0,2147.0,-490.0,-8211.0,-1548.0,6663.0,0.672333078324422,-0.5925002789475252,-0.33279133585695553,3.4805679612872407,3.481,전년 동월 대비 순이동 증가폭이 같은 시점의 다른 지역보다 매우 크게 나타남,13,MEDIUM
2007-11-01,경기도,migration_drop,순이동 급감,5936.0,6946.0,1010.0,14993.0,11018.0,-3975.0,0.8913815387181329,3.0299211569448583,0.4573124190021339,-3.4669731470535425,3.467,전년 동월 대비 순이동 감소폭이 같은 시점의 다른 지역보다 매우 크게 나타남,15,MEDIUM
2021-10-01,인천광역시,migration_reverse,순이동 방향 반전,-123.0,-180.0,-57.0,-270.0,3294.0,3564.0,0.37305912385116197,1.0872171425952368,0.37606476940164985,2.364101581719437,3.451,전년 동월과 비교해 순유입·순유출 방향이 반대로 바뀌었고 변화 강도도 크게 나타남,18,MEDIUM
2011-05-01,경기도,migration_drop,순이동 급감,5430.0,6013.0,583.0,12567.0,6272.0,-6295.0,0.939287667390021,2.0081667401961116,0.8647624291004447,-3.4418539641755856,3.442,전년 동월 대비 순이동 감소폭이 같은 시점의 다른 지역보다 매우 크게 나타남,16,MEDIUM
2005-11-01,충청남도,migration_drop,순이동 급감,265.0,186.0,-79.0,9794.0,1305.0,-8489.0,-0.4241292872729678,0.3142324245199422,0.33995833850606627,-3.439324481132546,3.439,전년 동월 대비 순이동 감소폭이 같은 시점의 다른 지역보다 매우 크게 나타남,17,MEDIUM
2002-06-01,전라남도,migration_drop,순이동 급감,292.0,81.0,-211.0,11937.0,-4514.0,-16451.0,-0.46702156920470034,-0.6715551889938259,0.30064336687357307,-3.424353773549405,3.424,전년 동월 대비 순이동 감소폭이 같은 시점의 다른 지역보다 매우 크게 나타남,18,MEDIUM
2021-09-01,인천광역시,migration_reverse,순이동 방향 반전,84.0,3.0,-81.0,-1336.0,3231.0,4567.0,0.4470947630840105,0.9435000061988085,0.35776670938811683,2.4710965152583655,3.415,전년 동월과 비교해 순유입·순유출 방향이 반대로 바뀌었고 변화 강도도 크게 나타남,19,MEDIUM
2003-08-01,경기도,migration_drop,순이동 급감,6094.0,5950.0,-144.0,25130.0,19102.0,-6028.0,0.8677857909376441,3.5989304111347655,0.1811887929247167,-3.408701386552378,3.409,전년 동월 대비 순이동 감소폭이 같은 시점의 다른 지역보다 매우 크게 나타남,19,MEDIUM
2002-04-01,경기도,migration_surge,순이동 급증,7464.0,6917.0,-547.0,22445.0,28200.0,5755.0,0.765632806823798,3.483163621678245,-0.019786042520175035,3.4012890982480877,3.401,전년 동월 대비 순이동 증가폭이 같은 시점의 다른 지역보다 매우 크게 나타남,14,MEDIUM
2003-12-01,전북특별자치도,migration_surge,순이동 급증,116.0,235.0,119.0,-3384.0,22484.0,25868.0,-0.4226253199193856,2.612777743663749,-0.39105648336291515,3.399550308916848,3.4,전년 동월 대비 순이동 증가폭이 같은 시점의 다른 지역보다 매우 크게 나타남,15,MEDIUM
2001-12-01,전북특별자치도,migration_surge,순이동 급증,713.0,491.0,-222.0,-610.0,18457.0,19067.0,-0.3929342381195383,2.355673675895481,0.38439745045005674,3.3969420598617273,3.397,전년 동월 대비 순이동 증가폭이 같은 시점의 다른 지역보다 매우 크게 나타남,16,MEDIUM
2022-04-01,경기도,migration_drop,순이동 급감,1430.0,-1332.0,-2762.0,12600.0,3588.0,-9012.0,0.11364322596196935,2.277515949891886,-0.4312065950840847,-3.3943850809859355,3.394,전년 동월 대비 순이동 감소폭이 같은 시점의 다른 지역보다 매우 크게 나타남,20,MEDIUM
2008-10-01,인천광역시,migration_reverse,순이동 방향 반전,1521.0,1189.0,-332.0,2606.0,-1499.0,-4105.0,-0.21656915778690009,-0.5790861123366742,0.2536381518622344,-2.8137620330556294,3.393,전년 동월과 비교해 순유입·순유출 방향이 반대로 바뀌었고 변화 강도도 크게 나타남,20,MEDIUM
2017-03-01,서울특별시,migration_surge,순이동 급증,3276.0,2455.0,-821.0,-8820.0,-4699.0,4121.0,0.6540298103680415,-1.5606708426744051,-0.4139566958262565,3.3865822134260966,3.387,전년 동월 대비 순이동 증가폭이 같은 시점의 다른 지역보다 매우 크게 나타남,17,MEDIUM
2011-11-01,경기도,migration_drop,순이동 급감,6708.0,5836.0,-872.0,11967.0,6007.0,-5960.0,1.003517022491181,1.613104637093861,-0.6081359222328759,-3.3857795971275535,3.386,전년 동월 대비 순이동 감소폭이 같은 시점의 다른 지역보다 매우 크게 나타남,21,MEDIUM
2009-11-01,서울특별시,migration_drop,순이동 급감,3979.0,3876.0,-103.0,-5379.0,-13526.0,-8147.0,0.6332994338970689,-2.8158825549777506,0.19817023638102285,-3.385336099012882,3.385,전년 동월 대비 순이동 감소폭이 같은 시점의 다른 지역보다 매우 크게 나타남,22,MEDIUM
2003-10-01,경기도,migration_drop,순이동 급감,5756.0,6950.0,1194.0,31334.0,17735.0,-13599.0,0.8527809380790744,3.477514128731447,0.9388780019919897,-3.3760493594222516,3.376,전년 동월 대비 순이동 감소폭이 같은 시점의 다른 지역보다 매우 크게 나타남,23,MEDIUM
2001-07-01,경기도,migration_surge,순이동 급증,7631.0,6616.0,-1015.0,13723.0,20475.0,6752.0,0.7126013972878668,3.3442759851439368,-0.1986539783141848,3.369842289749247,3.37,전년 동월 대비 순이동 증가폭이 같은 시점의 다른 지역보다 매우 크게 나타남,18,MEDIUM
2002-11-01,전북특별자치도,migration_reverse,순이동 방향 반전,523.0,146.0,-377.0,1790.0,-2955.0,-4745.0,-0.4388120926427767,-0.42449425537696156,0.2562713852347913,-2.9449482123195674,3.369,전년 동월과 비교해 순유입·순유출 방향이 반대로 바뀌었고 변화 강도도 크게 나타남,21,MEDIUM
2001-03-01,경기도,migration_surge,순이동 급증,9832.0,8765.0,-1067.0,16655.0,21733.0,5078.0,0.6404616601116677,3.6160868265060944,-0.26688292289406373,3.3603268832886215,3.36,전년 동월 대비 순이동 증가폭이 같은 시점의 다른 지역보다 매우 크게 나타남,19,MEDIUM
2017-04-01,서울특별시,migration_surge,순이동 급증,2886.0,2060.0,-826.0,-10658.0,-6375.0,4283.0,0.6882915165836783,-2.609776096915507,-0.21828099089289923,3.356820176660453,3.357,전년 동월 대비 순이동 증가폭이 같은 시점의 다른 지역보다 매우 크게 나타남,20,MEDIUM
2005-01-01,전북특별자치도,migration_surge,순이동 급증,579.0,394.0,-185.0,-21683.0,-3630.0,18053.0,-0.39887904950777675,-0.8951191788405322,0.3340043837021678,3.3569047636066407,3.357,전년 동월 대비 순이동 증가폭이 같은 시점의 다른 지역보다 매우 크게 나타남,21,MEDIUM
2022-02-01,경기도,migration_drop,순이동 급감,1237.0,192.0,-1045.0,20813.0,2176.0,-18637.0,0.5853789436070073,1.2689450027957359,-0.2711994922222834,-3.3537986042755077,3.354,전년 동월 대비 순이동 감소폭이 같은 시점의 다른 지역보다 매우 크게 나타남,24,MEDIUM
2002-12-01,전북특별자치도,migration_drop,순이동 급감,491.0,116.0,-375.0,18457.0,-3384.0,-21841.0,-0.43136194108685944,-0.5190338609321848,0.32593700624583505,-3.3534767267312366,3.353,전년 동월 대비 순이동 감소폭이 같은 시점의 다른 지역보다 매우 크게 나타남,25,MEDIUM
2015-02-01,세종특별자치시,migration_surge,순이동 급증,19.0,84.0,65.0,2110.0,7941.0,5831.0,-0.4293003536140397,3.110024928762086,0.6909515516358026,3.3457876370218687,3.346,전년 동월 대비 순이동 증가폭이 같은 시점의 다른 지역보다 매우 크게 나타남,22,MEDIUM
2011-06-01,경기도,migration_drop,순이동 급감,5367.0,5618.0,251.0,11460.0,3441.0,-8019.0,0.938385931119856,1.1946596595593202,1.064379879232815,-3.3411554875308083,3.341,전년 동월 대비 순이동 감소폭이 같은 시점의 다른 지역보다 매우 크게 나타남,26,MEDIUM
2007-01-01,경상북도,migration_drop,순이동 급감,241.0,272.0,31.0,836.0,-3483.0,-4319.0,-0.42720333073670796,-1.0798647090387385,-0.40189811615437004,-3.3315455792388584,3.332,전년 동월 대비 순이동 감소폭이 같은 시점의 다른 지역보다 매우 크게 나타남,27,MEDIUM
2018-03-01,경기도,migration_surge,순이동 급증,3808.0,2807.0,-1001.0,9832.0,14921.0,5089.0,1.763267748204455,3.4542540365656405,-0.5417426051263504,3.329164350366479,3.329,전년 동월 대비 순이동 증가폭이 같은 시점의 다른 지역보다 매우 크게 나타남,23,MEDIUM
2016-07-01,경기도,migration_surge,순이동 급증,5350.0,4641.0,-709.0,7013.0,13224.0,6211.0,1.1474334180987644,2.913154741669533,-0.48080040877731517,3.3284210030394563,3.328,전년 동월 대비 순이동 증가폭이 같은 시점의 다른 지역보다 매우 크게 나타남,24,MEDIUM
2010-02-01,서울특별시,migration_drop,순이동 급감,4106.0,4153.0,47.0,7663.0,-5321.0,-12984.0,0.5038343730407465,-1.3364178735788588,0.6592075902367772,-3.308381393809192,3.308,전년 동월 대비 순이동 감소폭이 같은 시점의 다른 지역보다 매우 크게 나타남,28,MEDIUM
2002-02-01,경기도,migration_surge,순이동 급증,8173.0,7228.0,-945.0,15195.0,24321.0,9126.0,0.7035359035877098,3.644346654098384,-0.30167795823213334,3.29490557708101,3.295,전년 동월 대비 순이동 증가폭이 같은 시점의 다른 지역보다 매우 크게 나타남,25,MEDIUM
2008-05-01,서울특별시,migration_drop,순이동 급감,4787.0,4495.0,-292.0,-6465.0,-8537.0,-2072.0,0.5782813940951925,-2.393389767546765,-0.08548084729470433,-3.28327988352328,3.283,전년 동월 대비 순이동 감소폭이 같은 시점의 다른 지역보다 매우 크게 나타남,29,MEDIUM
2012-01-01,경기도,migration_drop,순이동 급감,7896.0,7015.0,-881.0,8220.0,5317.0,-2903.0,0.9369763849026412,2.776525911961223,-0.7523436855400336,-3.2823559226030086,3.282,전년 동월 대비 순이동 감소폭이 같은 시점의 다른 지역보다 매우 크게 나타남,31,MEDIUM
2011-10-01,경기도,migration_drop,순이동 급감,7185.0,5783.0,-1402.0,9823.0,3350.0,-6473.0,0.947134101851891,1.1622504572666803,-0.8777757554093106,-3.2820710565032694,3.282,전년 동월 대비 순이동 감소폭이 같은 시점의 다른 지역보다 매우 크게 나타남,30,MEDIUM
2003-01-01,전북특별자치도,migration_surge,순이동 급증,851.0,616.0,-235.0,-19820.0,-3016.0,16804.0,-0.3769967374863041,-0.5514322359455749,0.28746440328053313,3.2809255066474097,3.281,전년 동월 대비 순이동 증가폭이 같은 시점의 다른 지역보다 매우 크게 나타남,26,MEDIUM
2002-09-01,경기도,migration_surge,순이동 급증,7116.0,6259.0,-857.0,22378.0,26307.0,3929.0,0.824250453902961,3.46948979226225,-0.03752366593724705,3.2774691288257225,3.277,전년 동월 대비 순이동 증가폭이 같은 시점의 다른 지역보다 매우 크게 나타남,27,MEDIUM
2016-08-01,경기도,migration_surge,순이동 급증,5017.0,4437.0,-580.0,9781.0,15118.0,5337.0,1.160409862064899,2.914796159451053,-0.5332240422580559,3.274564826608605,3.275,전년 동월 대비 순이동 증가폭이 같은 시점의 다른 지역보다 매우 크게 나타남,28,MEDIUM
2021-04-01,경기도,migration_drop,순이동 급감,1394.0,1430.0,36.0,20454.0,12600.0,-7854.0,2.3308873121797378,3.157343291679249,0.6228997831463816,-3.2596122929602322,3.26,전년 동월 대비 순이동 감소폭이 같은 시점의 다른 지역보다 매우 크게 나타남,32,MEDIUM
2006-09-01,경기도,migration_drop,순이동 급감,5929.0,6295.0,366.0,10653.0,6503.0,-4150.0,0.8922735502647665,3.2752368585010263,2.4134643318111966,-3.2529500260064133,3.253,전년 동월 대비 순이동 감소폭이 같은 시점의 다른 지역보다 매우 크게 나타남,33,MEDIUM
2001-02-01,경기도,migration_surge,순이동 급증,9357.0,8173.0,-1184.0,11923.0,15195.0,3272.0,0.6391229854791444,3.2183030173164138,-0.3131119849967599,3.252431259586836,3.252,전년 동월 대비 순이동 증가폭이 같은 시점의 다른 지역보다 매우 크게 나타남,29,MEDIUM
2021-05-01,서울특별시,migration_drop,순이동 급감,330.0,21.0,-309.0,-2709.0,-8309.0,-5600.0,0.47164793136636185,-2.6137909764881417,-0.13681778067207,-3.241105596717114,3.241,전년 동월 대비 순이동 감소폭이 같은 시점의 다른 지역보다 매우 크게 나타남,34,MEDIUM
2019-04-01,서울특별시,migration_surge,순이동 급증,1282.0,1094.0,-188.0,-10067.0,-4738.0,5329.0,1.0694623462597574,-1.640311368615941,-0.05905496274270726,3.241276578916604,3.241,전년 동월 대비 순이동 증가폭이 같은 시점의 다른 지역보다 매우 크게 나타남,30,MEDIUM
2009-06-01,서울특별시,migration_surge,순이동 급증,4292.0,3843.0,-449.0,-9643.0,-2076.0,7567.0,0.5968616996184165,-1.4206839265987794,-0.5841958353781296,3.23594892179585,3.236,전년 동월 대비 순이동 증가폭이 같은 시점의 다른 지역보다 매우 크게 나타남,31,MEDIUM
2017-06-01,서울특별시,migration_surge,순이동 급증,2947.0,1981.0,-966.0,-12064.0,-6045.0,6019.0,0.6945292886055373,-2.4464885394530067,-0.42943125660843967,3.2272312584767056,3.227,전년 동월 대비 순이동 증가폭이 같은 시점의 다른 지역보다 매우 크게 나타남,32,MEDIUM
2018-12-01,서울특별시,migration_surge,순이동 급증,762.0,-13.0,-775.0,-14718.0,-9604.0,5114.0,0.43174502368922046,-2.224879596551382,-1.1228116337030651,3.220480399901153,3.22,전년 동월 대비 순이동 증가폭이 같은 시점의 다른 지역보다 매우 크게 나타남,33,MEDIUM
2016-01-01,경기도,migration_surge,순이동 급증,6103.0,5275.0,-828.0,3447.0,9190.0,5743.0,1.0308267719227606,2.965027416656371,-0.9343551173369523,3.217393349722118,3.217,전년 동월 대비 순이동 증가폭이 같은 시점의 다른 지역보다 매우 크게 나타남,34,MEDIUM
2009-10-01,서울특별시,migration_drop,순이동 급감,4763.0,4343.0,-420.0,-4647.0,-9592.0,-4945.0,0.5722529743764001,-2.785089876996532,-0.5619441195289191,-3.217394287160302,3.217,전년 동월 대비 순이동 감소폭이 같은 시점의 다른 지역보다 매우 크게 나타남,35,MEDIUM
2004-05-01,경기도,migration_drop,순이동 급감,6187.0,5969.0,-218.0,20625.0,13455.0,-7170.0,0.8612955668439499,3.4525721852381746,0.11431130286467132,-3.201624937036017,3.202,전년 동월 대비 순이동 감소폭이 같은 시점의 다른 지역보다 매우 크게 나타남,36,MEDIUM
2003-09-01,경기도,migration_drop,순이동 급감,6259.0,6943.0,684.0,26307.0,15765.0,-10542.0,0.852993784206833,3.525605486922988,1.1701544704302278,-3.1984070757773995,3.198,전년 동월 대비 순이동 감소폭이 같은 시점의 다른 지역보다 매우 크게 나타남,37,MEDIUM
2009-07-01,서울특별시,migration_surge,순이동 급증,4627.0,4174.0,-453.0,-7344.0,-3374.0,3970.0,0.5541152025899314,-1.6705453280626166,-0.32723093043813223,3.1785490742096285,3.179,전년 동월 대비 순이동 증가폭이 같은 시점의 다른 지역보다 매우 크게 나타남,35,MEDIUM
2018-05-01,경기도,migration_surge,순이동 급증,3350.0,2623.0,-727.0,7106.0,13814.0,6708.0,1.921349629418188,3.097870407252773,-0.7304309280460466,3.1747536675350965,3.175,전년 동월 대비 순이동 증가폭이 같은 시점의 다른 지역보다 매우 크게 나타남,36,MEDIUM
2020-01-01,서울특별시,migration_surge,순이동 급증,1273.0,497.0,-776.0,-94.0,3946.0,4040.0,1.0103745545569254,1.4207554267495004,-0.23456278462686977,3.1738431645216507,3.174,전년 동월 대비 순이동 증가폭이 같은 시점의 다른 지역보다 매우 크게 나타남,37,MEDIUM
2017-01-01,서울특별시,migration_surge,순이동 급증,3556.0,2489.0,-1067.0,-6854.0,-2518.0,4336.0,0.6722816574991505,-1.102162277541114,-0.3209264760546458,3.167867685171694,3.168,전년 동월 대비 순이동 증가폭이 같은 시점의 다른 지역보다 매우 크게 나타남,38,MEDIUM
2015-11-01,경기도,migration_surge,순이동 급증,3973.0,3969.0,-4.0,1046.0,8553.0,7507.0,1.0568500445386984,2.094799852769491,-0.496647134859045,3.1635962152936803,3.164,전년 동월 대비 순이동 증가폭이 같은 시점의 다른 지역보다 매우 크게 나타남,39,MEDIUM
2001-04-01,서울특별시,migration_drop,순이동 급감,7578.0,6595.0,-983.0,-2489.0,-12831.0,-10342.0,0.5163266669288794,-1.9403158652700183,-0.29010121659789556,-3.1517694870072606,3.152,전년 동월 대비 순이동 감소폭이 같은 시점의 다른 지역보다 매우 크게 나타남,38,MEDIUM
2021-08-01,인천광역시,migration_reverse,순이동 방향 반전,4.0,-37.0,-41.0,-2381.0,944.0,3325.0,0.4009351161339098,0.21253411603267977,0.2324000973887254,2.935314687166393,3.148,전년 동월과 비교해 순유입·순유출 방향이 반대로 바뀌었고 변화 강도도 크게 나타남,22,MEDIUM
2006-04-01,경기도,migration_drop,순이동 급감,5515.0,5846.0,331.0,14463.0,10995.0,-3468.0,0.894633353104605,3.384439784951871,0.2759240498354509,-3.1464482798756666,3.146,전년 동월 대비 순이동 감소폭이 같은 시점의 다른 지역보다 매우 크게 나타남,39,MEDIUM
2015-12-01,경기도,migration_surge,순이동 급증,3841.0,3811.0,-30.0,4738.0,12842.0,8104.0,1.3413766804180465,2.282012443431784,-0.4501973471248066,3.143858598206855,3.144,전년 동월 대비 순이동 증가폭이 같은 시점의 다른 지역보다 매우 크게 나타남,40,MEDIUM
2015-08-01,서울특별시,migration_drop,순이동 급감,3910.0,3454.0,-456.0,-5663.0,-12911.0,-7248.0,0.5833964308340656,-3.0836450523646537,-0.5742979802147762,-3.1378864613885016,3.138,전년 동월 대비 순이동 감소폭이 같은 시점의 다른 지역보다 매우 크게 나타남,40,MEDIUM
2002-07-01,전라남도,migration_surge,순이동 급증,290.0,170.0,-120.0,-11605.0,-5392.0,6213.0,-0.45428017408832644,-0.8347882727639032,0.2279116000198253,3.1359250925649644,3.136,전년 동월 대비 순이동 증가폭이 같은 시점의 다른 지역보다 매우 크게 나타남,41,MEDIUM
2015-06-01,서울특별시,migration_drop,순이동 급감,3203.0,3453.0,250.0,-8395.0,-14378.0,-5983.0,0.5493327408027435,-3.5165543344490424,1.2141699126906471,-3.131432822552673,3.131,전년 동월 대비 순이동 감소폭이 같은 시점의 다른 지역보다 매우 크게 나타남,41,MEDIUM
2008-01-01,경기도,migration_drop,순이동 급감,7072.0,8135.0,1063.0,11287.0,7105.0,-4182.0,0.8580579342256975,2.9084013458708653,0.6454498545869276,-3.1277784249351157,3.128,전년 동월 대비 순이동 감소폭이 같은 시점의 다른 지역보다 매우 크게 나타남,42,MEDIUM
2014-10-01,경상북도,migration_reverse,순이동 방향 반전,150.0,90.0,-60.0,379.0,-3853.0,-4232.0,-0.43242050187492104,-1.294023409819036,-0.7023551701037302,-1.8329092104162847,3.127,전년 동월과 비교해 순유입·순유출 방향이 반대로 바뀌었고 변화 강도도 크게 나타남,23,MEDIUM
2009-02-01,서울특별시,migration_surge,순이동 급증,4945.0,4106.0,-839.0,2244.0,7663.0,5419.0,0.486697725561136,2.798436715138923,-1.8741431050541848,3.123008957822547,3.123,전년 동월 대비 순이동 증가폭이 같은 시점의 다른 지역보다 매우 크게 나타남,42,MEDIUM
2021-01-01,서울특별시,migration_drop,순이동 급감,497.0,296.0,-201.0,3946.0,-10440.0,-14386.0,0.7606799453386753,-1.7959202406502384,-0.8921498808615668,-3.122264547451867,3.122,전년 동월 대비 순이동 감소폭이 같은 시점의 다른 지역보다 매우 크게 나타남,43,MEDIUM
2005-12-01,서울특별시,migration_surge,순이동 급증,4156.0,3404.0,-752.0,-12977.0,-7612.0,5365.0,0.73629615915455,-1.259459523924138,-0.5315820826549869,3.1219100287176995,3.122,전년 동월 대비 순이동 증가폭이 같은 시점의 다른 지역보다 매우 크게 나타남,43,MEDIUM
2001-08-01,경기도,migration_surge,순이동 급증,8143.0,6719.0,-1424.0,10572.0,23136.0,12564.0,0.6542072041431031,3.521221637122577,-0.45138276389928683,3.1026670004440837,3.103,전년 동월 대비 순이동 증가폭이 같은 시점의 다른 지역보다 매우 크게 나타남,44,MEDIUM
2021-11-01,서울특별시,social_double_decline,자연감소 ↓ + 순이동 ↓,-343.0,-977.0,-634.0,-9486.0,-10554.0,-1068.0,-0.014851197510944861,-3.0828516906254824,-0.43756198031999205,-0.9983630789943218,3.098,자연감소와 순유출이 동시에 강하게 나타난 지역,1,MEDIUM
2019-12-01,서울특별시,migration_surge,순이동 급증,-13.0,-236.0,-223.0,-9604.0,-3986.0,5618.0,0.293983316980004,-1.278655806478557,-0.07194012476947877,3.096150942895071,3.096,전년 동월 대비 순이동 증가폭이 같은 시점의 다른 지역보다 매우 크게 나타남,45,MEDIUM
2010-05-01,서울특별시,migration_drop,순이동 급감,3794.0,4115.0,321.0,-2341.0,-11823.0,-9482.0,0.597665593300924,-2.6678948968024017,0.7639512012402566,-3.0937600906686638,3.094,전년 동월 대비 순이동 감소폭이 같은 시점의 다른 지역보다 매우 크게 나타남,44,MEDIUM
2008-07-01,서울특별시,migration_drop,순이동 급감,4983.0,4627.0,-356.0,-3406.0,-7344.0,-3938.0,0.5274829890970365,-2.4268768596626464,-0.6230987503006957,-3.0923364367358297,3.092,전년 동월 대비 순이동 감소폭이 같은 시점의 다른 지역보다 매우 크게 나타남,45,MEDIUM
2017-05-01,서울특별시,migration_surge,순이동 급증,2694.0,1793.0,-901.0,-11958.0,-6590.0,5368.0,0.6285737178610744,-2.3401619928168698,-0.3522877592714404,3.0887436565346396,3.089,전년 동월 대비 순이동 증가폭이 같은 시점의 다른 지역보다 매우 크게 나타남,46,MEDIUM
2011-07-01,경기도,migration_drop,순이동 급감,5783.0,5968.0,185.0,9894.0,6328.0,-3566.0,0.883441546461176,2.16662737304387,0.03953270125510198,-3.0874720692459845,3.087,전년 동월 대비 순이동 감소폭이 같은 시점의 다른 지역보다 매우 크게 나타남,46,MEDIUM
2002-03-01,경기도,migration_surge,순이동 급증,8765.0,7640.0,-1125.0,21733.0,27812.0,6079.0,0.7080737386668828,3.5731816584382177,-0.31975079258268885,3.0846580510445896,3.085,전년 동월 대비 순이동 증가폭이 같은 시점의 다른 지역보다 매우 크게 나타남,47,MEDIUM
2002-05-01,경상남도,migration_reverse,순이동 방향 반전,1365.0,999.0,-366.0,-507.0,3443.0,3950.0,-0.2945035149870785,0.39518991752773025,0.1790705251221342,2.6839705400319787,3.079,전년 동월과 비교해 순유입·순유출 방향이 반대로 바뀌었고 변화 강도도 크게 나타남,24,MEDIUM
2012-07-01,부산광역시,migration_surge,순이동 급증,686.0,856.0,170.0,-2912.0,-744.0,2168.0,-0.28542341926152676,-0.26839624661532846,-0.07501983957171468,3.0472705935712363,3.047,전년 동월 대비 순이동 증가폭이 같은 시점의 다른 지역보다 매우 크게 나타남,48,MEDIUM
2018-11-01,서울특별시,migration_surge,순이동 급증,1393.0,915.0,-478.0,-14687.0,-11335.0,3352.0,1.2809940477480843,-2.589757990576976,-0.8041065899693987,3.0368907831624985,3.037,전년 동월 대비 순이동 증가폭이 같은 시점의 다른 지역보다 매우 크게 나타남,49,MEDIUM
2018-01-01,경기도,migration_surge,순이동 급증,3817.0,2635.0,-1182.0,8145.0,14107.0,5962.0,3.1966076263953713,3.40004407380019,-0.1394348492062449,3.0200218998682575,3.02,전년 동월 대비 순이동 증가폭이 같은 시점의 다른 지역보다 매우 크게 나타남,50,MEDIUM
2001-05-01,서울특별시,migration_drop,순이동 급감,7753.0,6422.0,-1331.0,-3603.0,-15773.0,-12170.0,0.5255568983997416,-2.0285818949538035,-0.40636566378440964,-3.01439973255575,3.014,전년 동월 대비 순이동 감소폭이 같은 시점의 다른 지역보다 매우 크게 나타남,47,MEDIUM
2006-05-01,경기도,migration_drop,순이동 급감,5338.0,6045.0,707.0,14215.0,10254.0,-3961.0,0.940760655039498,3.3962710859209246,0.7115892588380034,-3.0128774917222794,3.013,전년 동월 대비 순이동 감소폭이 같은 시점의 다른 지역보다 매우 크게 나타남,48,MEDIUM
2018-10-01,경기도,migration_surge,순이동 급증,2452.0,2316.0,-136.0,10472.0,14880.0,4408.0,2.8730234912143797,3.260829854150222,0.1486779187420708,3.009824560716297,3.01,전년 동월 대비 순이동 증가폭이 같은 시점의 다른 지역보다 매우 크게 나타남,51,MEDIUM
2017-08-01,서울특별시,migration_surge,순이동 급증,2598.0,2029.0,-569.0,-14671.0,-8991.0,5680.0,0.6602561072137353,-2.4923490156066173,-0.1340742716945872,3.00583435053,3.006,전년 동월 대비 순이동 증가폭이 같은 시점의 다른 지역보다 매우 크게 나타남,52,MEDIUM
2015-01-01,세종특별자치시,migration_surge,순이동 급증,24.0,130.0,106.0,1635.0,5519.0,3884.0,-0.4308381096107423,2.7712365057346906,0.9851746129568391,2.994568740860011,2.995,전년 동월 대비 순이동 증가폭이 같은 시점의 다른 지역보다 매우 크게 나타남,54,MEDIUM
2001-09-01,경기도,migration_surge,순이동 급증,8485.0,7116.0,-1369.0,10795.0,22378.0,11583.0,0.6333887008559171,3.415079440962169,-0.423352176271973,2.995416666295986,2.995,전년 동월 대비 순이동 증가폭이 같은 시점의 다른 지역보다 매우 크게 나타남,53,MEDIUM
2004-09-01,경기도,migration_drop,순이동 급감,6943.0,6472.0,-471.0,15765.0,9670.0,-6095.0,0.8455987039237032,3.258985958267284,-0.888592618285129,-2.9853482980964494,2.985,전년 동월 대비 순이동 감소폭이 같은 시점의 다른 지역보다 매우 크게 나타남,49,MEDIUM
2021-12-01,서울특별시,social_double_decline,자연감소 ↓ + 순이동 ↓,-577.0,-2331.0,-1754.0,-11134.0,-9229.0,1905.0,-0.22191268216026067,-2.740829935651222,-0.5630898785139345,1.429577749669758,2.963,자연감소와 순유출이 동시에 강하게 나타난 지역,2,MEDIUM
2021-10-01,경기도,migration_drop,순이동 급감,920.0,274.0,-646.0,10985.0,6525.0,-4460.0,0.6550533112632141,2.15364051470368,-0.6684829605423617,-2.9584436179766245,2.958,전년 동월 대비 순이동 감소폭이 같은 시점의 다른 지역보다 매우 크게 나타남,50,MEDIUM
2019-07-01,서울특별시,migration_surge,순이동 급증,1207.0,1065.0,-142.0,-9401.0,-7077.0,2324.0,1.0632852767465024,-1.780142051355545,-0.05686534225520687,2.95077837628793,2.951,전년 동월 대비 순이동 증가폭이 같은 시점의 다른 지역보다 매우 크게 나타남,55,MEDIUM
2010-03-01,서울특별시,migration_drop,순이동 급감,4579.0,5011.0,432.0,-2366.0,-12306.0,-9940.0,0.5740049635841917,-2.327484093655865,1.9723406835350785,-2.950800562726028,2.951,전년 동월 대비 순이동 감소폭이 같은 시점의 다른 지역보다 매우 크게 나타남,51,MEDIUM
2002-11-01,전북특별자치도,migration_drop,순이동 급감,523.0,146.0,-377.0,1790.0,-2955.0,-4745.0,-0.4388120926427767,-0.42449425537696156,0.2562713852347913,-2.9449482123195674,2.945,전년 동월 대비 순이동 감소폭이 같은 시점의 다른 지역보다 매우 크게 나타남,52,MEDIUM
2011-08-01,인천광역시,migration_reverse,순이동 방향 반전,1177.0,1231.0,54.0,-30.0,2888.0,2918.0,-0.21011551817478277,0.8911598827906335,-0.12550264057856406,2.05303760791851,2.944,전년 동월과 비교해 순유입·순유출 방향이 반대로 바뀌었고 변화 강도도 크게 나타남,25,MEDIUM
2019-03-01,서울특별시,migration_surge,순이동 급증,1511.0,1099.0,-412.0,-7978.0,-1650.0,6328.0,1.1086478820115835,-0.6409875413519281,-0.18730293304204523,2.9431926305134986,2.943,전년 동월 대비 순이동 증가폭이 같은 시점의 다른 지역보다 매우 크게 나타남,56,MEDIUM
2017-07-01,경기도,migration_drop,순이동 급감,4641.0,3353.0,-1288.0,13224.0,8009.0,-5215.0,1.4065913296888515,2.6692998637712306,-0.698627638756941,-2.9415860779008356,2.942,전년 동월 대비 순이동 감소폭이 같은 시점의 다른 지역보다 매우 크게 나타남,53,MEDIUM
2016-04-01,세종특별자치시,migration_drop,순이동 급감,142.0,200.0,58.0,3617.0,1814.0,-1803.0,-0.3923513718824052,0.5518675862715965,0.5703215992667742,-2.93689270534231,2.937,전년 동월 대비 순이동 감소폭이 같은 시점의 다른 지역보다 매우 크게 나타남,54,MEDIUM
2019-11-01,서울특별시,migration_surge,순이동 급증,915.0,384.0,-531.0,-11335.0,-4708.0,6627.0,0.9398890670699419,-2.033430457273988,-0.3474610571077392,2.935620893101267,2.936,전년 동월 대비 순이동 증가폭이 같은 시점의 다른 지역보다 매우 크게 나타남,57,MEDIUM
2021-08-01,인천광역시,migration_surge,순이동 급증,4.0,-37.0,-41.0,-2381.0,944.0,3325.0,0.4009351161339098,0.21253411603267977,0.2324000973887254,2.935314687166393,2.935,전년 동월 대비 순이동 증가폭이 같은 시점의 다른 지역보다 매우 크게 나타남,58,MEDIUM
2020-09-01,서울특별시,migration_drop,순이동 급감,730.0,399.0,-331.0,-5466.0,-10044.0,-4578.0,0.8759151252503597,-2.243931790108531,-0.5593081805815018,-2.9337289723409996,2.934,전년 동월 대비 순이동 감소폭이 같은 시점의 다른 지역보다 매우 크게 나타남,55,MEDIUM
2008-06-01,서울특별시,migration_drop,순이동 급감,4626.0,4292.0,-334.0,-6072.0,-9643.0,-3571.0,0.5966297285801755,-2.7135188406880153,-0.30777410406419586,-2.931092338096048,2.931,전년 동월 대비 순이동 감소폭이 같은 시점의 다른 지역보다 매우 크게 나타남,56,MEDIUM
2010-12-01,경기도,migration_drop,순이동 급감,4523.0,5117.0,594.0,17382.0,13190.0,-4192.0,1.159113069727632,2.874669382746106,2.2529816143543067,-2.928918707717576,2.929,전년 동월 대비 순이동 감소폭이 같은 시점의 다른 지역보다 매우 크게 나타남,57,MEDIUM
2021-11-01,경기도,migration_drop,순이동 급감,409.0,-255.0,-664.0,11700.0,8569.0,-3131.0,0.3584682664198864,2.5030278697147774,-0.48098845879321306,-2.9268490639805442,2.927,전년 동월 대비 순이동 감소폭이 같은 시점의 다른 지역보다 매우 크게 나타남,58,MEDIUM
2020-11-01,서울특별시,migration_drop,순이동 급감,384.0,-343.0,-727.0,-4708.0,-9486.0,-4778.0,0.21342253119492613,-2.489531153820857,-0.3339697360495982,-2.9196121828760098,2.92,전년 동월 대비 순이동 감소폭이 같은 시점의 다른 지역보다 매우 크게 나타남,59,MEDIUM
2004-04-01,경기도,migration_drop,순이동 급감,6999.0,6412.0,-587.0,20050.0,14357.0,-5693.0,0.8525642698248997,3.5815090014267144,-0.2576318560154524,-2.913119892737163,2.913,전년 동월 대비 순이동 감소폭이 같은 시점의 다른 지역보다 매우 크게 나타남,60,MEDIUM
2012-10-01,경기도,migration_surge,순이동 급증,5783.0,6481.0,698.0,3350.0,5572.0,2222.0,0.9653199910774195,1.7173284904577932,0.6867539001842136,2.9078729737624727,2.908,전년 동월 대비 순이동 증가폭이 같은 시점의 다른 지역보다 매우 크게 나타남,59,MEDIUM
2018-02-01,경기도,migration_surge,순이동 급증,3579.0,2224.0,-1355.0,8902.0,15542.0,6640.0,2.2780206095126787,3.4567438470314205,-0.6750330636340257,2.9018504236870393,2.902,전년 동월 대비 순이동 증가폭이 같은 시점의 다른 지역보다 매우 크게 나타남,60,MEDIUM
2016-06-01,부산광역시,migration_reverse,순이동 방향 반전,553.0,302.0,-251.0,1168.0,-2113.0,-3281.0,-0.35090178498401076,-0.5347904754008566,0.07207122331317693,-2.366814128965745,2.902,전년 동월과 비교해 순유입·순유출 방향이 반대로 바뀌었고 변화 강도도 크게 나타남,26,MEDIUM
2006-02-01,서울특별시,migration_surge,순이동 급증,4514.0,4819.0,305.0,3057.0,7510.0,4453.0,0.5899117379485238,2.0069146989619187,0.2832191346380604,2.8983674319845236,2.898,전년 동월 대비 순이동 증가폭이 같은 시점의 다른 지역보다 매우 크게 나타남,61,MEDIUM
2008-03-01,경기도,migration_drop,순이동 급감,7522.0,6471.0,-1051.0,11194.0,7286.0,-3908.0,0.9263668006143319,2.6985544023122947,-0.6042426809353844,-2.8890031235421127,2.889,전년 동월 대비 순이동 감소폭이 같은 시점의 다른 지역보다 매우 크게 나타남,61,MEDIUM
2020-05-01,서울특별시,migration_surge,순이동 급증,925.0,330.0,-595.0,-6328.0,-2709.0,3619.0,0.8275894523263002,-0.907885037469581,-0.7811343035425253,2.8853452281948795,2.885,전년 동월 대비 순이동 증가폭이 같은 시점의 다른 지역보다 매우 크게 나타남,62,MEDIUM
2019-10-01,서울특별시,migration_surge,순이동 급증,1013.0,715.0,-298.0,-10707.0,-5060.0,5647.0,1.1661661981528615,-1.834149170909661,-0.4235931902576555,2.8793972374542047,2.879,전년 동월 대비 순이동 증가폭이 같은 시점의 다른 지역보다 매우 크게 나타남,63,MEDIUM
2009-09-01,서울특별시,migration_drop,순이동 급감,5174.0,4584.0,-590.0,-5216.0,-7736.0,-2520.0,0.5044644877683662,-2.4658544087722234,-0.5650401237433098,-2.878579624516423,2.879,전년 동월 대비 순이동 감소폭이 같은 시점의 다른 지역보다 매우 크게 나타남,62,MEDIUM
2006-03-01,경기도,migration_drop,순이동 급감,6368.0,6726.0,358.0,17542.0,14256.0,-3286.0,0.8936571636194924,3.5911235600547275,1.2036461808520256,-2.874707873914275,2.875,전년 동월 대비 순이동 감소폭이 같은 시점의 다른 지역보다 매우 크게 나타남,63,MEDIUM
2016-05-01,경기도,migration_surge,순이동 급증,5014.0,4569.0,-445.0,7519.0,10377.0,2858.0,1.2103697107828335,2.618995670848038,-0.3223855739652361,2.869083752298834,2.869,전년 동월 대비 순이동 증가폭이 같은 시점의 다른 지역보다 매우 크게 나타남,64,MEDIUM
2019-10-01,경기도,migration_drop,순이동 급감,2316.0,1997.0,-319.0,14880.0,9319.0,-5561.0,3.271505831119176,3.3779518031041755,-0.4870314731092379,-2.8355459602413378,2.836,전년 동월 대비 순이동 감소폭이 같은 시점의 다른 지역보다 매우 크게 나타남,64,MEDIUM
2005-08-01,인천광역시,migration_reverse,순이동 방향 반전,1092.0,1074.0,-18.0,-704.0,1973.0,2677.0,-0.21474525696869384,0.5525766824904701,0.4535465880928162,2.281450497195385,2.834,전년 동월과 비교해 순유입·순유출 방향이 반대로 바뀌었고 변화 강도도 크게 나타남,27,MEDIUM
2009-04-01,경기도,migration_drop,순이동 급감,6244.0,5722.0,-522.0,10389.0,5796.0,-4593.0,0.92244376931826,2.957694309970805,-0.6460749802486714,-2.8311854172905226,2.831,전년 동월 대비 순이동 감소폭이 같은 시점의 다른 지역보다 매우 크게 나타남,65,MEDIUM
2007-02-01,서울특별시,migration_drop,순이동 급감,4819.0,4988.0,169.0,7510.0,2607.0,-4903.0,0.5371258926948999,0.9379000857786844,-0.06569547927849015,-2.8262036025930932,2.826,전년 동월 대비 순이동 감소폭이 같은 시점의 다른 지역보다 매우 크게 나타남,66,MEDIUM
2010-04-01,서울특별시,migration_drop,순이동 급감,4319.0,4347.0,28.0,-4110.0,-11667.0,-7557.0,0.5437415510042066,-2.577380268855754,-0.3137747449921427,-2.824949193541911,2.825,전년 동월 대비 순이동 감소폭이 같은 시점의 다른 지역보다 매우 크게 나타남,67,MEDIUM
2012-12-01,경기도,migration_surge,순이동 급증,4454.0,4608.0,154.0,11183.0,15303.0,4120.0,1.2299774132745815,2.87275616286203,1.6270852094221775,2.820418461202384,2.82,전년 동월 대비 순이동 증가폭이 같은 시점의 다른 지역보다 매우 크게 나타남,65,MEDIUM
2009-05-01,서울특별시,migration_surge,순이동 급증,4495.0,3794.0,-701.0,-8537.0,-2341.0,6196.0,0.5816144572664086,-1.430736233969203,-0.5549782307573791,2.8176501014495763,2.818,전년 동월 대비 순이동 증가폭이 같은 시점의 다른 지역보다 매우 크게 나타남,66,MEDIUM
2008-10-01,인천광역시,migration_drop,순이동 급감,1521.0,1189.0,-332.0,2606.0,-1499.0,-4105.0,-0.21656915778690009,-0.5790861123366742,0.2536381518622344,-2.8137620330556294,2.814,전년 동월 대비 순이동 감소폭이 같은 시점의 다른 지역보다 매우 크게 나타남,68,MEDIUM
2008-09-01,경기도,migration_surge,순이동 급증,7882.0,7079.0,-803.0,4657.0,8029.0,3372.0,0.877665570983402,3.159011382261793,-0.4291608798527436,2.8104353828507933,2.81,전년 동월 대비 순이동 증가폭이 같은 시점의 다른 지역보다 매우 크게 나타남,67,MEDIUM
2005-07-01,경기도,migration_drop,순이동 급감,5863.0,5425.0,-438.0,13806.0,9813.0,-3993.0,0.963071739060684,3.5883513800026527,-0.09690561801829521,-2.8034264378752125,2.803,전년 동월 대비 순이동 감소폭이 같은 시점의 다른 지역보다 매우 크게 나타남,69,MEDIUM
2011-10-01,인천광역시,migration_reverse,순이동 방향 반전,1297.0,1067.0,-230.0,-188.0,3170.0,3358.0,-0.21512134659942467,1.099801178965784,0.26185699258854583,1.7026409095841153,2.802,전년 동월과 비교해 순유입·순유출 방향이 반대로 바뀌었고 변화 강도도 크게 나타남,28,MEDIUM
2008-09-01,인천광역시,migration_reverse,순이동 방향 반전,1440.0,1270.0,-170.0,2486.0,-592.0,-3078.0,-0.23879702941236639,-0.23292249823128428,0.2998367883548924,-2.565397422424301,2.798,전년 동월과 비교해 순유입·순유출 방향이 반대로 바뀌었고 변화 강도도 크게 나타남,29,MEDIUM
2003-05-01,서울특별시,migration_surge,순이동 급증,5566.0,5365.0,-201.0,-16751.0,-7562.0,9189.0,0.5901492591046169,-1.3137595849863315,-0.3347680881586471,2.7977207718232586,2.798,전년 동월 대비 순이동 증가폭이 같은 시점의 다른 지역보다 매우 크게 나타남,68,MEDIUM
2022-05-01,경기도,migration_drop,순이동 급감,832.0,-252.0,-1084.0,9322.0,3719.0,-5603.0,0.3653656641866921,2.4734403091784403,-0.42875021363837046,-2.7937800303279356,2.794,전년 동월 대비 순이동 감소폭이 같은 시점의 다른 지역보다 매우 크게 나타남,70,MEDIUM
2004-11-01,충청남도,migration_surge,순이동 급증,240.0,265.0,25.0,1997.0,9794.0,7797.0,-0.4138837854999044,1.7851718085551345,0.5470946306427513,2.7934510373004757,2.793,전년 동월 대비 순이동 증가폭이 같은 시점의 다른 지역보다 매우 크게 나타남,69,MEDIUM
2003-04-01,경기도,migration_drop,순이동 급감,6917.0,6999.0,82.0,28200.0,20050.0,-8150.0,0.7756030121493339,3.5616811312172336,0.7006127103565728,-2.791057182372019,2.791,전년 동월 대비 순이동 감소폭이 같은 시점의 다른 지역보다 매우 크게 나타남,71,MEDIUM
2016-11-01,경기도,migration_surge,순이동 급증,3969.0,3263.0,-706.0,8553.0,11874.0,3321.0,1.3892192424162633,2.535206013970418,-0.3337606886043725,2.7896990831702455,2.79,전년 동월 대비 순이동 증가폭이 같은 시점의 다른 지역보다 매우 크게 나타남,70,MEDIUM
2019-11-01,경기도,migration_drop,순이동 급감,1832.0,1366.0,-466.0,13541.0,7252.0,-6289.0,2.555671905965905,3.132208512351521,-0.24547173527731903,-2.7858940390393645,2.786,전년 동월 대비 순이동 감소폭이 같은 시점의 다른 지역보다 매우 크게 나타남,72,MEDIUM
2006-10-01,경기도,migration_drop,순이동 급감,5765.0,6271.0,506.0,12716.0,9545.0,-3171.0,0.9292154515481833,2.96946209742265,0.5332933505201898,-2.785452333644237,2.785,전년 동월 대비 순이동 감소폭이 같은 시점의 다른 지역보다 매우 크게 나타남,74,MEDIUM
2004-08-01,경기도,migration_drop,순이동 급감,5950.0,5992.0,42.0,19102.0,12837.0,-6265.0,0.8535763469860738,3.5695703414977284,0.019686922366499406,-2.7851899435696703,2.785,전년 동월 대비 순이동 감소폭이 같은 시점의 다른 지역보다 매우 크게 나타남,73,MEDIUM
2010-01-01,경기도,migration_surge,순이동 급증,7109.0,7004.0,-105.0,3709.0,11609.0,7900.0,0.890038586160757,3.550392848462957,-0.3949438896914649,2.7815705387456404,2.782,전년 동월 대비 순이동 증가폭이 같은 시점의 다른 지역보다 매우 크게 나타남,71,MEDIUM
2009-12-01,서울특별시,migration_drop,순이동 급감,3596.0,3603.0,7.0,-4323.0,-13661.0,-9338.0,0.7323459466601863,-2.3870331458285836,0.503073383442611,-2.7806992371382386,2.781,전년 동월 대비 순이동 감소폭이 같은 시점의 다른 지역보다 매우 크게 나타남,75,MEDIUM
2022-06-01,경기도,migration_drop,순이동 급감,1020.0,516.0,-504.0,10603.0,3896.0,-6707.0,0.8520548492764297,2.8477024192829954,-0.21978897937141936,-2.7801297058869445,2.78,전년 동월 대비 순이동 감소폭이 같은 시점의 다른 지역보다 매우 크게 나타남,76,MEDIUM
2002-01-01,전북특별자치도,migration_drop,순이동 급감,1215.0,851.0,-364.0,-4675.0,-19820.0,-15145.0,-0.3640986022143427,-2.1763829819268237,0.2999158427650355,-2.7790391608067866,2.779,전년 동월 대비 순이동 감소폭이 같은 시점의 다른 지역보다 매우 크게 나타남,77,MEDIUM
2021-06-01,서울특별시,migration_drop,순이동 급감,396.0,147.0,-249.0,-3932.0,-8288.0,-4356.0,0.6128731734148778,-2.441906465418916,-0.2969351902242075,-2.7739484087130966,2.774,전년 동월 대비 순이동 감소폭이 같은 시점의 다른 지역보다 매우 크게 나타남,78,MEDIUM
2014-10-01,부산광역시,migration_surge,순이동 급증,548.0,501.0,-47.0,-1835.0,4568.0,6403.0,-0.3096446777702747,1.5341549276027397,-0.623416116403311,2.773184705646378,2.773,전년 동월 대비 순이동 증가폭이 같은 시점의 다른 지역보다 매우 크게 나타남,72,MEDIUM
2010-06-01,경기도,migration_surge,순이동 급증,5161.0,5367.0,206.0,4202.0,11460.0,7258.0,0.9249645789638974,3.059324845352288,0.3146567704302506,2.7702745863381923,2.77,전년 동월 대비 순이동 증가폭이 같은 시점의 다른 지역보다 매우 크게 나타남,73,MEDIUM
2007-04-01,인천광역시,migration_surge,순이동 급증,1137.0,1213.0,76.0,-563.0,2436.0,2999.0,-0.23133682631355149,0.7546274043682176,-0.37084473582363453,2.7667635160972157,2.767,전년 동월 대비 순이동 증가폭이 같은 시점의 다른 지역보다 매우 크게 나타남,74,MEDIUM
2016-02-01,경기도,migration_surge,순이동 급증,4879.0,4108.0,-771.0,4235.0,9794.0,5559.0,1.1833726709651717,2.8717102946609123,-0.9645283322687948,2.7617467995833067,2.762,전년 동월 대비 순이동 증가폭이 같은 시점의 다른 지역보다 매우 크게 나타남,75,MEDIUM
2009-12-01,경기도,migration_surge,순이동 급증,4883.0,4523.0,-360.0,8122.0,17382.0,9260.0,1.0386570371253887,3.0372161731053686,-0.793363972731883,2.757472149914338,2.757,전년 동월 대비 순이동 증가폭이 같은 시점의 다른 지역보다 매우 크게 나타남,76,MEDIUM
2004-02-01,전라남도,migration_drop,순이동 급감,244.0,190.0,-54.0,258.0,-5290.0,-5548.0,-0.44391974430331976,-0.8931931375386656,0.3771266124995796,-2.753201589921991,2.753,전년 동월 대비 순이동 감소폭이 같은 시점의 다른 지역보다 매우 크게 나타남,79,MEDIUM
2010-07-01,서울특별시,migration_drop,순이동 급감,4174.0,4010.0,-164.0,-3374.0,-7946.0,-4572.0,0.5118898674045584,-2.449824774505658,-2.4658211353587878,-2.7446529303758544,2.745,전년 동월 대비 순이동 감소폭이 같은 시점의 다른 지역보다 매우 크게 나타남,80,MEDIUM
2021-07-01,인천광역시,migration_reverse,순이동 방향 반전,149.0,-120.0,-269.0,-1855.0,1012.0,2867.0,0.2983422782268379,0.2969440300435609,-0.005469033756678942,2.433424659705981,2.73,전년 동월과 비교해 순유입·순유출 방향이 반대로 바뀌었고 변화 강도도 크게 나타남,30,MEDIUM
2006-07-01,경기도,migration_drop,순이동 급감,5425.0,5424.0,-1.0,9813.0,7213.0,-2600.0,0.9294819158435943,3.497854063640819,-0.3811558476248663,-2.7268153224969316,2.727,전년 동월 대비 순이동 감소폭이 같은 시점의 다른 지역보다 매우 크게 나타남,81,MEDIUM
2007-06-01,경기도,migration_drop,순이동 급감,5794.0,5859.0,65.0,12094.0,8050.0,-4044.0,0.8522523945572688,2.9827431233689925,-0.3333990094051168,-2.720226312902842,2.72,전년 동월 대비 순이동 감소폭이 같은 시점의 다른 지역보다 매우 크게 나타남,82,MEDIUM
2020-11-01,경기도,migration_surge,순이동 급증,1366.0,409.0,-957.0,7252.0,11700.0,4448.0,0.8001177753570953,3.070579221980184,-0.592020259984898,2.7179646273404128,2.718,전년 동월 대비 순이동 증가폭이 같은 시점의 다른 지역보다 매우 크게 나타남,77,MEDIUM
2011-09-01,경기도,migration_drop,순이동 급감,7347.0,6211.0,-1136.0,7989.0,4393.0,-3596.0,0.8806685950726274,1.4866176842843466,-1.0200903064255802,-2.7178347203378754,2.718,전년 동월 대비 순이동 감소폭이 같은 시점의 다른 지역보다 매우 크게 나타남,83,MEDIUM
2021-12-01,경기도,social_cross_inflow,자연감소 ↓ + 순이동 ↑,197.0,-1707.0,-1904.0,12631.0,9040.0,-3591.0,-0.030870814602657535,2.6847006846123143,-0.6519416505896533,-2.6948103407160633,2.716,자연적 인구감소가 나타나는 동시에 순유입이 나타난 지역,1,MEDIUM
2001-06-01,서울특별시,migration_drop,순이동 급감,6784.0,5379.0,-1405.0,-7083.0,-15139.0,-8056.0,0.4827271496759262,-2.093690479110677,-0.6984236264995298,-2.710736437395001,2.711,전년 동월 대비 순이동 감소폭이 같은 시점의 다른 지역보다 매우 크게 나타남,84,MEDIUM
2003-02-01,서울특별시,migration_reverse,순이동 방향 반전,6108.0,5731.0,-377.0,-415.0,4628.0,5043.0,0.5685021631777133,0.8871979253292654,-0.08097578501130918,1.8125201196196243,2.7,전년 동월과 비교해 순유입·순유출 방향이 반대로 바뀌었고 변화 강도도 크게 나타남,31,MEDIUM
2003-06-01,경기도,migration_drop,순이동 급감,5675.0,5778.0,103.0,23300.0,14452.0,-8848.0,0.8392050143989878,3.2443350086611935,1.040078592919012,-2.6965756531489355,2.697,전년 동월 대비 순이동 감소폭이 같은 시점의 다른 지역보다 매우 크게 나타남,85,MEDIUM
2021-12-01,경기도,migration_drop,순이동 급감,197.0,-1707.0,-1904.0,12631.0,9040.0,-3591.0,-0.030870814602657535,2.6847006846123143,-0.6519416505896533,-2.6948103407160633,2.695,전년 동월 대비 순이동 감소폭이 같은 시점의 다른 지역보다 매우 크게 나타남,86,MEDIUM
2010-04-01,경기도,migration_surge,순이동 급증,5722.0,5747.0,25.0,5796.0,12999.0,7203.0,0.874013580044865,2.8716350488434,-0.32961881627392414,2.6926173138920717,2.693,전년 동월 대비 순이동 증가폭이 같은 시점의 다른 지역보다 매우 크게 나타남,78,MEDIUM
2014-11-01,세종특별자치시,migration_surge,순이동 급증,22.0,54.0,32.0,533.0,5385.0,4852.0,-0.4286350918516453,1.8545023427277254,0.5553486693253694,2.6901105154779623,2.69,전년 동월 대비 순이동 증가폭이 같은 시점의 다른 지역보다 매우 크게 나타남,79,MEDIUM
2011-09-01,인천광역시,migration_reverse,순이동 방향 반전,1274.0,1140.0,-134.0,-211.0,2313.0,2524.0,-0.23293312953941495,0.7827331444911663,0.30573132333585223,1.9076237024840925,2.69,전년 동월과 비교해 순유입·순유출 방향이 반대로 바뀌었고 변화 강도도 크게 나타남,32,MEDIUM
2022-06-01,서울특별시,migration_surge,순이동 급증,147.0,-494.0,-641.0,-8288.0,-1810.0,6478.0,0.12569467109742327,-1.322982900128907,-0.41191929597188737,2.6852065356695434,2.685,전년 동월 대비 순이동 증가폭이 같은 시점의 다른 지역보다 매우 크게 나타남,80,MEDIUM
2002-05-01,경상남도,migration_surge,순이동 급증,1365.0,999.0,-366.0,-507.0,3443.0,3950.0,-0.2945035149870785,0.39518991752773025,0.1790705251221342,2.6839705400319787,2.684,전년 동월 대비 순이동 증가폭이 같은 시점의 다른 지역보다 매우 크게 나타남,81,MEDIUM
2021-09-01,경기도,migration_drop,순이동 급감,1755.0,984.0,-771.0,15208.0,10251.0,-4957.0,1.486978762891368,2.9934443093605654,-0.6581140703559186,-2.682116362193063,2.682,전년 동월 대비 순이동 감소폭이 같은 시점의 다른 지역보다 매우 크게 나타남,87,MEDIUM
2014-05-01,경기도,migration_drop,순이동 급감,4951.0,4965.0,14.0,6727.0,3950.0,-2777.0,1.0562311697067956,1.6466231350422968,0.2853499356068105,-2.6707358875104643,2.671,전년 동월 대비 순이동 감소폭이 같은 시점의 다른 지역보다 매우 크게 나타남,88,MEDIUM
2003-05-01,경기도,migration_drop,순이동 급감,6431.0,6187.0,-244.0,29389.0,20625.0,-8764.0,0.7548437201260839,3.583217593274674,-0.5062575572854664,-2.6683235220654087,2.668,전년 동월 대비 순이동 감소폭이 같은 시점의 다른 지역보다 매우 크게 나타남,89,MEDIUM
2016-10-01,경기도,migration_surge,순이동 급증,4993.0,3469.0,-1524.0,9392.0,12836.0,3444.0,1.2886996182817365,2.7948840871723646,-0.6817262694539127,2.666484909997403,2.666,전년 동월 대비 순이동 증가폭이 같은 시점의 다른 지역보다 매우 크게 나타남,82,MEDIUM
2010-06-01,서울특별시,migration_drop,순이동 급감,3843.0,4005.0,162.0,-2076.0,-9056.0,-6980.0,0.5687035815201632,-2.4175607154895564,0.1428587673048291,-2.664165970327994,2.664,전년 동월 대비 순이동 감소폭이 같은 시점의 다른 지역보다 매우 크게 나타남,90,MEDIUM
2015-07-01,서울특별시,migration_drop,순이동 급감,3669.0,3428.0,-241.0,-7519.0,-11723.0,-4204.0,0.48572317778765345,-3.3101961646388487,-1.4474373884945035,-2.660789212256943,2.661,전년 동월 대비 순이동 감소폭이 같은 시점의 다른 지역보다 매우 크게 나타남,91,MEDIUM
2010-01-01,서울특별시,migration_drop,순이동 급감,5417.0,5219.0,-198.0,3430.0,-4124.0,-7554.0,0.5404719052950252,-1.2612473173452696,-1.1374008333326135,-2.6597447910993126,2.66,전년 동월 대비 순이동 감소폭이 같은 시점의 다른 지역보다 매우 크게 나타남,92,MEDIUM
2003-03-01,서울특별시,migration_surge,순이동 급증,6442.0,5984.0,-458.0,-11392.0,-4539.0,6853.0,0.4905321553470032,-0.7826773040053118,-0.9887166202417399,2.658074875660337,2.658,전년 동월 대비 순이동 증가폭이 같은 시점의 다른 지역보다 매우 크게 나타남,83,MEDIUM
2014-09-01,경상북도,migration_surge,순이동 급증,346.0,232.0,-114.0,-132.0,5772.0,5904.0,-0.40616503262939374,2.037036094490218,-0.9101441560046156,2.654657821519635,2.655,전년 동월 대비 순이동 증가폭이 같은 시점의 다른 지역보다 매우 크게 나타남,84,MEDIUM
2008-08-01,인천광역시,migration_reverse,순이동 방향 반전,1432.0,1174.0,-258.0,2643.0,-625.0,-3268.0,-0.22174368477682752,-0.22736870652015986,0.31158563534352407,-2.426011644083852,2.653,전년 동월과 비교해 순유입·순유출 방향이 반대로 바뀌었고 변화 강도도 크게 나타남,33,MEDIUM
2022-04-01,서울특별시,social_double_decline,자연감소 ↓ + 순이동 ↓,291.0,-1747.0,-2038.0,-9738.0,-4166.0,5572.0,-0.004754946692969451,-2.644406757873355,-0.19023385292560308,2.098703248030807,2.649,자연감소와 순유출이 동시에 강하게 나타난 지역,3,MEDIUM
2004-07-01,경기도,migration_drop,순이동 급감,6013.0,5863.0,-150.0,18892.0,13806.0,-5086.0,0.8239423271763257,3.5680530356083597,-1.2617593806302447,-2.631683261125042,2.632,전년 동월 대비 순이동 감소폭이 같은 시점의 다른 지역보다 매우 크게 나타남,93,MEDIUM
2009-03-01,인천광역시,migration_reverse,순이동 방향 반전,1316.0,1256.0,-60.0,2452.0,-681.0,-3133.0,-0.20816714999862795,-0.30244744557951153,-0.4984769836317954,-2.3146502534736833,2.617,전년 동월과 비교해 순유입·순유출 방향이 반대로 바뀌었고 변화 강도도 크게 나타남,34,MEDIUM
2001-10-01,경기도,migration_surge,순이동 급증,8689.0,6740.0,-1949.0,19742.0,23925.0,4183.0,0.6917068374739754,3.433066241911879,-0.42815503227036983,2.6159335925296263,2.616,전년 동월 대비 순이동 증가폭이 같은 시점의 다른 지역보다 매우 크게 나타남,85,MEDIUM
2007-08-01,경상남도,migration_reverse,순이동 방향 반전,954.0,1482.0,528.0,-626.0,2194.0,2820.0,-0.23509050992951658,0.9740824459673187,-0.18421254229863232,1.640245132124386,2.614,전년 동월과 비교해 순유입·순유출 방향이 반대로 바뀌었고 변화 강도도 크게 나타남,35,MEDIUM
2021-03-01,경상북도,migration_reverse,순이동 방향 반전,-797.0,-849.0,-52.0,-4717.0,1439.0,6156.0,-0.7259713609533023,0.3450676003535566,0.23458073781246064,2.2616916936496936,2.607,전년 동월과 비교해 순유입·순유출 방향이 반대로 바뀌었고 변화 강도도 크게 나타남,36,MEDIUM
2022-05-01,서울특별시,migration_surge,순이동 급증,21.0,-800.0,-821.0,-8309.0,-3082.0,5227.0,0.09165358766679152,-2.049783015027683,-0.2061705983994138,2.6062980936148707,2.606,전년 동월 대비 순이동 증가폭이 같은 시점의 다른 지역보다 매우 크게 나타남,86,MEDIUM
2001-09-01,서울특별시,migration_drop,순이동 급감,7839.0,6265.0,-1574.0,-2580.0,-12642.0,-10062.0,0.49876987357610053,-1.9292802883476512,-0.5610453479292596,-2.602079124257119,2.602,전년 동월 대비 순이동 감소폭이 같은 시점의 다른 지역보다 매우 크게 나타남,94,MEDIUM
2020-09-01,경기도,migration_surge,순이동 급증,1725.0,1755.0,30.0,11149.0,15208.0,4059.0,3.2813310092637242,3.39762192990547,0.5721938609560443,2.6011371556863514,2.601,전년 동월 대비 순이동 증가폭이 같은 시점의 다른 지역보다 매우 크게 나타남,87,MEDIUM
2017-07-01,서울특별시,migration_surge,순이동 급증,3039.0,1932.0,-1107.0,-12845.0,-8243.0,4602.0,0.6246013924870292,-2.7472891468430833,-0.5336429441302294,2.5958157488973432,2.596,전년 동월 대비 순이동 증가폭이 같은 시점의 다른 지역보다 매우 크게 나타남,88,MEDIUM
2003-07-01,경기도,migration_drop,순이동 급감,6168.0,6013.0,-155.0,23444.0,18892.0,-4552.0,0.8464010645692289,3.5885163291317923,0.23319785677261218,-2.593251480308019,2.593,전년 동월 대비 순이동 감소폭이 같은 시점의 다른 지역보다 매우 크게 나타남,95,MEDIUM
2006-08-01,서울특별시,migration_surge,순이동 급증,4335.0,4490.0,155.0,-4428.0,-1067.0,3361.0,0.5769658800652894,-0.37807930121017724,0.2864203075679029,2.590771528043077,2.591,전년 동월 대비 순이동 증가폭이 같은 시점의 다른 지역보다 매우 크게 나타남,89,MEDIUM
2014-02-01,경기도,migration_drop,순이동 급감,5376.0,4768.0,-608.0,7502.0,5359.0,-2143.0,0.9965029192726554,2.929898913279607,-1.5769079160014887,-2.5875136209297787,2.588,전년 동월 대비 순이동 감소폭이 같은 시점의 다른 지역보다 매우 크게 나타남,96,MEDIUM
2019-03-01,경기도,migration_drop,순이동 급감,2807.0,2152.0,-655.0,14921.0,9363.0,-5558.0,2.451008426003378,3.6373129391988503,-0.5823188583679401,-2.585060783880219,2.585,전년 동월 대비 순이동 감소폭이 같은 시점의 다른 지역보다 매우 크게 나타남,97,MEDIUM
2014-09-01,대구광역시,migration_drop,순이동 급감,621.0,755.0,134.0,-344.0,-6094.0,-5750.0,-0.2755584737698121,-2.1506753222147243,0.1939002767140268,-2.5854136981263385,2.585,전년 동월 대비 순이동 감소폭이 같은 시점의 다른 지역보다 매우 크게 나타남,98,MEDIUM
2012-11-01,서울특별시,migration_surge,순이동 급증,3936.0,4190.0,254.0,-12884.0,-11130.0,1754.0,0.5936513858448814,-3.533411425034352,1.0379035575106221,2.583160822078687,2.583,전년 동월 대비 순이동 증가폭이 같은 시점의 다른 지역보다 매우 크게 나타남,90,MEDIUM
2010-08-01,서울특별시,migration_drop,순이동 급감,4166.0,4212.0,46.0,-4575.0,-7590.0,-3015.0,0.4802172517255211,-2.2754497252098784,-0.3356598195627625,-2.5734386324034713,2.573,전년 동월 대비 순이동 감소폭이 같은 시점의 다른 지역보다 매우 크게 나타남,99,MEDIUM
2001-05-01,경기도,migration_surge,순이동 급증,8161.0,7178.0,-983.0,15931.0,26290.0,10359.0,0.6452319029751045,3.381184176652222,-0.168363558354396,2.5658312924852105,2.566,전년 동월 대비 순이동 증가폭이 같은 시점의 다른 지역보다 매우 크게 나타남,91,MEDIUM
2008-09-01,인천광역시,migration_drop,순이동 급감,1440.0,1270.0,-170.0,2486.0,-592.0,-3078.0,-0.23879702941236639,-0.23292249823128428,0.2998367883548924,-2.565397422424301,2.565,전년 동월 대비 순이동 감소폭이 같은 시점의 다른 지역보다 매우 크게 나타남,100,MEDIUM
2021-01-01,경기도,migration_surge,순이동 급증,1589.0,1438.0,-151.0,9341.0,21144.0,11803.0,2.3246464342746433,3.6372545563514027,-0.5730183654500365,2.5616633152769626,2.562,전년 동월 대비 순이동 증가폭이 같은 시점의 다른 지역보다 매우 크게 나타남,92,MEDIUM
2010-08-01,경기도,migration_surge,순이동 급증,5428.0,6208.0,780.0,7407.0,10402.0,2995.0,0.9357336272580713,3.118475367804105,1.5578136110449003,2.5563677293692857,2.556,전년 동월 대비 순이동 증가폭이 같은 시점의 다른 지역보다 매우 크게 나타남,93,MEDIUM
2001-06-01,경기도,migration_surge,순이동 급증,7535.0,6609.0,-926.0,12467.0,20059.0,7592.0,0.7052001985336462,2.7741156827056654,-0.29163844728590627,2.554606632659241,2.555,전년 동월 대비 순이동 증가폭이 같은 시점의 다른 지역보다 매우 크게 나타남,94,MEDIUM
2005-02-01,경기도,migration_drop,순이동 급감,6712.0,5590.0,-1122.0,19623.0,13508.0,-6115.0,0.8805448762879432,3.518335197619883,-0.7259297201357525,-2.549042271991421,2.549,전년 동월 대비 순이동 감소폭이 같은 시점의 다른 지역보다 매우 크게 나타남,101,MEDIUM
2013-10-01,경기도,migration_drop,순이동 급감,6481.0,4725.0,-1756.0,5572.0,2900.0,-2672.0,1.011176678568153,1.188871031335359,-0.8512354353641355,-2.547368301957385,2.547,전년 동월 대비 순이동 감소폭이 같은 시점의 다른 지역보다 매우 크게 나타남,102,MEDIUM
2007-08-01,경기도,migration_drop,순이동 급감,5954.0,7855.0,1901.0,10240.0,5867.0,-4373.0,0.8412254525566969,2.604804790560738,0.6329111653776082,-2.5435432492127448,2.544,전년 동월 대비 순이동 감소폭이 같은 시점의 다른 지역보다 매우 크게 나타남,103,MEDIUM
2011-08-01,경기도,migration_drop,순이동 급감,6208.0,6280.0,72.0,10402.0,6790.0,-3612.0,0.9066623176971678,2.095213159331164,-0.007699548501752371,-2.5413200273480663,2.541,전년 동월 대비 순이동 감소폭이 같은 시점의 다른 지역보다 매우 크게 나타남,104,MEDIUM
2003-03-01,경기도,migration_drop,순이동 급감,7640.0,7981.0,341.0,27812.0,21284.0,-6528.0,0.8163730440899671,3.6700823393807127,1.523392966878266,-2.532017041924804,2.532,전년 동월 대비 순이동 감소폭이 같은 시점의 다른 지역보다 매우 크게 나타남,105,MEDIUM
2017-12-01,충청남도,migration_drop,순이동 급감,-192.0,-315.0,-123.0,2758.0,1314.0,-1444.0,-0.18675402904773503,0.2595119357715648,0.3454960241382354,-2.5283937987262353,2.528,전년 동월 대비 순이동 감소폭이 같은 시점의 다른 지역보다 매우 크게 나타남,106,MEDIUM
2004-10-01,경기도,migration_drop,순이동 급감,6950.0,6408.0,-542.0,17735.0,13102.0,-4633.0,0.8510725369955983,3.2398144733873058,-0.842826836619267,-2.5226383321672134,2.523,전년 동월 대비 순이동 감소폭이 같은 시점의 다른 지역보다 매우 크게 나타남,107,MEDIUM
2010-03-01,경기도,migration_surge,순이동 급증,6364.0,6426.0,62.0,7754.0,16247.0,8493.0,0.8719504871587928,3.0728615366184657,-0.056113027948839704,2.5212423721561525,2.521,전년 동월 대비 순이동 증가폭이 같은 시점의 다른 지역보다 매우 크게 나타남,96,MEDIUM
2002-01-01,경기도,migration_surge,순이동 급증,9371.0,8020.0,-1351.0,14218.0,27958.0,13740.0,0.6948658859528192,3.0699957320237203,-0.2479056166029735,2.5212280006262957,2.521,전년 동월 대비 순이동 증가폭이 같은 시점의 다른 지역보다 매우 크게 나타남,95,MEDIUM
2004-05-01,충청남도,migration_reverse,순이동 방향 반전,357.0,365.0,8.0,-545.0,3222.0,3767.0,-0.398301106046298,0.8267697941908136,0.5150266546950245,1.682081051299118,2.509,전년 동월과 비교해 순유입·순유출 방향이 반대로 바뀌었고 변화 강도도 크게 나타남,37,MEDIUM
2003-11-01,경기도,migration_drop,순이동 급감,5298.0,6397.0,1099.0,24678.0,20656.0,-4022.0,0.8685389541170228,3.582893455604514,0.697331349770783,-2.5039568918759554,2.504,전년 동월 대비 순이동 감소폭이 같은 시점의 다른 지역보다 매우 크게 나타남,108,MEDIUM
2013-01-01,경기도,migration_surge,순이동 급증,7015.0,6692.0,-323.0,5317.0,8070.0,2753.0,0.919367952396909,3.355875940800479,-1.2767000963586488,2.5002765739712993,2.5,전년 동월 대비 순이동 증가폭이 같은 시점의 다른 지역보다 매우 크게 나타남,97,MEDIUM
2013-08-01,세종특별자치시,migration_drop,순이동 급감,26.0,36.0,10.0,3464.0,526.0,-2938.0,-0.45422253995621387,0.22027737075964232,0.48776287231917526,-2.498671853850489,2.499,전년 동월 대비 순이동 감소폭이 같은 시점의 다른 지역보다 매우 크게 나타남,109,MEDIUM
2015-02-01,대전광역시,migration_reverse,순이동 방향 반전,697.0,597.0,-100.0,145.0,-2499.0,-2644.0,-0.2605265344181932,-0.9787120384052956,0.08880187195319292,-1.517108988558707,2.496,전년 동월과 비교해 순유입·순유출 방향이 반대로 바뀌었고 변화 강도도 크게 나타남,38,MEDIUM
2010-05-01,경기도,migration_surge,순이동 급증,5269.0,5430.0,161.0,4919.0,12567.0,7648.0,0.9410341610129374,2.8357806959414518,0.1551181313974503,2.4953677677108144,2.495,전년 동월 대비 순이동 증가폭이 같은 시점의 다른 지역보다 매우 크게 나타남,98,MEDIUM
2009-05-01,경기도,migration_drop,순이동 급감,6063.0,5269.0,-794.0,10397.0,4919.0,-5478.0,0.9924540120569657,3.006318468558099,-0.693045985726288,-2.491137387950416,2.491,전년 동월 대비 순이동 감소폭이 같은 시점의 다른 지역보다 매우 크게 나타남,110,MEDIUM
2019-08-01,서울특별시,migration_surge,순이동 급증,1110.0,749.0,-361.0,-8968.0,-7410.0,1558.0,1.1465068313148734,-1.7132465277909663,-0.0820401103368436,2.4879717675504254,2.488,전년 동월 대비 순이동 증가폭이 같은 시점의 다른 지역보다 매우 크게 나타남,99,MEDIUM
2018-02-01,서울특별시,migration_drop,순이동 급감,2147.0,982.0,-1165.0,-1548.0,-7234.0,-5686.0,0.8181126647166277,-1.6089361079285351,-0.5136818560838183,-2.4849279381151366,2.485,전년 동월 대비 순이동 감소폭이 같은 시점의 다른 지역보다 매우 크게 나타남,111,MEDIUM
2017-09-01,경기도,migration_surge,순이동 급증,4730.0,3378.0,-1352.0,11058.0,13923.0,2865.0,1.3542968800087254,2.906110608702603,-0.7263382666416772,2.482014112685478,2.482,전년 동월 대비 순이동 증가폭이 같은 시점의 다른 지역보다 매우 크게 나타남,100,MEDIUM
2020-02-01,경기도,migration_surge,순이동 급증,2295.0,1350.0,-945.0,11420.0,13798.0,2378.0,2.1421970937422916,3.6726653157353364,-0.27278568854762514,2.4799744597943656,2.48,전년 동월 대비 순이동 증가폭이 같은 시점의 다른 지역보다 매우 크게 나타남,101,MEDIUM
2015-10-01,부산광역시,migration_reverse,순이동 방향 반전,501.0,534.0,33.0,4568.0,-1756.0,-6324.0,-0.2987937352918397,-0.38750093992754164,0.628206884918597,-2.085514818579921,2.473,전년 동월과 비교해 순유입·순유출 방향이 반대로 바뀌었고 변화 강도도 크게 나타남,39,MEDIUM
2021-09-01,인천광역시,migration_surge,순이동 급증,84.0,3.0,-81.0,-1336.0,3231.0,4567.0,0.4470947630840105,0.9435000061988085,0.35776670938811683,2.4710965152583655,2.471,전년 동월 대비 순이동 증가폭이 같은 시점의 다른 지역보다 매우 크게 나타남,102,MEDIUM
2021-03-01,경기도,migration_drop,순이동 급감,1543.0,1333.0,-210.0,21855.0,15135.0,-6720.0,2.1162586203866005,3.6293246222036686,-0.4365939285241973,-2.468903213340796,2.469,전년 동월 대비 순이동 감소폭이 같은 시점의 다른 지역보다 매우 크게 나타남,112,MEDIUM
2014-12-01,세종특별자치시,migration_surge,순이동 급증,-17.0,1.0,18.0,2841.0,7927.0,5086.0,-0.43728010605438355,1.9025420426838022,0.562908198528848,2.467329608255593,2.467,전년 동월 대비 순이동 증가폭이 같은 시점의 다른 지역보다 매우 크게 나타남,103,MEDIUM
2003-02-01,경기도,migration_drop,순이동 급감,7228.0,6795.0,-433.0,24321.0,17480.0,-6841.0,0.7642023654340361,3.350954998866802,-0.16867652145131645,-2.458744822192713,2.459,전년 동월 대비 순이동 감소폭이 같은 시점의 다른 지역보다 매우 크게 나타남,113,MEDIUM
2013-10-01,서울특별시,migration_surge,순이동 급증,4453.0,3290.0,-1163.0,-11349.0,-8773.0,2576.0,0.5637549023687665,-3.596539847553484,-0.4041294892428491,2.4558460875158024,2.456,전년 동월 대비 순이동 증가폭이 같은 시점의 다른 지역보다 매우 크게 나타남,104,MEDIUM
2004-08-01,충청남도,migration_reverse,순이동 방향 반전,266.0,415.0,149.0,-909.0,2840.0,3749.0,-0.38946125256852615,0.7897156477256017,1.1387654156371996,1.66666833175462,2.456,전년 동월과 비교해 순유입·순유출 방향이 반대로 바뀌었고 변화 강도도 크게 나타남,40,MEDIUM
2007-09-01,경상남도,migration_reverse,순이동 방향 반전,907.0,1516.0,609.0,-168.0,1499.0,1667.0,-0.23537156621485866,0.7691932278795199,-0.08669458599814528,1.6774638402074453,2.447,전년 동월과 비교해 순유입·순유출 방향이 반대로 바뀌었고 변화 강도도 크게 나타남,41,MEDIUM
2006-01-01,경상북도,migration_reverse,순이동 방향 반전,289.0,241.0,-48.0,-2801.0,836.0,3637.0,-0.4289736364867854,0.26882649900028427,0.03805788127364216,2.17074808986253,2.44,전년 동월과 비교해 순유입·순유출 방향이 반대로 바뀌었고 변화 강도도 크게 나타남,42,MEDIUM
2013-11-01,경기도,migration_drop,순이동 급감,5531.0,4305.0,-1226.0,5333.0,3461.0,-1872.0,1.1355904270906958,1.1461385096989791,-0.4808613036627468,-2.435369166146469,2.435,전년 동월 대비 순이동 감소폭이 같은 시점의 다른 지역보다 매우 크게 나타남,114,MEDIUM
2021-07-01,인천광역시,migration_surge,순이동 급증,149.0,-120.0,-269.0,-1855.0,1012.0,2867.0,0.2983422782268379,0.2969440300435609,-0.005469033756678942,2.433424659705981,2.433,전년 동월 대비 순이동 증가폭이 같은 시점의 다른 지역보다 매우 크게 나타남,105,MEDIUM
2001-08-01,서울특별시,migration_drop,순이동 급감,7324.0,6123.0,-1201.0,-357.0,-10211.0,-9854.0,0.5527169897477038,-1.5540799678707915,-0.30219426713013287,-2.4334352612524675,2.433,전년 동월 대비 순이동 감소폭이 같은 시점의 다른 지역보다 매우 크게 나타남,115,MEDIUM
2009-08-01,경기도,migration_drop,순이동 급감,6106.0,5428.0,-678.0,8797.0,7407.0,-1390.0,0.871509773183767,3.16314365043176,-0.871205229786994,-2.42919909180307,2.429,전년 동월 대비 순이동 감소폭이 같은 시점의 다른 지역보다 매우 크게 나타남,116,MEDIUM
2008-08-01,인천광역시,migration_drop,순이동 급감,1432.0,1174.0,-258.0,2643.0,-625.0,-3268.0,-0.22174368477682752,-0.22736870652015986,0.31158563534352407,-2.426011644083852,2.426,전년 동월 대비 순이동 감소폭이 같은 시점의 다른 지역보다 매우 크게 나타남,117,MEDIUM
2021-08-01,대구광역시,migration_reverse,순이동 방향 반전,-307.0,-270.0,37.0,371.0,-1882.0,-2253.0,0.14902172631134533,-0.4237173796329484,0.6259944722183641,-1.9889515759957546,2.413,전년 동월과 비교해 순유입·순유출 방향이 반대로 바뀌었고 변화 강도도 크게 나타남,43,MEDIUM
2013-09-01,서울특별시,migration_surge,순이동 급증,4836.0,3685.0,-1151.0,-8190.0,-6519.0,1671.0,0.5053539061650281,-3.3484133589599954,-0.4251535436917766,2.408365213261823,2.408,전년 동월 대비 순이동 증가폭이 같은 시점의 다른 지역보다 매우 크게 나타남,106,MEDIUM
2014-04-01,전라남도,migration_reverse,순이동 방향 반전,-124.0,-66.0,58.0,-204.0,1564.0,1768.0,-0.48328166493052505,0.5988636241151525,-0.1863056842829093,1.8027821430114987,2.402,전년 동월과 비교해 순유입·순유출 방향이 반대로 바뀌었고 변화 강도도 크게 나타남,44,MEDIUM
2014-12-01,경기도,migration_drop,순이동 급감,3985.0,3841.0,-144.0,9687.0,4738.0,-4949.0,1.3562637421819679,1.1371570831633475,-1.3066137911182145,-2.400867918060741,2.401,전년 동월 대비 순이동 감소폭이 같은 시점의 다른 지역보다 매우 크게 나타남,118,MEDIUM
2013-02-01,서울특별시,migration_drop,순이동 급감,4042.0,3581.0,-461.0,-2853.0,-4723.0,-1870.0,0.5470427967035744,-1.9560997973126746,-1.365773708680038,-2.3876441220921962,2.388,전년 동월 대비 순이동 감소폭이 같은 시점의 다른 지역보다 매우 크게 나타남,119,MEDIUM
2008-02-01,경기도,migration_drop,순이동 급감,6747.0,6604.0,-143.0,8665.0,6151.0,-2514.0,0.9724752318647603,2.659137945726507,0.12257977319207371,-2.3821434211806554,2.382,전년 동월 대비 순이동 감소폭이 같은 시점의 다른 지역보다 매우 크게 나타남,120,MEDIUM
2005-09-01,충청남도,migration_drop,순이동 급감,537.0,387.0,-150.0,3087.0,1252.0,-1835.0,-0.396401309022524,0.4161305441845667,0.07565284401714117,-2.3757621125771258,2.376,전년 동월 대비 순이동 감소폭이 같은 시점의 다른 지역보다 매우 크게 나타남,121,MEDIUM
2013-07-01,세종특별자치시,migration_drop,순이동 급감,46.0,47.0,1.0,2339.0,313.0,-2026.0,-0.4548708011705326,0.1021186022395429,0.47215398446008566,-2.374625862277721,2.375,전년 동월 대비 순이동 감소폭이 같은 시점의 다른 지역보다 매우 크게 나타남,122,MEDIUM
2001-04-01,경기도,migration_surge,순이동 급증,8436.0,7464.0,-972.0,14659.0,22445.0,7786.0,0.6490953541674015,3.394153970538973,-0.2812064916423608,2.3728173685784695,2.373,전년 동월 대비 순이동 증가폭이 같은 시점의 다른 지역보다 매우 크게 나타남,107,MEDIUM
2016-06-01,부산광역시,migration_drop,순이동 급감,553.0,302.0,-251.0,1168.0,-2113.0,-3281.0,-0.35090178498401076,-0.5347904754008566,0.07207122331317693,-2.366814128965745,2.367,전년 동월 대비 순이동 감소폭이 같은 시점의 다른 지역보다 매우 크게 나타남,123,MEDIUM
2021-10-01,인천광역시,migration_surge,순이동 급증,-123.0,-180.0,-57.0,-270.0,3294.0,3564.0,0.37305912385116197,1.0872171425952368,0.37606476940164985,2.364101581719437,2.364,전년 동월 대비 순이동 증가폭이 같은 시점의 다른 지역보다 매우 크게 나타남,108,MEDIUM
2015-05-01,서울특별시,migration_drop,순이동 급감,3311.0,3386.0,75.0,-7587.0,-11676.0,-4089.0,0.5708265367945123,-3.309368663529111,0.7871926617813395,-2.3536788233243238,2.354,전년 동월 대비 순이동 감소폭이 같은 시점의 다른 지역보다 매우 크게 나타남,124,MEDIUM
2007-05-01,인천광역시,migration_reverse,순이동 방향 반전,1019.0,1152.0,133.0,-293.0,1655.0,1948.0,-0.23808492130402745,0.5137452244351497,-0.23023405890534882,1.838763444623595,2.353,전년 동월과 비교해 순유입·순유출 방향이 반대로 바뀌었고 변화 강도도 크게 나타남,45,MEDIUM
2018-01-01,서울특별시,migration_drop,순이동 급감,2489.0,1050.0,-1439.0,-2518.0,-7155.0,-4637.0,1.2197745839308127,-1.7244853865485474,-0.27644113901679906,-2.348849639330612,2.349,전년 동월 대비 순이동 감소폭이 같은 시점의 다른 지역보다 매우 크게 나타남,125,MEDIUM
2006-11-01,서울특별시,migration_drop,순이동 급감,4105.0,4445.0,340.0,-7014.0,-8434.0,-1420.0,0.6306571644989571,-1.8590126294925757,0.5188456655649792,-2.345529570402591,2.346,전년 동월 대비 순이동 감소폭이 같은 시점의 다른 지역보다 매우 크게 나타남,126,MEDIUM
2015-10-01,경기도,migration_surge,순이동 급증,5159.0,4993.0,-166.0,2288.0,9392.0,7104.0,1.0567219091798785,2.072556280068036,-1.7012310672329707,2.342741503983517,2.343,전년 동월 대비 순이동 증가폭이 같은 시점의 다른 지역보다 매우 크게 나타남,109,MEDIUM
2001-01-01,부산광역시,migration_surge,순이동 급증,1877.0,1767.0,-110.0,-3291.0,-1424.0,1867.0,-0.28658723933166363,-0.3495211337223053,0.1377635441073174,2.341834133395389,2.342,전년 동월 대비 순이동 증가폭이 같은 시점의 다른 지역보다 매우 크게 나타남,110,MEDIUM
2014-06-01,경기도,migration_surge,순이동 급증,4592.0,5144.0,552.0,6169.0,8760.0,2591.0,1.1075220738542295,2.910817914812287,2.2136347926687825,2.3414997208096873,2.341,전년 동월 대비 순이동 증가폭이 같은 시점의 다른 지역보다 매우 크게 나타남,111,MEDIUM
2003-06-01,전라남도,migration_reverse,순이동 방향 반전,81.0,-38.0,-119.0,-4514.0,1821.0,6335.0,-0.49071770051777325,0.4087969866296729,-0.21439779240420667,1.930696966851097,2.339,전년 동월과 비교해 순유입·순유출 방향이 반대로 바뀌었고 변화 강도도 크게 나타남,46,MEDIUM
2003-04-01,서울특별시,migration_surge,순이동 급증,5575.0,5462.0,-113.0,-14169.0,-7347.0,6822.0,0.49835106462282813,-1.3051207616485294,-1.1999855996532791,2.3362689690971674,2.336,전년 동월 대비 순이동 증가폭이 같은 시점의 다른 지역보다 매우 크게 나타남,112,MEDIUM
2008-04-01,충청남도,migration_drop,순이동 급감,404.0,501.0,97.0,1896.0,88.0,-1808.0,-0.3697717948241338,0.026412479262334875,0.788204163022541,-2.3294893046853384,2.329,전년 동월 대비 순이동 감소폭이 같은 시점의 다른 지역보다 매우 크게 나타남,127,MEDIUM
2019-06-01,서울특별시,migration_surge,순이동 급증,1178.0,859.0,-319.0,-8522.0,-6105.0,2417.0,1.2438682478260172,-1.845102333231292,-0.007955000742574967,2.3265661692893866,2.327,전년 동월 대비 순이동 증가폭이 같은 시점의 다른 지역보다 매우 크게 나타남,113,MEDIUM
2013-11-01,경상남도,migration_reverse,순이동 방향 반전,936.0,639.0,-297.0,-366.0,1132.0,1498.0,-0.2160571396997233,0.3748710756946676,0.25080045428524705,1.9488157109441295,2.324,전년 동월과 비교해 순유입·순유출 방향이 반대로 바뀌었고 변화 강도도 크게 나타남,47,MEDIUM
2020-08-01,대구광역시,migration_reverse,순이동 방향 반전,-26.0,-307.0,-281.0,-1925.0,371.0,2296.0,0.01722581570657775,0.07835064827245718,0.14050119234281308,2.240943658158853,2.319,전년 동월과 비교해 순유입·순유출 방향이 반대로 바뀌었고 변화 강도도 크게 나타남,48,MEDIUM
2009-03-01,인천광역시,migration_drop,순이동 급감,1316.0,1256.0,-60.0,2452.0,-681.0,-3133.0,-0.20816714999862795,-0.30244744557951153,-0.4984769836317954,-2.3146502534736833,2.315,전년 동월 대비 순이동 감소폭이 같은 시점의 다른 지역보다 매우 크게 나타남,128,MEDIUM
2010-07-01,경기도,migration_surge,순이동 급증,5672.0,5783.0,111.0,6042.0,9894.0,3852.0,0.9502599234745891,3.0504110645556226,1.5875240853874617,2.312424122442649,2.312,전년 동월 대비 순이동 증가폭이 같은 시점의 다른 지역보다 매우 크게 나타남,114,MEDIUM
2009-01-01,경기도,migration_drop,순이동 급감,8135.0,7109.0,-1026.0,7105.0,3709.0,-3396.0,0.8797372197786552,2.561387508880982,-0.7201078837238023,-2.310785286372878,2.311,전년 동월 대비 순이동 감소폭이 같은 시점의 다른 지역보다 매우 크게 나타남,129,MEDIUM
2006-12-01,서울특별시,migration_drop,순이동 급감,3404.0,4042.0,638.0,-7612.0,-9737.0,-2125.0,0.7485051380036201,-1.5858161540164109,0.8045684439071902,-2.310762754429362,2.311,전년 동월 대비 순이동 감소폭이 같은 시점의 다른 지역보다 매우 크게 나타남,130,MEDIUM
2011-12-01,경기도,migration_drop,순이동 급감,5117.0,4454.0,-663.0,13190.0,11183.0,-2007.0,1.0897210335938325,2.5304515095648648,-1.7574918688267784,-2.3066651425572906,2.307,전년 동월 대비 순이동 감소폭이 같은 시점의 다른 지역보다 매우 크게 나타남,131,MEDIUM
2017-08-01,경기도,migration_drop,순이동 급감,4437.0,3355.0,-1082.0,15118.0,10764.0,-4354.0,1.3784019679035566,2.983833255921436,-0.688255930077675,-2.3041202046140175,2.304,전년 동월 대비 순이동 감소폭이 같은 시점의 다른 지역보다 매우 크게 나타남,132,MEDIUM
2008-01-01,충청남도,migration_reverse,순이동 방향 반전,503.0,743.0,240.0,-547.0,1625.0,2172.0,-0.3604500750242607,0.6651867962055111,-0.23738218329807625,1.624470286695139,2.29,전년 동월과 비교해 순유입·순유출 방향이 반대로 바뀌었고 변화 강도도 크게 나타남,49,MEDIUM
2014-02-01,서울특별시,migration_surge,순이동 급증,3581.0,3248.0,-333.0,-4723.0,-2832.0,1891.0,0.5311303068516017,-1.548325008846398,-0.6794953862006875,2.2832423038629077,2.283,전년 동월 대비 순이동 증가폭이 같은 시점의 다른 지역보다 매우 크게 나타남,115,MEDIUM
2022-02-01,서울특별시,migration_surge,순이동 급증,50.0,-1059.0,-1109.0,-9415.0,3265.0,12680.0,-0.05677836394609788,1.9040006590662122,-0.3177115980790752,2.2818139347649,2.282,전년 동월 대비 순이동 증가폭이 같은 시점의 다른 지역보다 매우 크게 나타남,116,MEDIUM
2005-08-01,인천광역시,migration_surge,순이동 급증,1092.0,1074.0,-18.0,-704.0,1973.0,2677.0,-0.21474525696869384,0.5525766824904701,0.4535465880928162,2.281450497195385,2.281,전년 동월 대비 순이동 증가폭이 같은 시점의 다른 지역보다 매우 크게 나타남,117,MEDIUM
2013-01-01,대구광역시,migration_reverse,순이동 방향 반전,839.0,811.0,-28.0,577.0,-1324.0,-1901.0,-0.2998755231465752,-0.5505798941288519,0.2385608584165915,-1.726489563065543,2.277,전년 동월과 비교해 순유입·순유출 방향이 반대로 바뀌었고 변화 강도도 크게 나타남,50,MEDIUM
2007-03-01,경기도,migration_drop,순이동 급감,6726.0,7522.0,796.0,14256.0,11194.0,-3062.0,0.8741205079145721,3.4780961119672287,0.6991851226701026,-2.273406844703343,2.273,전년 동월 대비 순이동 감소폭이 같은 시점의 다른 지역보다 매우 크게 나타남,133,MEDIUM
2020-07-01,경기도,migration_drop,순이동 급감,2312.0,1627.0,-685.0,14121.0,11290.0,-2831.0,3.155494119787548,3.4867755204625586,-0.5072221969563973,-2.271958032772279,2.272,전년 동월 대비 순이동 감소폭이 같은 시점의 다른 지역보다 매우 크게 나타남,134,MEDIUM
2013-06-01,경상남도,migration_surge,순이동 급증,1088.0,731.0,-357.0,742.0,1884.0,1142.0,-0.22508117246579948,0.6722969908456325,0.17367182758783406,2.2717987279594154,2.272,전년 동월 대비 순이동 증가폭이 같은 시점의 다른 지역보다 매우 크게 나타남,118,MEDIUM
2015-09-01,서울특별시,migration_drop,순이동 급감,4084.0,3295.0,-789.0,-6126.0,-12886.0,-6760.0,0.449740614468733,-3.1989540023214893,-1.4375402395654604,-2.2692115635709458,2.269,전년 동월 대비 순이동 감소폭이 같은 시점의 다른 지역보다 매우 크게 나타남,135,MEDIUM
2017-11-01,경기도,migration_surge,순이동 급증,3263.0,2258.0,-1005.0,11874.0,13699.0,1825.0,2.1846648052438664,2.7070792953441076,-0.5188993423718858,2.2680453884575225,2.268,전년 동월 대비 순이동 증가폭이 같은 시점의 다른 지역보다 매우 크게 나타남,119,MEDIUM
2006-06-01,경상남도,migration_drop,순이동 급감,694.0,832.0,138.0,3732.0,135.0,-3597.0,-0.27031075327513276,0.03872869213795903,-0.14417070417108546,-2.2636240904187215,2.264,전년 동월 대비 순이동 감소폭이 같은 시점의 다른 지역보다 매우 크게 나타남,136,MEDIUM
2013-07-01,경기도,migration_surge,순이동 급증,6301.0,5261.0,-1040.0,6388.0,8319.0,1931.0,0.9451860803543534,2.7141362684688732,-0.6279730188740458,2.263278647610207,2.263,전년 동월 대비 순이동 증가폭이 같은 시점의 다른 지역보다 매우 크게 나타남,120,MEDIUM
2021-03-01,경상북도,migration_surge,순이동 급증,-797.0,-849.0,-52.0,-4717.0,1439.0,6156.0,-0.7259713609533023,0.3450676003535566,0.23458073781246064,2.2616916936496936,2.262,전년 동월 대비 순이동 증가폭이 같은 시점의 다른 지역보다 매우 크게 나타남,121,MEDIUM
2008-03-01,경상북도,migration_reverse,순이동 방향 반전,506.0,358.0,-148.0,-1215.0,1224.0,2439.0,-0.399852933596664,0.4533393615742861,0.3458473933285801,1.8030395645647934,2.256,전년 동월과 비교해 순유입·순유출 방향이 반대로 바뀌었고 변화 강도도 크게 나타남,51,MEDIUM
2012-06-01,경기도,migration_surge,순이동 급증,5618.0,5955.0,337.0,3441.0,6118.0,2677.0,0.9310508345431799,2.416758127606055,0.3274858489115733,2.253547519836736,2.254,전년 동월 대비 순이동 증가폭이 같은 시점의 다른 지역보다 매우 크게 나타남,122,MEDIUM
2005-04-01,서울특별시,migration_drop,순이동 급감,5334.0,4163.0,-1171.0,-3097.0,-5491.0,-2394.0,0.6090924443876191,-1.330918037121426,-0.6964420147912426,-2.251889349914587,2.252,전년 동월 대비 순이동 감소폭이 같은 시점의 다른 지역보다 매우 크게 나타남,137,MEDIUM
2008-02-01,충청남도,migration_reverse,순이동 방향 반전,537.0,534.0,-3.0,-100.0,1561.0,1661.0,-0.3585994355463635,0.6748356906647826,0.5009712909574894,1.5738823478842756,2.249,전년 동월과 비교해 순유입·순유출 방향이 반대로 바뀌었고 변화 강도도 크게 나타남,52,MEDIUM
2008-11-01,인천광역시,migration_reverse,순이동 방향 반전,1286.0,1051.0,-235.0,1542.0,-757.0,-2299.0,-0.20354218377946118,-0.28050682116304526,0.29871304214676475,-1.9644759455156935,2.245,전년 동월과 비교해 순유입·순유출 방향이 반대로 바뀌었고 변화 강도도 크게 나타남,53,MEDIUM
2014-08-01,세종특별자치시,migration_surge,순이동 급증,36.0,58.0,22.0,526.0,2561.0,2035.0,-0.4486070429703729,1.2454403442112578,-0.18493375106651344,2.2428925800149613,2.243,전년 동월 대비 순이동 증가폭이 같은 시점의 다른 지역보다 매우 크게 나타남,123,MEDIUM
2020-08-01,대구광역시,migration_surge,순이동 급증,-26.0,-307.0,-281.0,-1925.0,371.0,2296.0,0.01722581570657775,0.07835064827245718,0.14050119234281308,2.240943658158853,2.241,전년 동월 대비 순이동 증가폭이 같은 시점의 다른 지역보다 매우 크게 나타남,124,MEDIUM
2008-11-01,서울특별시,migration_surge,순이동 급증,5212.0,3979.0,-1233.0,-7998.0,-5379.0,2619.0,0.5612736794202414,-1.9931917979339768,-0.5081593464954913,2.2379132237083956,2.238,전년 동월 대비 순이동 증가폭이 같은 시점의 다른 지역보다 매우 크게 나타남,125,MEDIUM
2014-01-01,경기도,migration_drop,순이동 급감,6692.0,5916.0,-776.0,8070.0,6246.0,-1824.0,0.9245929144016477,3.0784065025061107,-0.8654771769979321,-2.2370657679181836,2.237,전년 동월 대비 순이동 감소폭이 같은 시점의 다른 지역보다 매우 크게 나타남,138,MEDIUM
2017-06-01,경기도,migration_drop,순이동 급감,4210.0,3119.0,-1091.0,10215.0,6047.0,-4168.0,1.3457577948673622,2.4472979649416597,-0.5472342714059268,-2.234773199091362,2.235,전년 동월 대비 순이동 감소폭이 같은 시점의 다른 지역보다 매우 크게 나타남,139,MEDIUM
2007-05-01,서울특별시,migration_drop,순이동 급감,4591.0,4787.0,196.0,-4097.0,-6465.0,-2368.0,0.527790024660698,-2.0068657860865518,-0.10345736117392024,-2.235211415230325,2.235,전년 동월 대비 순이동 감소폭이 같은 시점의 다른 지역보다 매우 크게 나타남,140,MEDIUM
2018-05-01,서울특별시,migration_drop,순이동 급감,1793.0,1359.0,-434.0,-6590.0,-11298.0,-4708.0,0.8092465774052997,-2.5336426712857847,-0.24390747332075619,-2.2281962234280313,2.228,전년 동월 대비 순이동 감소폭이 같은 시점의 다른 지역보다 매우 크게 나타남,141,MEDIUM
2013-03-01,서울특별시,migration_surge,순이동 급증,4650.0,3507.0,-1143.0,-9032.0,-7713.0,1319.0,0.5508336516871445,-3.1371305765795783,-0.5451346429155333,2.2242529816442422,2.224,전년 동월 대비 순이동 증가폭이 같은 시점의 다른 지역보다 매우 크게 나타남,126,MEDIUM
2005-06-01,충청남도,migration_drop,순이동 급감,316.0,226.0,-90.0,5611.0,1315.0,-4296.0,-0.41567687196018605,0.31026295618556676,0.33067851163088774,-2.224470585736244,2.224,전년 동월 대비 순이동 감소폭이 같은 시점의 다른 지역보다 매우 크게 나타남,142,MEDIUM
2016-06-01,경기도,migration_surge,순이동 급증,5219.0,4210.0,-1009.0,7136.0,10215.0,3079.0,1.0546235061511247,2.5853690043633457,-1.1069932501700204,2.2210974407453605,2.221,전년 동월 대비 순이동 증가폭이 같은 시점의 다른 지역보다 매우 크게 나타남,127,MEDIUM
2013-06-01,대구광역시,migration_drop,순이동 급감,833.0,484.0,-349.0,-763.0,-1879.0,-1116.0,-0.30476829563692104,-0.6705127631629212,0.18051978574025687,-2.220076515238798,2.22,전년 동월 대비 순이동 감소폭이 같은 시점의 다른 지역보다 매우 크게 나타남,143,MEDIUM
2015-03-01,경기도,migration_surge,순이동 급증,5386.0,5448.0,62.0,4584.0,8803.0,4219.0,1.1552509078739126,2.497719944346941,0.5018042821437082,2.2178691028291224,2.218,전년 동월 대비 순이동 증가폭이 같은 시점의 다른 지역보다 매우 크게 나타남,128,MEDIUM
2007-07-01,인천광역시,migration_surge,순이동 급증,1068.0,1321.0,253.0,414.0,2224.0,1810.0,-0.2134595783631044,0.9957997857445553,-0.2556805070074269,2.2118482483894395,2.212,전년 동월 대비 순이동 증가폭이 같은 시점의 다른 지역보다 매우 크게 나타남,129,MEDIUM
2009-01-01,인천광역시,migration_reverse,순이동 방향 반전,1388.0,1346.0,-42.0,1801.0,-718.0,-2519.0,-0.22378934333588102,-0.4958415290850755,0.43949595521841617,-1.7140365537023792,2.21,전년 동월과 비교해 순유입·순유출 방향이 반대로 바뀌었고 변화 강도도 크게 나타남,54,MEDIUM
2009-09-01,인천광역시,migration_reverse,순이동 방향 반전,1270.0,1144.0,-126.0,-592.0,1048.0,1640.0,-0.23583873041718104,0.33405059725869835,0.26094884884513114,1.8733613429392595,2.207,전년 동월과 비교해 순유입·순유출 방향이 반대로 바뀌었고 변화 강도도 크게 나타남,55,MEDIUM
2007-12-01,전북특별자치도,migration_reverse,순이동 방향 반전,-31.0,-26.0,5.0,-1851.0,1282.0,3133.0,-0.4803210967849718,0.2545987304934192,-0.47563358980691817,1.9482928552715804,2.203,전년 동월과 비교해 순유입·순유출 방향이 반대로 바뀌었고 변화 강도도 크게 나타남,56,MEDIUM
2017-10-01,서울특별시,migration_surge,순이동 급증,2322.0,1334.0,-988.0,-13258.0,-10741.0,2517.0,0.973588118154288,-2.7161991096338283,-0.4217431972240481,2.199449226361766,2.199,전년 동월 대비 순이동 증가폭이 같은 시점의 다른 지역보다 매우 크게 나타남,130,MEDIUM
2008-04-01,경상북도,migration_drop,순이동 급감,347.0,356.0,9.0,-22.0,-1723.0,-1701.0,-0.4017190618053644,-0.5171443382841249,0.5122496982713776,-2.1916268292421246,2.192,전년 동월 대비 순이동 감소폭이 같은 시점의 다른 지역보다 매우 크게 나타남,144,MEDIUM
2004-06-01,충청남도,migration_surge,순이동 급증,327.0,316.0,-11.0,558.0,5611.0,5053.0,-0.40437937613231356,1.6297130254840693,0.4252593186918681,2.192419741528157,2.192,전년 동월 대비 순이동 증가폭이 같은 시점의 다른 지역보다 매우 크게 나타남,131,MEDIUM
2015-03-01,세종특별자치시,migration_surge,순이동 급증,33.0,115.0,82.0,894.0,5057.0,4163.0,-0.42017180565103857,1.4348483197276476,0.6782198500848556,2.188430688570191,2.188,전년 동월 대비 순이동 증가폭이 같은 시점의 다른 지역보다 매우 크게 나타남,132,MEDIUM
2012-05-01,서울특별시,migration_surge,순이동 급증,4152.0,4273.0,121.0,-10320.0,-8379.0,1941.0,0.5423014334843784,-2.95256932310194,0.5108269895017907,2.18442361232129,2.184,전년 동월 대비 순이동 증가폭이 같은 시점의 다른 지역보다 매우 크게 나타남,133,MEDIUM
2007-03-01,경상북도,migration_reverse,순이동 방향 반전,387.0,506.0,119.0,1217.0,-1215.0,-2432.0,-0.39188518982181375,-0.3775135586957462,-0.319412545280557,-1.8056582123835827,2.183,전년 동월과 비교해 순유입·순유출 방향이 반대로 바뀌었고 변화 강도도 크게 나타남,57,MEDIUM
2008-08-01,경기도,migration_surge,순이동 급증,7855.0,6106.0,-1749.0,5867.0,8797.0,2930.0,0.8726686949281598,3.200260018012554,-0.7378112685964578,2.1750961190837472,2.175,전년 동월 대비 순이동 증가폭이 같은 시점의 다른 지역보다 매우 크게 나타남,134,MEDIUM
2004-04-01,서울특별시,migration_surge,순이동 급증,5462.0,5334.0,-128.0,-7347.0,-3097.0,4250.0,0.6285115436251821,-0.7725801614138423,0.34049411021143705,2.1747338036418307,2.175,전년 동월 대비 순이동 증가폭이 같은 시점의 다른 지역보다 매우 크게 나타남,135,MEDIUM
2009-02-01,인천광역시,migration_reverse,순이동 방향 반전,1086.0,1134.0,48.0,1565.0,-1350.0,-2915.0,-0.21478900594599115,-0.49300398870384265,0.45505856651196147,-1.679935617651361,2.173,전년 동월과 비교해 순유입·순유출 방향이 반대로 바뀌었고 변화 강도도 크게 나타남,58,MEDIUM
2007-09-01,서울특별시,migration_drop,순이동 급감,4748.0,6048.0,1300.0,-2608.0,-4765.0,-2157.0,0.5122359101809844,-2.4451005542667863,0.37769269248804377,-2.17053959407766,2.171,전년 동월 대비 순이동 감소폭이 같은 시점의 다른 지역보다 매우 크게 나타남,145,MEDIUM
2006-01-01,경상북도,migration_surge,순이동 급증,289.0,241.0,-48.0,-2801.0,836.0,3637.0,-0.4289736364867854,0.26882649900028427,0.03805788127364216,2.17074808986253,2.171,전년 동월 대비 순이동 증가폭이 같은 시점의 다른 지역보다 매우 크게 나타남,136,MEDIUM
2009-10-01,인천광역시,migration_reverse,순이동 방향 반전,1189.0,1043.0,-146.0,-1499.0,1270.0,2769.0,-0.2254459164800056,0.3687514745397827,0.1218426382468659,1.8016106736394086,2.17,전년 동월과 비교해 순유입·순유출 방향이 반대로 바뀌었고 변화 강도도 크게 나타남,59,MEDIUM
2009-07-01,경기도,migration_drop,순이동 급감,6299.0,5672.0,-627.0,8747.0,6042.0,-2705.0,0.9250694020945369,2.991533749897549,-0.642626529081337,-2.16573683771714,2.166,전년 동월 대비 순이동 감소폭이 같은 시점의 다른 지역보다 매우 크게 나타남,146,MEDIUM
2015-01-01,경기도,migration_drop,순이동 급감,5916.0,6103.0,187.0,6246.0,3447.0,-2799.0,1.018146140786197,1.7308302654951038,1.422563341851806,-2.158032416495152,2.158,전년 동월 대비 순이동 감소폭이 같은 시점의 다른 지역보다 매우 크게 나타남,147,MEDIUM
2019-12-01,경기도,migration_drop,순이동 급감,936.0,314.0,-622.0,13923.0,10010.0,-3913.0,0.7257985748586449,3.2110749179253273,-1.0323006751308108,-2.15650385182421,2.157,전년 동월 대비 순이동 감소폭이 같은 시점의 다른 지역보다 매우 크게 나타남,148,MEDIUM
2012-03-01,충청남도,migration_drop,순이동 급감,726.0,675.0,-51.0,2897.0,814.0,-2083.0,-0.3180680252991423,0.29469735342721426,0.3720763579606942,-2.154904931177216,2.155,전년 동월 대비 순이동 감소폭이 같은 시점의 다른 지역보다 매우 크게 나타남,149,MEDIUM
2005-05-01,충청남도,migration_drop,순이동 급감,365.0,211.0,-154.0,3222.0,770.0,-2452.0,-0.4173746124703199,0.18269970403627883,0.3014015712766717,-2.145968882554803,2.146,전년 동월 대비 순이동 감소폭이 같은 시점의 다른 지역보다 매우 크게 나타남,150,MEDIUM
2018-03-01,서울특별시,migration_drop,순이동 급감,2455.0,1511.0,-944.0,-4699.0,-7978.0,-3279.0,0.7613798382737865,-1.8469297435641499,-0.4835772730983434,-2.1450834947635458,2.145,전년 동월 대비 순이동 감소폭이 같은 시점의 다른 지역보다 매우 크게 나타남,151,MEDIUM
2013-03-01,전북특별자치도,migration_reverse,순이동 방향 반전,120.0,86.0,-34.0,645.0,-505.0,-1150.0,-0.43267465855383735,-0.20540009609395657,0.452845707587023,-1.9392652986284142,2.145,전년 동월과 비교해 순유입·순유출 방향이 반대로 바뀌었고 변화 강도도 크게 나타남,60,MEDIUM
2012-02-01,경상남도,migration_drop,순이동 급감,1008.0,874.0,-134.0,-1274.0,-2719.0,-1445.0,-0.22760474997806798,-1.1993784558083451,0.15116144989025124,-2.143688904538027,2.144,전년 동월 대비 순이동 감소폭이 같은 시점의 다른 지역보다 매우 크게 나타남,152,MEDIUM
2013-05-01,경상남도,migration_drop,순이동 급감,1065.0,817.0,-248.0,1130.0,226.0,-904.0,-0.21324287204531833,0.08435948279237288,0.21444335652232677,-2.14079597470103,2.141,전년 동월 대비 순이동 감소폭이 같은 시점의 다른 지역보다 매우 크게 나타남,153,MEDIUM
2008-10-01,서울특별시,migration_surge,순이동 급증,5857.0,4763.0,-1094.0,-7769.0,-4647.0,3122.0,0.572061881398984,-1.7952055797388424,-0.3089694884157424,2.139967129646693,2.14,전년 동월 대비 순이동 증가폭이 같은 시점의 다른 지역보다 매우 크게 나타남,137,MEDIUM
2014-01-01,경상남도,migration_reverse,순이동 방향 반전,1201.0,964.0,-237.0,-1192.0,393.0,1585.0,-0.23938813212263435,0.19369416514327595,0.06564497550084117,1.9439414704771498,2.138,전년 동월과 비교해 순유입·순유출 방향이 반대로 바뀌었고 변화 강도도 크게 나타남,61,MEDIUM
2020-06-01,경상북도,migration_reverse,순이동 방향 반전,-462.0,-752.0,-290.0,539.0,-1521.0,-2060.0,-1.0083038505010729,-0.4417897817024311,-0.02992532735708518,-1.6950350580803537,2.137,전년 동월과 비교해 순유입·순유출 방향이 반대로 바뀌었고 변화 강도도 크게 나타남,62,MEDIUM
2016-03-01,세종특별자치시,migration_drop,순이동 급감,115.0,215.0,100.0,5057.0,3155.0,-1902.0,-0.38900465879916957,0.9611733132211171,0.7761780861373624,-2.135014983620268,2.135,전년 동월 대비 순이동 감소폭이 같은 시점의 다른 지역보다 매우 크게 나타남,154,MEDIUM
2010-02-01,경기도,migration_surge,순이동 급증,5855.0,5744.0,-111.0,5920.0,14290.0,8370.0,0.881769539239628,3.5890643513328118,-1.106127990397304,2.1327135140313414,2.133,전년 동월 대비 순이동 증가폭이 같은 시점의 다른 지역보다 매우 크게 나타남,138,MEDIUM
2016-12-01,세종특별자치시,migration_drop,순이동 급감,182.0,141.0,-41.0,4643.0,2309.0,-2334.0,-0.11203192981106644,0.44628830896327615,0.45360115833711806,-2.1308134142484105,2.131,전년 동월 대비 순이동 감소폭이 같은 시점의 다른 지역보다 매우 크게 나타남,155,MEDIUM
2021-07-01,서울특별시,migration_drop,순이동 급감,336.0,-180.0,-516.0,-5919.0,-8429.0,-2510.0,0.22840312900066362,-2.4732620842264574,-0.4475658352511276,-2.1304136365057595,2.13,전년 동월 대비 순이동 감소폭이 같은 시점의 다른 지역보다 매우 크게 나타남,156,MEDIUM
2016-01-01,서울특별시,migration_drop,순이동 급감,4237.0,3556.0,-681.0,-3055.0,-6854.0,-3799.0,0.5442833285028744,-2.211349065697798,-0.6868772754477055,-2.12830878209896,2.128,전년 동월 대비 순이동 감소폭이 같은 시점의 다른 지역보다 매우 크게 나타남,157,MEDIUM
2012-06-01,서울특별시,migration_surge,순이동 급증,3845.0,4281.0,436.0,-10341.0,-7834.0,2507.0,0.5381097209450079,-3.0946196750025883,0.5663929506533062,2.111555404975765,2.112,전년 동월 대비 순이동 증가폭이 같은 시점의 다른 지역보다 매우 크게 나타남,139,MEDIUM
2001-10-01,인천광역시,migration_drop,순이동 급감,1893.0,1505.0,-388.0,3407.0,36.0,-3371.0,-0.2249963136011444,0.005165742307579003,0.3118925213907261,-2.108131040023278,2.108,전년 동월 대비 순이동 감소폭이 같은 시점의 다른 지역보다 매우 크게 나타남,158,MEDIUM
2002-05-01,경기도,migration_surge,순이동 급증,7178.0,6431.0,-747.0,26290.0,29389.0,3099.0,0.7459200891281049,3.3732897142673437,-0.16306510650502315,2.105727773052937,2.106,전년 동월 대비 순이동 증가폭이 같은 시점의 다른 지역보다 매우 크게 나타남,140,MEDIUM
2012-05-01,부산광역시,migration_drop,순이동 급감,692.0,607.0,-85.0,-836.0,-2743.0,-1907.0,-0.32170424020259736,-0.9665709098064948,-1.0353407868467581,-2.1046943797428685,2.105,전년 동월 대비 순이동 감소폭이 같은 시점의 다른 지역보다 매우 크게 나타남,159,MEDIUM
2022-04-01,서울특별시,migration_surge,순이동 급증,291.0,-1747.0,-2038.0,-9738.0,-4166.0,5572.0,-0.004754946692969451,-2.644406757873355,-0.19023385292560308,2.098703248030807,2.099,전년 동월 대비 순이동 증가폭이 같은 시점의 다른 지역보다 매우 크게 나타남,141,MEDIUM
2017-09-01,서울특별시,migration_drop,순이동 급감,2966.0,2082.0,-884.0,-10910.0,-13331.0,-2421.0,0.6656653438292157,-2.782544029635452,-0.30936446548388186,-2.0973668994106602,2.097,전년 동월 대비 순이동 감소폭이 같은 시점의 다른 지역보다 매우 크게 나타남,161,MEDIUM
2004-11-01,경기도,migration_drop,순이동 급감,6397.0,5858.0,-539.0,20656.0,14804.0,-5852.0,0.9061821032363477,2.6983544469930782,-0.5409666260680349,-2.096610936293752,2.097,전년 동월 대비 순이동 감소폭이 같은 시점의 다른 지역보다 매우 크게 나타남,160,MEDIUM
2010-09-01,인천광역시,migration_reverse,순이동 방향 반전,1144.0,1274.0,130.0,1048.0,-211.0,-1259.0,-0.2434720566206919,-0.0703443484598158,-0.2945883301599285,-2.025206494623185,2.096,전년 동월과 비교해 순유입·순유출 방향이 반대로 바뀌었고 변화 강도도 크게 나타남,63,MEDIUM
2021-07-01,대구광역시,migration_reverse,순이동 방향 반전,-155.0,-263.0,-108.0,112.0,-1749.0,-1861.0,0.13165397257112252,-0.5131967475752847,0.2826993267316054,-1.5795616643574577,2.093,전년 동월과 비교해 순유입·순유출 방향이 반대로 바뀌었고 변화 강도도 크게 나타남,64,MEDIUM
2015-10-01,부산광역시,migration_drop,순이동 급감,501.0,534.0,33.0,4568.0,-1756.0,-6324.0,-0.2987937352918397,-0.38750093992754164,0.628206884918597,-2.085514818579921,2.086,전년 동월 대비 순이동 감소폭이 같은 시점의 다른 지역보다 매우 크게 나타남,162,MEDIUM
2007-12-01,경기도,migration_drop,순이동 급감,5062.0,5515.0,453.0,20853.0,17504.0,-3349.0,1.0160675245225421,3.4762060675170123,0.6066566462162336,-2.082614992755992,2.083,전년 동월 대비 순이동 감소폭이 같은 시점의 다른 지역보다 매우 크게 나타남,163,MEDIUM
2007-07-01,서울특별시,migration_drop,순이동 급감,4022.0,4983.0,961.0,-1705.0,-3406.0,-1701.0,0.5348208761341479,-1.5250422977724618,0.41785212208895967,-2.078648547243335,2.079,전년 동월 대비 순이동 감소폭이 같은 시점의 다른 지역보다 매우 크게 나타남,164,MEDIUM
2020-02-01,세종특별자치시,migration_drop,순이동 급감,225.0,202.0,-23.0,3293.0,1303.0,-1990.0,0.6481252446437796,0.3468243880564678,0.4696136697889419,-2.0753360702232073,2.075,전년 동월 대비 순이동 감소폭이 같은 시점의 다른 지역보다 매우 크게 나타남,165,MEDIUM
2006-01-01,경기도,migration_drop,순이동 급감,6368.0,6405.0,37.0,14238.0,10764.0,-3474.0,0.8860452155793662,3.4613019560275835,0.6629855908237886,-2.0734613319170827,2.073,전년 동월 대비 순이동 감소폭이 같은 시점의 다른 지역보다 매우 크게 나타남,166,MEDIUM
2005-07-01,인천광역시,migration_reverse,순이동 방향 반전,1181.0,900.0,-281.0,-574.0,1564.0,2138.0,-0.23836661987811425,0.5719129275781258,0.11371416576902553,1.5010582830396204,2.073,전년 동월과 비교해 순유입·순유출 방향이 반대로 바뀌었고 변화 강도도 크게 나타남,65,MEDIUM
2004-07-01,전라남도,migration_surge,순이동 급증,98.0,55.0,-43.0,-6858.0,-2852.0,4006.0,-0.4696095262857228,-0.7370771590290484,-0.22135126033721883,2.072851581609697,2.073,전년 동월 대비 순이동 증가폭이 같은 시점의 다른 지역보다 매우 크게 나타남,142,MEDIUM
2017-10-01,경기도,migration_drop,순이동 급감,3469.0,2452.0,-1017.0,12836.0,10472.0,-2364.0,2.0902236641326817,2.648174013228326,-0.4483121024800164,-2.06575207434216,2.066,전년 동월 대비 순이동 감소폭이 같은 시점의 다른 지역보다 매우 크게 나타남,167,MEDIUM
2015-04-01,서울특별시,migration_drop,순이동 급감,3715.0,3583.0,-132.0,-8456.0,-11117.0,-2661.0,0.5661947647944041,-3.292168591036229,-0.14888467732381538,-2.0656611364717485,2.066,전년 동월 대비 순이동 감소폭이 같은 시점의 다른 지역보다 매우 크게 나타남,168,MEDIUM
2003-09-01,서울특별시,migration_surge,순이동 급증,4953.0,5278.0,325.0,-13610.0,-6804.0,6806.0,0.5326075123351998,-1.521612415669141,0.30890836176697645,2.0649173361545228,2.065,전년 동월 대비 순이동 증가폭이 같은 시점의 다른 지역보다 매우 크게 나타남,143,MEDIUM
2006-05-01,서울특별시,migration_surge,순이동 급증,4046.0,4591.0,545.0,-6808.0,-4097.0,2711.0,0.5996819647001415,-1.3569848487437124,0.43684976369712836,2.0620830295529156,2.062,전년 동월 대비 순이동 증가폭이 같은 시점의 다른 지역보다 매우 크게 나타남,144,MEDIUM
2021-05-01,경상북도,migration_reverse,순이동 방향 반전,-756.0,-873.0,-117.0,-1512.0,1327.0,2839.0,-0.5155735191471,0.41743899696711567,0.24145601933006908,1.6431247837642655,2.061,전년 동월과 비교해 순유입·순유출 방향이 반대로 바뀌었고 변화 강도도 크게 나타남,66,MEDIUM
2014-03-01,서울특별시,migration_surge,순이동 급증,3507.0,3390.0,-117.0,-7713.0,-6143.0,1570.0,0.5533617606143921,-2.903972324858538,-0.4069248268306742,2.059333139117252,2.059,전년 동월 대비 순이동 증가폭이 같은 시점의 다른 지역보다 매우 크게 나타남,145,MEDIUM
2012-09-01,서울특별시,migration_surge,순이동 급증,4398.0,4836.0,438.0,-9951.0,-8190.0,1761.0,0.48553030383453183,-3.2811804799160913,0.19551315796140586,2.055659813034661,2.056,전년 동월 대비 순이동 증가폭이 같은 시점의 다른 지역보다 매우 크게 나타남,146,MEDIUM
2015-05-01,경기도,migration_surge,순이동 급증,4965.0,5014.0,49.0,3950.0,7519.0,3569.0,1.066456191141961,2.131135918214747,0.4998243577925197,2.0543604109671096,2.054,전년 동월 대비 순이동 증가폭이 같은 시점의 다른 지역보다 매우 크게 나타남,147,MEDIUM
2011-08-01,인천광역시,migration_surge,순이동 급증,1177.0,1231.0,54.0,-30.0,2888.0,2918.0,-0.21011551817478277,0.8911598827906335,-0.12550264057856406,2.05303760791851,2.053,전년 동월 대비 순이동 증가폭이 같은 시점의 다른 지역보다 매우 크게 나타남,148,MEDIUM
2003-07-01,서울특별시,migration_surge,순이동 급증,5201.0,4715.0,-486.0,-7348.0,-3746.0,3602.0,0.559495586731777,-0.7115489185331195,-0.3410710010214747,2.0520412636356515,2.052,전년 동월 대비 순이동 증가폭이 같은 시점의 다른 지역보다 매우 크게 나타남,149,MEDIUM
2018-10-01,경상남도,migration_reverse,순이동 방향 반전,-106.0,-185.0,-79.0,2185.0,-615.0,-2800.0,-0.46386431909235254,-0.1347722016332249,0.28862612482405675,-1.911866780854272,2.047,전년 동월과 비교해 순유입·순유출 방향이 반대로 바뀌었고 변화 강도도 크게 나타남,67,MEDIUM
2005-12-01,경기도,migration_drop,순이동 급감,5157.0,4422.0,-735.0,25010.0,21497.0,-3513.0,1.0950938538757486,3.5568315010243294,-0.5084454528526839,-2.044225522998188,2.044,전년 동월 대비 순이동 감소폭이 같은 시점의 다른 지역보다 매우 크게 나타남,169,MEDIUM
2016-09-01,세종특별자치시,migration_drop,순이동 급감,183.0,214.0,31.0,3626.0,1426.0,-2200.0,-0.38610124308243365,0.3702654205819729,0.5314264112698804,-2.0318009488778883,2.032,전년 동월 대비 순이동 감소폭이 같은 시점의 다른 지역보다 매우 크게 나타남,170,MEDIUM
2008-11-01,경기도,migration_drop,순이동 급감,6946.0,5447.0,-1499.0,11018.0,8643.0,-2375.0,0.9447264414343,3.202669029474505,-0.7232175182177759,-2.02941729908646,2.029,전년 동월 대비 순이동 감소폭이 같은 시점의 다른 지역보다 매우 크게 나타남,171,MEDIUM
2010-09-01,인천광역시,migration_drop,순이동 급감,1144.0,1274.0,130.0,1048.0,-211.0,-1259.0,-0.2434720566206919,-0.0703443484598158,-0.2945883301599285,-2.025206494623185,2.025,전년 동월 대비 순이동 감소폭이 같은 시점의 다른 지역보다 매우 크게 나타남,172,MEDIUM
2016-02-01,서울특별시,migration_drop,순이동 급감,2977.0,2637.0,-340.0,-4136.0,-8211.0,-4075.0,0.5975494353181646,-2.4075569970860475,-0.16302760371895436,-2.024486096114764,2.024,전년 동월 대비 순이동 감소폭이 같은 시점의 다른 지역보다 매우 크게 나타남,173,MEDIUM
2003-11-01,충청남도,migration_reverse,순이동 방향 반전,105.0,240.0,135.0,-691.0,1997.0,2688.0,-0.4294764347270832,0.3463903093939879,-0.34279481388113214,1.673455028682886,2.02,전년 동월과 비교해 순유입·순유출 방향이 반대로 바뀌었고 변화 강도도 크게 나타남,68,MEDIUM
2013-04-01,서울특별시,migration_drop,순이동 급감,4318.0,3745.0,-573.0,-8695.0,-10005.0,-1310.0,0.6134959376818171,-3.4789045631751754,-0.2295768242900461,-2.0183697668627536,2.018,전년 동월 대비 순이동 감소폭이 같은 시점의 다른 지역보다 매우 크게 나타남,174,MEDIUM
2001-01-01,경상남도,migration_reverse,순이동 방향 반전,1803.0,1823.0,20.0,323.0,-1072.0,-1395.0,-0.28004531265995175,-0.2631226512291512,0.5383654289457007,-1.749790367480754,2.013,전년 동월과 비교해 순유입·순유출 방향이 반대로 바뀌었고 변화 강도도 크게 나타남,69,MEDIUM
2017-09-01,인천광역시,migration_reverse,순이동 방향 반전,872.0,692.0,-180.0,607.0,-1381.0,-1988.0,-0.07291323278306705,-0.28825244204685013,0.3178781755739984,-1.7222492342124711,2.011,전년 동월과 비교해 순유입·순유출 방향이 반대로 바뀌었고 변화 강도도 크게 나타남,70,MEDIUM
2020-06-01,인천광역시,migration_drop,순이동 급감,264.0,34.0,-230.0,-473.0,-2912.0,-2439.0,0.351090363038967,-0.8458197530029451,0.07569347507968603,-2.00688859546504,2.007,전년 동월 대비 순이동 감소폭이 같은 시점의 다른 지역보다 매우 크게 나타남,175,MEDIUM
2012-03-01,서울특별시,migration_surge,순이동 급증,4772.0,4650.0,-122.0,-10861.0,-9032.0,1829.0,0.5519437191061498,-3.2699097004356257,0.21827630177625656,2.0069640803523643,2.007,전년 동월 대비 순이동 증가폭이 같은 시점의 다른 지역보다 매우 크게 나타남,150,MEDIUM
2003-02-01,전라남도,migration_reverse,순이동 방향 반전,430.0,244.0,-186.0,-5186.0,258.0,5444.0,-0.4407149512775901,0.04945917561256493,0.21814636963228698,1.9566447612947124,2.006,전년 동월과 비교해 순유입·순유출 방향이 반대로 바뀌었고 변화 강도도 크게 나타남,71,MEDIUM
2010-10-01,부산광역시,migration_surge,순이동 급증,524.0,879.0,355.0,-2517.0,-721.0,1796.0,-0.3070026159816755,-0.19823835970675577,-0.1141216491973743,2.004637054821054,2.005,전년 동월 대비 순이동 증가폭이 같은 시점의 다른 지역보다 매우 크게 나타남,151,MEDIUM
2007-10-01,경기도,migration_drop,순이동 급감,6271.0,7775.0,1504.0,9545.0,7606.0,-1939.0,0.8389906463474487,2.4359671661712774,0.5486718353245604,-2.005096386357829,2.005,전년 동월 대비 순이동 감소폭이 같은 시점의 다른 지역보다 매우 크게 나타남,176,MEDIUM
2007-05-01,경상북도,migration_reverse,순이동 방향 반전,202.0,406.0,204.0,687.0,-1075.0,-1762.0,-0.39526310828881017,-0.3337015808264568,-0.08735873289056423,-1.663193629069186,1.997,전년 동월과 비교해 순유입·순유출 방향이 반대로 바뀌었고 변화 강도도 크게 나타남,72,LOW
2021-06-01,인천광역시,migration_reverse,순이동 방향 반전,34.0,-126.0,-160.0,-2912.0,131.0,3043.0,0.2557453690557281,0.03859673587957023,-0.023077864525197476,1.9378156583365367,1.976,전년 동월과 비교해 순유입·순유출 방향이 반대로 바뀌었고 변화 강도도 크게 나타남,73,LOW
2002-02-01,서울특별시,migration_reverse,순이동 방향 반전,7129.0,6108.0,-1021.0,4871.0,-415.0,-5286.0,0.5186810293838293,-0.062185101823561094,-0.36643421708508506,-1.9084890291968244,1.971,전년 동월과 비교해 순유입·순유출 방향이 반대로 바뀌었고 변화 강도도 크게 나타남,74,LOW
2022-02-01,서울특별시,social_cross_inflow,자연감소 ↓ + 순이동 ↑,50.0,-1059.0,-1109.0,-9415.0,3265.0,12680.0,-0.05677836394609788,1.9040006590662122,-0.3177115980790752,2.2818139347649,1.961,자연적 인구감소가 나타나는 동시에 순유입이 나타난 지역,2,LOW
2019-01-01,전라남도,social_double_decline,자연감소 ↓ + 순이동 ↓,-678.0,-499.0,179.0,-2330.0,-3465.0,-1135.0,-0.8022505455742639,-1.116382508115424,-0.1396281185647871,-0.5784246759738612,1.919,자연감소와 순유출이 동시에 강하게 나타난 지역,4,LOW
2020-01-01,전라남도,social_double_decline,자연감소 ↓ + 순이동 ↓,-499.0,-693.0,-194.0,-3465.0,-3328.0,137.0,-0.719066308365349,-1.198244820127303,0.3007922767568095,0.10762784988600647,1.917,자연감소와 순유출이 동시에 강하게 나타난 지역,5,LOW
2009-08-01,울산광역시,migration_reverse,순이동 방향 반전,555.0,581.0,26.0,285.0,-640.0,-925.0,-0.3366657004285554,-0.27331064348269557,0.5343736580656272,-1.6165533524588778,1.89,전년 동월과 비교해 순유입·순유출 방향이 반대로 바뀌었고 변화 강도도 크게 나타남,75,LOW
2004-03-01,광주광역시,migration_reverse,순이동 방향 반전,925.0,874.0,-51.0,-2800.0,3.0,2803.0,-0.32669668822084463,0.0005670422477266182,0.40783111074880635,1.8828323590653218,1.883,전년 동월과 비교해 순유입·순유출 방향이 반대로 바뀌었고 변화 강도도 크게 나타남,76,LOW
2020-01-01,경상북도,social_double_decline,자연감소 ↓ + 순이동 ↓,-540.0,-892.0,-352.0,-2123.0,-2413.0,-290.0,-1.0082753266187379,-0.8687995044973504,0.15545533569388625,-0.22782537567110858,1.877,자연감소와 순유출이 동시에 강하게 나타난 지역,6,LOW
2013-11-01,전라남도,migration_reverse,순이동 방향 반전,82.0,-197.0,-279.0,-230.0,965.0,1195.0,-0.5242888270529121,0.3195676572838818,0.26497689308294764,1.5546293555261914,1.874,전년 동월과 비교해 순유입·순유출 방향이 반대로 바뀌었고 변화 강도도 크게 나타남,77,LOW
2012-08-01,경상남도,migration_reverse,순이동 방향 반전,1162.0,1265.0,103.0,882.0,-746.0,-1628.0,-0.2056154595256866,-0.23388224945291147,-0.2456097416000554,-1.6154147321675763,1.849,전년 동월과 비교해 순유입·순유출 방향이 반대로 바뀌었고 변화 강도도 크게 나타남,78,LOW
2013-07-01,경상남도,migration_reverse,순이동 방향 반전,1158.0,979.0,-179.0,-712.0,673.0,1385.0,-0.20461130489489127,0.21957130769077435,0.2819302951227719,1.6233251822579682,1.843,전년 동월과 비교해 순유입·순유출 방향이 반대로 바뀌었고 변화 강도도 크게 나타남,79,LOW
2005-08-01,경상남도,migration_reverse,순이동 방향 반전,922.0,798.0,-124.0,-1668.0,367.0,2035.0,-0.28292665808502293,0.10278542446730994,0.21443279296605938,1.7343114537887965,1.837,전년 동월과 비교해 순유입·순유출 방향이 반대로 바뀌었고 변화 강도도 크게 나타남,80,LOW
2005-04-01,경상북도,migration_reverse,순이동 방향 반전,453.0,118.0,-335.0,-1704.0,192.0,1896.0,-0.44499694628344244,0.04653729068062535,0.15148344689068494,1.7834512144686954,1.83,전년 동월과 비교해 순유입·순유출 방향이 반대로 바뀌었고 변화 강도도 크게 나타남,81,LOW
2009-08-01,인천광역시,migration_reverse,순이동 방향 반전,1174.0,1023.0,-151.0,-625.0,331.0,956.0,-0.2264916630164146,0.14135284842620663,0.1809823751822267,1.670729735081824,1.812,전년 동월과 비교해 순유입·순유출 방향이 반대로 바뀌었고 변화 강도도 크게 나타남,82,LOW
2020-03-01,경상북도,social_double_decline,자연감소 ↓ + 순이동 ↓,-527.0,-797.0,-270.0,-85.0,-4717.0,-4632.0,-0.9719596711559984,-0.8359033077689192,0.16817125175629255,-1.315410066541419,1.808,자연감소와 순유출이 동시에 강하게 나타난 지역,7,LOW
2008-02-01,대전광역시,migration_reverse,순이동 방향 반전,759.0,682.0,-77.0,1629.0,-191.0,-1820.0,-0.3261448967033904,-0.08257118316269921,0.30096434585291254,-1.7245429699875867,1.807,전년 동월과 비교해 순유입·순유출 방향이 반대로 바뀌었고 변화 강도도 크게 나타남,83,LOW
2013-02-01,부산광역시,migration_reverse,순이동 방향 반전,530.0,456.0,-74.0,-1326.0,50.0,1376.0,-0.33278671420670347,0.020708234144745655,0.0902990881771926,1.7568974930475196,1.778,전년 동월과 비교해 순유입·순유출 방향이 반대로 바뀌었고 변화 강도도 크게 나타남,84,LOW
2002-06-01,광주광역시,migration_reverse,순이동 방향 반전,968.0,745.0,-223.0,-6217.0,1351.0,7568.0,-0.3199183107516307,0.20099048744587036,0.2890077670173392,1.5753151393971125,1.776,전년 동월과 비교해 순유입·순유출 방향이 반대로 바뀌었고 변화 강도도 크게 나타남,85,LOW
2006-12-01,경상북도,migration_reverse,순이동 방향 반전,-122.0,-56.0,66.0,-1595.0,23.0,1618.0,-0.4827320867829354,0.0037458941709332906,-0.33957071206729317,1.759441946666686,1.763,전년 동월과 비교해 순유입·순유출 방향이 반대로 바뀌었고 변화 강도도 크게 나타남,86,LOW
2005-09-01,강원특별자치도,migration_reverse,순이동 방향 반전,288.0,299.0,11.0,878.0,-383.0,-1261.0,-0.41596828557242,-0.1272987207848954,0.49480635429024916,-1.6326081874440086,1.76,전년 동월과 비교해 순유입·순유출 방향이 반대로 바뀌었고 변화 강도도 크게 나타남,87,LOW
2009-04-01,인천광역시,migration_reverse,순이동 방향 반전,1217.0,1079.0,-138.0,2446.0,-179.0,-2625.0,-0.2144216537668,-0.09134356133277675,0.18809777905973982,-1.6180844154991556,1.709,전년 동월과 비교해 순유입·순유출 방향이 반대로 바뀌었고 변화 강도도 크게 나타남,88,LOW
2016-05-01,강원특별자치도,migration_reverse,순이동 방향 반전,7.0,-168.0,-175.0,1362.0,-268.0,-1630.0,-0.5151508336012006,-0.06763909027534684,0.16059651280142462,-1.6363213842712034,1.704,전년 동월과 비교해 순유입·순유출 방향이 반대로 바뀌었고 변화 강도도 크게 나타남,89,LOW
2018-01-01,경상북도,social_double_decline,자연감소 ↓ + 순이동 ↓,-69.0,-886.0,-817.0,-1444.0,-2055.0,-611.0,-1.1948303184107552,-0.4952924485474864,0.055146068228977926,-0.3094990575007557,1.69,자연감소와 순유출이 동시에 강하게 나타난 지역,8,LOW
2013-04-01,울산광역시,migration_reverse,순이동 방향 반전,687.0,565.0,-122.0,1002.0,-75.0,-1077.0,-0.2997597440228332,-0.02607874485138812,0.3294227736663409,-1.6593772816115924,1.685,전년 동월과 비교해 순유입·순유출 방향이 반대로 바뀌었고 변화 강도도 크게 나타남,90,LOW
2010-10-01,인천광역시,migration_reverse,순이동 방향 반전,1043.0,1297.0,254.0,1270.0,-188.0,-1458.0,-0.22475096310810214,-0.051690446081650604,-0.22032591568620452,-1.627372397510633,1.679,전년 동월과 비교해 순유입·순유출 방향이 반대로 바뀌었고 변화 강도도 크게 나타남,91,LOW
2019-10-01,부산광역시,social_double_decline,자연감소 ↓ + 순이동 ↓,-401.0,-520.0,-119.0,-2372.0,-2230.0,142.0,-0.8619885964753744,-0.808330563464139,0.11714264928678428,0.0724055972584553,1.67,자연감소와 순유출이 동시에 강하게 나타난 지역,9,LOW
2008-02-01,전라남도,social_double_decline,자연감소 ↓ + 순이동 ↓,138.0,-22.0,-160.0,-3050.0,-2706.0,344.0,-0.480523243632127,-1.1698304797814871,0.07663223174913038,0.3259575723493021,1.65,자연감소와 순유출이 동시에 강하게 나타난 지역,10,LOW
2016-03-01,경상북도,migration_reverse,순이동 방향 반전,-7.0,30.0,37.0,-1314.0,122.0,1436.0,-0.44795012265980094,0.037167399116632735,0.533435132557724,1.611925087528236,1.649,전년 동월과 비교해 순유입·순유출 방향이 반대로 바뀌었고 변화 강도도 크게 나타남,92,LOW
2019-01-01,부산광역시,social_double_decline,자연감소 ↓ + 순이동 ↓,-587.0,-511.0,76.0,-2949.0,-2558.0,391.0,-0.8139653994036339,-0.8241577072898282,-0.3399923072792726,0.19926347868350636,1.638,자연감소와 순유출이 동시에 강하게 나타난 지역,11,LOW
2017-10-01,부산광역시,social_double_decline,자연감소 ↓ + 순이동 ↓,102.0,-77.0,-179.0,-2487.0,-4749.0,-2262.0,-0.43568983835332664,-1.2009337651662835,0.3194376425027909,-1.9766206396624217,1.637,자연감소와 순유출이 동시에 강하게 나타난 지역,12,LOW
2014-06-01,인천광역시,migration_reverse,순이동 방향 반전,797.0,923.0,126.0,1609.0,-141.0,-1750.0,-0.17838691063943857,-0.046852206163074485,0.2162057987661908,-1.5814837944488433,1.628,전년 동월과 비교해 순유입·순유출 방향이 반대로 바뀌었고 변화 강도도 크게 나타남,93,LOW
2002-08-01,인천광역시,migration_reverse,순이동 방향 반전,1510.0,1280.0,-230.0,685.0,-840.0,-1525.0,-0.22061555940853694,-0.12114211991622673,0.28481669373570134,-1.5036806421501834,1.625,전년 동월과 비교해 순유입·순유출 방향이 반대로 바뀌었고 변화 강도도 크게 나타남,94,LOW
2016-09-01,경상남도,migration_reverse,순이동 방향 반전,927.0,612.0,-315.0,1508.0,-169.0,-1677.0,-0.25270862611471784,-0.04388138574919595,-0.01044059747092106,-1.5487864505764632,1.593,전년 동월과 비교해 순유입·순유출 방향이 반대로 바뀌었고 변화 강도도 크게 나타남,95,LOW
2012-09-01,경상남도,migration_reverse,순이동 방향 반전,1197.0,1246.0,49.0,1399.0,-79.0,-1478.0,-0.22261234577923264,-0.03164997044119307,-0.4097904532739767,-1.5574274023996961,1.589,전년 동월과 비교해 순유입·순유출 방향이 반대로 바뀌었고 변화 강도도 크게 나타남,96,LOW
2019-02-01,전라남도,social_double_decline,자연감소 ↓ + 순이동 ↓,-553.0,-403.0,150.0,-1497.0,-2559.0,-1062.0,-0.7951740042131401,-0.7809867508590937,1.2196967102518326,-0.37972007952718834,1.576,자연감소와 순유출이 동시에 강하게 나타난 지역,13,LOW
2018-02-01,경상북도,social_double_decline,자연감소 ↓ + 순이동 ↓,-204.0,-601.0,-397.0,-2168.0,-2394.0,-226.0,-1.0426234678213344,-0.5324568761931039,0.138516709171757,-0.09876780056525164,1.575,자연감소와 순유출이 동시에 강하게 나타난 지역,14,LOW
2020-06-01,세종특별자치시,migration_reverse,순이동 방향 반전,192.0,170.0,-22.0,1661.0,-182.0,-1843.0,0.5863036111832997,-0.05286373456268407,0.4418386568604929,-1.51648039419519,1.569,전년 동월과 비교해 순유입·순유출 방향이 반대로 바뀌었고 변화 강도도 크게 나타남,97,LOW
2020-07-01,대구광역시,migration_reverse,순이동 방향 반전,-16.0,-155.0,-139.0,-1788.0,112.0,1900.0,-0.08174855232610227,0.03458980144302981,0.27930032618772904,1.5248040488404555,1.559,전년 동월과 비교해 순유입·순유출 방향이 반대로 바뀌었고 변화 강도도 크게 나타남,98,LOW
2018-01-01,부산광역시,social_double_decline,자연감소 ↓ + 순이동 ↓,164.0,-587.0,-751.0,-2008.0,-2949.0,-941.0,-0.8219135488858953,-0.7107627400323783,0.09033056288849767,-0.4766589412573013,1.533,자연감소와 순유출이 동시에 강하게 나타난 지역,15,LOW
2019-01-01,경상북도,social_double_decline,자연감소 ↓ + 순이동 ↓,-886.0,-540.0,346.0,-2055.0,-2123.0,-68.0,-0.8422762961579447,-0.6840057906865932,0.1852342068266603,-0.03465451803191415,1.526,자연감소와 순유출이 동시에 강하게 나타난 지역,16,LOW
2020-07-01,경상북도,social_double_decline,자연감소 ↓ + 순이동 ↓,-500.0,-636.0,-136.0,-573.0,-1834.0,-1261.0,-0.9555497449673288,-0.5664079986296131,0.28362187851269677,-1.0119883713620077,1.522,자연감소와 순유출이 동시에 강하게 나타난 지역,17,LOW
2018-01-01,전라남도,social_double_decline,자연감소 ↓ + 순이동 ↓,-166.0,-678.0,-512.0,-1264.0,-2330.0,-1066.0,-0.935409957002157,-0.5615724599102887,0.21774108142827373,-0.5399770790438716,1.497,자연감소와 순유출이 동시에 강하게 나타난 지역,18,LOW
2020-05-01,경상북도,social_double_decline,자연감소 ↓ + 순이동 ↓,-644.0,-756.0,-112.0,-166.0,-1512.0,-1346.0,-0.9824036797026232,-0.5067265325411615,0.24379501052308217,-1.0731347546698833,1.489,자연감소와 순유출이 동시에 강하게 나타난 지역,19,LOW
2012-02-01,세종특별자치시,social_cross_inflow,자연감소 ↓ + 순이동 ↑,,-7.0,,,2281.0,,-0.46022630999045533,1.0061722168807778,,,1.466,자연적 인구감소가 나타나는 동시에 순유입이 나타난 지역,3,LOW
2006-08-01,전라남도,social_double_decline,자연감소 ↓ + 순이동 ↓,5.0,-53.0,-58.0,-1523.0,-2738.0,-1215.0,-0.4913547117189917,-0.9701791253172121,-0.7003807711222744,-0.9365627511372623,1.462,자연감소와 순유출이 동시에 강하게 나타난 지역,20,LOW
2019-02-01,경상북도,social_double_decline,자연감소 ↓ + 순이동 ↓,-601.0,-446.0,155.0,-2394.0,-2026.0,368.0,-0.8431148578711064,-0.6183193267841047,1.2681828868961191,0.1315790859378581,1.461,자연감소와 순유출이 동시에 강하게 나타난 지역,21,LOW
2020-02-01,경상북도,social_double_decline,자연감소 ↓ + 순이동 ↓,-446.0,-857.0,-411.0,-2026.0,-2729.0,-703.0,-0.7301169924601614,-0.7263881465894864,0.15719398320045166,-0.7331463604858869,1.457,자연감소와 순유출이 동시에 강하게 나타난 지역,22,LOW
2019-03-01,전라남도,social_double_decline,자연감소 ↓ + 순이동 ↓,-309.0,-512.0,-203.0,-455.0,-1311.0,-856.0,-0.9450490186254358,-0.509293737401441,0.15244327433701654,-0.39813098794556806,1.454,자연감소와 순유출이 동시에 강하게 나타난 지역,23,LOW
2020-06-01,경상북도,social_double_decline,자연감소 ↓ + 순이동 ↓,-462.0,-752.0,-290.0,539.0,-1521.0,-2060.0,-1.0083038505010729,-0.4417897817024311,-0.02992532735708518,-1.6950350580803537,1.45,자연감소와 순유출이 동시에 강하게 나타난 지역,24,LOW
2019-04-01,부산광역시,social_double_decline,자연감소 ↓ + 순이동 ↓,-174.0,-308.0,-134.0,-2370.0,-2110.0,260.0,-0.7119866154703574,-0.730489022325799,0.09042791169977042,0.15814072255926384,1.442,자연감소와 순유출이 동시에 강하게 나타난 지역,25,LOW
2019-01-01,전북특별자치도,social_double_decline,자연감소 ↓ + 순이동 ↓,-552.0,-598.0,-46.0,-2290.0,-1664.0,626.0,-0.8988980896665664,-0.5361213545466279,-0.5773168803197312,0.31902541599968026,1.435,자연감소와 순유출이 동시에 강하게 나타난 지역,26,LOW
2019-03-01,부산광역시,social_double_decline,자연감소 ↓ + 순이동 ↓,-61.0,-308.0,-247.0,-2209.0,-1920.0,289.0,-0.6849905656583644,-0.7458764117549709,0.08091775699405616,0.13441571906106212,1.431,자연감소와 순유출이 동시에 강하게 나타난 지역,27,LOW
2019-11-01,부산광역시,social_double_decline,자연감소 ↓ + 순이동 ↓,-337.0,-613.0,-276.0,-2034.0,-1682.0,352.0,-0.7005747724201551,-0.7264719688051928,0.052650897765447666,0.15592855807630088,1.427,자연감소와 순유출이 동시에 강하게 나타난 지역,28,LOW
2006-07-01,전라남도,social_double_decline,자연감소 ↓ + 순이동 ↓,-30.0,-21.0,9.0,-1324.0,-1925.0,-601.0,-0.48416688866598984,-0.9335046544445552,-0.3002613481289521,-0.6303138495464061,1.418,자연감소와 순유출이 동시에 강하게 나타난 지역,29,LOW
2017-02-01,경상북도,social_double_decline,자연감소 ↓ + 순이동 ↓,-125.0,-204.0,-79.0,-82.0,-2168.0,-2086.0,-0.5427246261739077,-0.8298065922210818,0.352617991166919,-1.0896690330549579,1.373,자연감소와 순유출이 동시에 강하게 나타난 지역,30,LOW
2014-03-01,강원특별자치도,social_cross_inflow,자연감소 ↓ + 순이동 ↑,2.0,-97.0,-99.0,1501.0,1878.0,377.0,-0.48528370190722675,0.8877844743747898,-0.2811198231158475,0.4945022888198751,1.373,자연적 인구감소가 나타나는 동시에 순유입이 나타난 지역,4,LOW
2016-12-01,전라남도,social_cross_inflow,자연감소 ↓ + 순이동 ↑,-351.0,-552.0,-201.0,3753.0,1975.0,-1778.0,-0.9887485499260243,0.38173209623320503,0.3459036038432269,-1.6232160456442477,1.37,자연적 인구감소가 나타나는 동시에 순유입이 나타난 지역,5,LOW
2012-02-01,전라남도,social_double_decline,자연감소 ↓ + 순이동 ↓,57.0,-286.0,-343.0,-2913.0,-1887.0,1026.0,-0.5338942047049344,-0.8323748238728751,-0.3608277126074252,1.8973243701401683,1.366,자연감소와 순유출이 동시에 강하게 나타난 지역,31,LOW
2006-06-01,전라남도,social_double_decline,자연감소 ↓ + 순이동 ↓,29.0,-20.0,-49.0,-450.0,-3078.0,-2628.0,-0.48148556182081903,-0.8830141807454658,-0.5615829706190641,-1.6538237724827358,1.364,자연감소와 순유출이 동시에 강하게 나타난 지역,33,LOW
2002-12-01,전라남도,social_double_decline,자연감소 ↓ + 순이동 ↓,237.0,-306.0,-543.0,-5049.0,-5195.0,-146.0,-0.56679260040227,-0.7968028686591904,0.24537654844937423,-0.022416904084188477,1.364,자연감소와 순유출이 동시에 강하게 나타난 지역,32,LOW
2019-03-01,전북특별자치도,social_double_decline,자연감소 ↓ + 순이동 ↓,-338.0,-427.0,-89.0,-1182.0,-1356.0,-174.0,-0.8366913298891561,-0.5267752158019482,0.33775938745286843,-0.08092849521323463,1.363,자연감소와 순유출이 동시에 강하게 나타난 지역,34,LOW
2017-12-01,부산광역시,social_double_decline,자연감소 ↓ + 순이동 ↓,-68.0,-603.0,-535.0,-3423.0,-3706.0,-283.0,-0.6272148509692356,-0.7319263576631804,-0.12986548142932555,-0.49552316138471236,1.359,자연감소와 순유출이 동시에 강하게 나타난 지역,35,LOW
2019-08-01,경상북도,social_double_decline,자연감소 ↓ + 순이동 ↓,-344.0,-635.0,-291.0,-953.0,-670.0,283.0,-1.2034831457886421,-0.15490893031308334,0.028163022951453825,0.45192298473476916,1.358,자연감소와 순유출이 동시에 강하게 나타난 지역,36,LOW
2022-01-01,경상남도,social_double_decline,자연감소 ↓ + 순이동 ↓,-526.0,-831.0,-305.0,-1257.0,-2001.0,-744.0,-0.21645345482155984,-1.138697546494073,0.001408814778036964,-0.17184409416138022,1.355,자연감소와 순유출이 동시에 강하게 나타난 지역,37,LOW
2020-04-01,경상북도,social_double_decline,자연감소 ↓ + 순이동 ↓,-496.0,-745.0,-249.0,-213.0,-1700.0,-1487.0,-1.0323347819599094,-0.3169741884178452,0.18794723141023364,-0.543718433265667,1.349,자연감소와 순유출이 동시에 강하게 나타난 지역,38,LOW
2014-12-01,전라남도,social_cross_inflow,자연감소 ↓ + 순이동 ↑,-375.0,-339.0,36.0,838.0,3069.0,2231.0,-0.5960834676169772,0.7365840203099014,0.7706328640451883,1.0823067943409808,1.333,자연적 인구감소가 나타나는 동시에 순유입이 나타난 지역,6,LOW
2018-01-01,전북특별자치도,social_double_decline,자연감소 ↓ + 순이동 ↓,-169.0,-552.0,-383.0,-1238.0,-2290.0,-1052.0,-0.7782610842257947,-0.5519317309847902,0.28651077553551685,-0.5328854476117757,1.33,자연감소와 순유출이 동시에 강하게 나타난 지역,39,LOW
2019-05-01,부산광역시,social_double_decline,자연감소 ↓ + 순이동 ↓,-220.0,-414.0,-194.0,-2509.0,-1833.0,676.0,-0.8273925746621352,-0.4957620913183184,0.23481785959989382,0.4982279168500435,1.323,자연감소와 순유출이 동시에 강하게 나타난 지역,40,LOW
2018-02-01,전라남도,social_double_decline,자연감소 ↓ + 순이동 ↓,-314.0,-553.0,-239.0,-1280.0,-1497.0,-217.0,-0.9862019047374291,-0.33295235741899604,0.27269297650298213,-0.09483456956929029,1.319,자연감소와 순유출이 동시에 강하게 나타난 지역,41,LOW
2017-11-01,부산광역시,social_double_decline,자연감소 ↓ + 순이동 ↓,279.0,-257.0,-536.0,-2504.0,-3545.0,-1041.0,-0.6157592442914669,-0.700532601065396,-0.050491702476306244,-1.293717944868099,1.316,자연감소와 순유출이 동시에 강하게 나타난 지역,42,LOW
2018-11-01,전라남도,social_cross_inflow,자연감소 ↓ + 순이동 ↑,-506.0,-595.0,-89.0,151.0,681.0,530.0,-1.1592511315197132,0.15559110644754484,0.22370544781185894,0.4801766453091063,1.315,자연적 인구감소가 나타나는 동시에 순유입이 나타난 지역,7,LOW
2019-12-01,전라남도,social_cross_inflow,자연감소 ↓ + 순이동 ↑,-704.0,-740.0,-36.0,1946.0,3772.0,1826.0,-0.10171648296696872,1.2100074515898436,0.37815366700387726,1.0063317233404057,1.312,자연적 인구감소가 나타나는 동시에 순유입이 나타난 지역,8,LOW
2019-07-01,부산광역시,social_double_decline,자연감소 ↓ + 순이동 ↓,-270.0,-430.0,-160.0,-2371.0,-1924.0,447.0,-0.8243652574432575,-0.48396118507956315,-0.12410757178326168,0.567555049139718,1.308,자연감소와 순유출이 동시에 강하게 나타난 지역,43,LOW
2022-06-01,경상남도,social_double_decline,자연감소 ↓ + 순이동 ↓,-503.0,-809.0,-306.0,-624.0,-1649.0,-1025.0,-0.10084340427523716,-1.2053032056975512,0.057888412503709526,-0.42487445184644673,1.306,자연감소와 순유출이 동시에 강하게 나타난 지역,44,LOW
2019-06-01,부산광역시,social_double_decline,자연감소 ↓ + 순이동 ↓,-74.0,-363.0,-289.0,-2493.0,-1756.0,737.0,-0.7693860552778146,-0.5307124811063306,0.038737394920365285,0.7094246035441778,1.3,자연감소와 순유출이 동시에 강하게 나타난 지역,45,LOW
2019-02-01,전북특별자치도,social_double_decline,자연감소 ↓ + 순이동 ↓,-295.0,-342.0,-47.0,-1722.0,-1858.0,-136.0,-0.7271648862332345,-0.5670470430231326,-0.6906586495330608,-0.048627053498773644,1.294,자연감소와 순유출이 동시에 강하게 나타난 지역,46,LOW
2019-05-01,경상북도,social_double_decline,자연감소 ↓ + 순이동 ↓,-400.0,-644.0,-244.0,-247.0,-166.0,81.0,-1.2285878497969724,-0.044897167026099756,0.17131543362636484,0.05969890719652888,1.273,자연감소와 순유출이 동시에 강하게 나타난 지역,47,LOW
2015-12-01,전라남도,social_cross_inflow,자연감소 ↓ + 순이동 ↑,-339.0,-351.0,-12.0,3069.0,3753.0,684.0,-0.606190577812861,0.666904898006501,-0.23248997329131801,0.2653503555248629,1.273,자연적 인구감소가 나타나는 동시에 순유입이 나타난 지역,9,LOW
2018-10-01,부산광역시,social_double_decline,자연감소 ↓ + 순이동 ↓,-77.0,-401.0,-324.0,-4749.0,-2372.0,2377.0,-0.7520561491708229,-0.5198043289008284,-0.3129056381599179,1.6230383350323587,1.272,자연감소와 순유출이 동시에 강하게 나타난 지역,48,LOW
2019-09-01,경상북도,social_double_decline,자연감소 ↓ + 순이동 ↓,-476.0,-568.0,-92.0,-241.0,-320.0,-79.0,-1.1683452515598238,-0.10286662137863913,0.3249220711674258,-0.11028034202155439,1.271,자연감소와 순유출이 동시에 강하게 나타난 지역,49,LOW
2019-05-01,전라남도,social_double_decline,자연감소 ↓ + 순이동 ↓,-390.0,-500.0,-110.0,-300.0,-1011.0,-711.0,-0.9774047210169006,-0.2734399750806437,0.3415019352354225,-0.5240237409473091,1.251,자연감소와 순유출이 동시에 강하게 나타난 지역,50,LOW
2003-12-01,전라남도,social_double_decline,자연감소 ↓ + 순이동 ↓,-306.0,-128.0,178.0,-5195.0,-6340.0,-1145.0,-0.5082099636768932,-0.7367466151409078,-0.3396030329086316,-0.15047491509624986,1.245,자연감소와 순유출이 동시에 강하게 나타난 지역,51,LOW
2014-02-01,강원특별자치도,social_double_decline,자연감소 ↓ + 순이동 ↓,-29.0,-71.0,-42.0,-1158.0,-1388.0,-230.0,-0.4850352856651596,-0.7588542063131357,0.2701302362430694,-0.2777079481165885,1.244,자연감소와 순유출이 동시에 강하게 나타난 지역,52,LOW
2019-08-01,부산광역시,social_double_decline,자연감소 ↓ + 순이동 ↓,-139.0,-397.0,-258.0,-2040.0,-1897.0,143.0,-0.7993663722693959,-0.43860035940883446,0.08011592864450832,0.22835684387657945,1.238,자연감소와 순유출이 동시에 강하게 나타난 지역,53,LOW
2020-08-01,경상북도,social_double_decline,자연감소 ↓ + 순이동 ↓,-635.0,-905.0,-270.0,-670.0,-2365.0,-1695.0,-0.7304301531063374,-0.49945898427051544,0.15411138612161787,-1.6543551831791181,1.23,자연감소와 순유출이 동시에 강하게 나타난 지역,54,LOW
2019-08-01,전라남도,social_double_decline,자연감소 ↓ + 순이동 ↓,-521.0,-465.0,56.0,-1564.0,-1365.0,199.0,-0.9148283075606092,-0.3155980445930728,0.5744556979662996,0.31778330021985535,1.23,자연감소와 순유출이 동시에 강하게 나타난 지역,55,LOW
2018-08-01,전라남도,social_double_decline,자연감소 ↓ + 순이동 ↓,-448.0,-521.0,-73.0,-1290.0,-1564.0,-274.0,-0.8882833378926352,-0.33598918289696,0.3978833020450903,-0.18962206688103989,1.224,자연감소와 순유출이 동시에 강하게 나타난 지역,56,LOW
2020-06-01,부산광역시,social_double_decline,자연감소 ↓ + 순이동 ↓,-363.0,-548.0,-185.0,-1756.0,-1900.0,-144.0,-0.6554839782845739,-0.5518741520280205,0.15490757690726445,-0.11848788755513151,1.207,자연감소와 순유출이 동시에 강하게 나타난 지역,58,LOW
2018-11-01,부산광역시,social_double_decline,자연감소 ↓ + 순이동 ↓,-257.0,-337.0,-80.0,-3545.0,-2034.0,1511.0,-0.742308577711043,-0.4647170492133718,0.24748516076823765,1.3689564359661501,1.207,자연감소와 순유출이 동시에 강하게 나타난 지역,57,LOW
2015-01-01,전라남도,social_double_decline,자연감소 ↓ + 순이동 ↓,-14.0,-5.0,9.0,-709.0,-1466.0,-757.0,-0.4635876280777751,-0.7361175425633368,0.4613881104529898,-0.5836479240038692,1.2,자연감소와 순유출이 동시에 강하게 나타난 지역,59,LOW
2019-06-01,전라남도,social_double_decline,자연감소 ↓ + 순이동 ↓,-396.0,-480.0,-84.0,-1413.0,-782.0,631.0,-0.9621444460005218,-0.23634234636967574,0.35780209861712364,0.6073906714197778,1.198,자연감소와 순유출이 동시에 강하게 나타난 지역,60,LOW
2017-12-01,전라남도,social_cross_inflow,자연감소 ↓ + 순이동 ↑,-552.0,-646.0,-94.0,1975.0,2444.0,469.0,-0.6929780986866818,0.48268430062838985,0.3789559359378938,0.821202695015654,1.176,자연적 인구감소가 나타나는 동시에 순유입이 나타난 지역,10,LOW
2018-10-01,경상북도,social_double_decline,자연감소 ↓ + 순이동 ↓,-456.0,-675.0,-219.0,585.0,-256.0,-841.0,-1.1176328225111045,-0.05610029856602532,-0.055106311166785917,-0.5742428438208724,1.174,자연감소와 순유출이 동시에 강하게 나타난 지역,61,LOW
2019-05-01,전북특별자치도,social_double_decline,자연감소 ↓ + 순이동 ↓,-370.0,-438.0,-68.0,-610.0,-1120.0,-510.0,-0.8692564294588139,-0.30292064499537186,0.3948439730531868,-0.37588200827444107,1.172,자연감소와 순유출이 동시에 강하게 나타난 지역,62,LOW
2019-11-01,전라남도,social_cross_inflow,자연감소 ↓ + 순이동 ↑,-595.0,-609.0,-14.0,681.0,1105.0,424.0,-0.6939931722617194,0.4772601221936612,0.46374631806652594,0.18782303586463517,1.171,자연적 인구감소가 나타나는 동시에 순유입이 나타난 지역,11,LOW
2018-07-01,부산광역시,social_double_decline,자연감소 ↓ + 순이동 ↓,20.0,-270.0,-290.0,-1971.0,-2371.0,-400.0,-0.6256972322462732,-0.5386448890272875,0.17082335417725797,-0.21914652299129078,1.164,자연감소와 순유출이 동시에 강하게 나타난 지역,63,LOW
2019-09-01,부산광역시,social_double_decline,자연감소 ↓ + 순이동 ↓,-307.0,-326.0,-19.0,-1363.0,-1390.0,-27.0,-0.7165242363081731,-0.4468268866134637,0.44273321948806527,-0.03769074980483505,1.163,자연감소와 순유출이 동시에 강하게 나타난 지역,64,LOW
2020-07-01,부산광역시,social_double_decline,자연감소 ↓ + 순이동 ↓,-430.0,-562.0,-132.0,-1924.0,-1089.0,835.0,-0.821118792253294,-0.33632405153088807,0.2893839482793204,0.6701112530430423,1.157,자연감소와 순유출이 동시에 강하게 나타난 지역,65,LOW
2017-01-01,강원특별자치도,social_double_decline,자연감소 ↓ + 순이동 ↓,-127.0,-276.0,-149.0,-272.0,-1333.0,-1061.0,-0.569809741035734,-0.583471928499724,0.3699267144517335,-0.7751631951031289,1.153,자연감소와 순유출이 동시에 강하게 나타난 지역,66,LOW
2020-04-01,전라남도,social_double_decline,자연감소 ↓ + 순이동 ↓,-382.0,-637.0,-255.0,-671.0,-1640.0,-969.0,-0.8440741050246314,-0.3057868641207448,0.1807236367510503,-0.3543128189875127,1.15,자연감소와 순유출이 동시에 강하게 나타난 지역,67,LOW
2018-09-01,전라남도,social_double_decline,자연감소 ↓ + 순이동 ↓,-282.0,-414.0,-132.0,-396.0,-1339.0,-943.0,-0.7724431388461886,-0.3751075192898892,0.3511891041126561,-0.6114590780779935,1.148,자연감소와 순유출이 동시에 강하게 나타난 지역,68,LOW
2018-05-01,부산광역시,social_double_decline,자연감소 ↓ + 순이동 ↓,88.0,-220.0,-308.0,-2360.0,-2509.0,-149.0,-0.5800024092468764,-0.56265794496867,-0.03468578289281559,-0.07051852958597636,1.143,자연감소와 순유출이 동시에 강하게 나타난 지역,69,LOW
2019-09-01,전라남도,social_double_decline,자연감소 ↓ + 순이동 ↓,-414.0,-414.0,0.0,-1339.0,-812.0,527.0,-0.8808227873087734,-0.2610240517482968,0.47339639507836867,0.735667598042521,1.142,자연감소와 순유출이 동시에 강하게 나타난 지역,70,LOW
2022-01-01,경상북도,social_double_decline,자연감소 ↓ + 순이동 ↓,-740.0,-1030.0,-290.0,-1028.0,-1339.0,-311.0,-0.3785898569902816,-0.7619770188683478,0.025182564157410058,-0.07183267914541565,1.141,자연감소와 순유출이 동시에 강하게 나타난 지역,71,LOW
2003-10-01,전라남도,social_double_decline,자연감소 ↓ + 순이동 ↓,-93.0,-2.0,91.0,-3705.0,-3367.0,338.0,-0.4811311587224679,-0.6602080671800836,-0.3700366013798912,0.08391092605961623,1.141,자연감소와 순유출이 동시에 강하게 나타난 지역,72,LOW
2005-12-01,전라남도,social_double_decline,자연감소 ↓ + 순이동 ↓,-253.0,-276.0,-23.0,-3353.0,-3483.0,-130.0,-0.5607328355154013,-0.5762871153215676,0.46057104239670776,-0.07564740050946896,1.137,자연감소와 순유출이 동시에 강하게 나타난 지역,73,LOW
2019-10-01,전북특별자치도,social_double_decline,자연감소 ↓ + 순이동 ↓,-388.0,-553.0,-165.0,-863.0,-606.0,257.0,-0.9161822063723233,-0.21966292442119653,-0.02181739886430082,0.13104393306635925,1.136,자연감소와 순유출이 동시에 강하게 나타난 지역,75,LOW
2002-11-01,전라남도,social_double_decline,자연감소 ↓ + 순이동 ↓,120.0,-122.0,-242.0,-3770.0,-4368.0,-598.0,-0.508876853772674,-0.6274757724150822,0.3456683800841371,-0.3711441582649318,1.136,자연감소와 순유출이 동시에 강하게 나타난 지역,74,LOW
2019-02-01,부산광역시,social_double_decline,자연감소 ↓ + 순이동 ↓,-149.0,-248.0,-99.0,-1278.0,-1677.0,-399.0,-0.6223639503297734,-0.5118072611139899,-1.1949148866336416,-0.1426631937206668,1.134,자연감소와 순유출이 동시에 강하게 나타난 지역,76,LOW
2019-08-01,전북특별자치도,social_double_decline,자연감소 ↓ + 순이동 ↓,-336.0,-456.0,-120.0,-1261.0,-975.0,286.0,-0.8995465808308898,-0.22542717470933768,0.29737353427000895,0.4567136877531589,1.125,자연감소와 순유출이 동시에 강하게 나타난 지역,78,LOW
2004-04-01,전라남도,social_double_decline,자연감소 ↓ + 순이동 ↓,220.0,-19.0,-239.0,-2772.0,-2568.0,204.0,-0.48406196597323053,-0.6406153873137704,0.19584926870558794,0.10438722257480787,1.125,자연감소와 순유출이 동시에 강하게 나타난 지역,77,LOW
2019-10-01,경상북도,social_double_decline,자연감소 ↓ + 순이동 ↓,-675.0,-657.0,18.0,-256.0,-81.0,175.0,-1.0869741890778588,-0.029360885937486664,0.5310019231280594,0.08923225014246253,1.116,자연감소와 순유출이 동시에 강하게 나타난 지역,79,LOW
2017-01-01,경상북도,social_double_decline,자연감소 ↓ + 순이동 ↓,141.0,-69.0,-210.0,-1685.0,-1444.0,241.0,-0.4768213433877336,-0.6320581130934744,0.32402034776231176,0.17607382659741194,1.109,자연감소와 순유출이 동시에 강하게 나타난 지역,80,LOW
2018-04-01,부산광역시,social_double_decline,자연감소 ↓ + 순이동 ↓,106.0,-174.0,-280.0,-1944.0,-2370.0,-426.0,-0.537914874993738,-0.5692602992930501,0.12666938934700292,-0.22941619570338712,1.107,자연감소와 순유출이 동시에 강하게 나타난 지역,81,LOW
2019-07-01,전라남도,social_double_decline,자연감소 ↓ + 순이동 ↓,-412.0,-390.0,22.0,-1313.0,-1315.0,-2.0,-0.7738595575318258,-0.3307738868916973,0.5557860823337369,-0.0025393961930188728,1.105,자연감소와 순유출이 동시에 강하게 나타난 지역,83,LOW
2016-01-01,전라남도,social_double_decline,자연감소 ↓ + 순이동 ↓,-5.0,-50.0,-45.0,-1466.0,-1948.0,-482.0,-0.47635405193465297,-0.6284954741726453,0.38384318333842365,-0.2700302271575937,1.105,자연감소와 순유출이 동시에 강하게 나타난 지역,82,LOW
2022-06-01,경상북도,social_double_decline,자연감소 ↓ + 순이동 ↓,-736.0,-1042.0,-306.0,606.0,-1143.0,-1749.0,-0.26840966320168125,-0.8354527374847186,0.057888412503709526,-0.7249808939311564,1.104,자연감소와 순유출이 동시에 강하게 나타난 지역,84,LOW
2018-06-01,전라남도,social_double_decline,자연감소 ↓ + 순이동 ↓,-348.0,-396.0,-48.0,-431.0,-1413.0,-982.0,-0.7539615289786155,-0.3492952079439158,0.41477620215891986,-0.4804328552959341,1.103,자연감소와 순유출이 동시에 강하게 나타난 지역,85,LOW
2018-11-01,경상북도,social_cross_inflow,자연감소 ↓ + 순이동 ↑,-538.0,-470.0,68.0,424.0,609.0,185.0,-0.9572440802558226,0.13914094541344318,0.6385293293842431,0.16760882902298993,1.096,자연적 인구감소가 나타나는 동시에 순유입이 나타난 지역,12,LOW
2019-06-01,경상북도,social_cross_inflow,자연감소 ↓ + 순이동 ↑,-338.0,-462.0,-124.0,-969.0,539.0,1508.0,-0.9324893089662591,0.16290092671771766,0.29554557106653667,1.4515770721093897,1.095,자연적 인구감소가 나타나는 동시에 순유입이 나타난 지역,13,LOW
2013-12-01,세종특별자치시,social_cross_inflow,자연감소 ↓ + 순이동 ↑,38.0,-17.0,-55.0,1861.0,2841.0,980.0,-0.44610315627936126,0.6472302521998071,0.3764972252061514,0.6167562890051337,1.093,자연적 인구감소가 나타나는 동시에 순유입이 나타난 지역,14,LOW
2017-02-01,전라남도,social_double_decline,자연감소 ↓ + 순이동 ↓,-243.0,-314.0,-71.0,-1026.0,-1280.0,-254.0,-0.5995754758101546,-0.4899227112744394,0.3659592919362401,-0.13268261476316362,1.089,자연감소와 순유출이 동시에 강하게 나타난 지역,86,LOW
2014-02-01,전라남도,social_double_decline,자연감소 ↓ + 순이동 ↓,-20.0,-67.0,-47.0,-1278.0,-1100.0,178.0,-0.48381062089563054,-0.6013974257524851,0.2538136447921458,0.21492180332501196,1.085,자연감소와 순유출이 동시에 강하게 나타난 지역,87,LOW
2018-07-01,경상북도,social_double_decline,자연감소 ↓ + 순이동 ↓,-82.0,-472.0,-390.0,-652.0,-1121.0,-469.0,-0.8296630863297811,-0.2546693043439854,0.06224918838662789,-0.25694929820728846,1.084,자연감소와 순유출이 동시에 강하게 나타난 지역,88,LOW
2014-04-01,전라남도,social_cross_inflow,자연감소 ↓ + 순이동 ↑,-124.0,-66.0,58.0,-204.0,1564.0,1768.0,-0.48328166493052505,0.5988636241151525,-0.1863056842829093,1.8027821430114987,1.082,자연적 인구감소가 나타나는 동시에 순유입이 나타난 지역,15,LOW
2016-12-01,전북특별자치도,social_cross_inflow,자연감소 ↓ + 순이동 ↑,-145.0,-534.0,-389.0,94.0,592.0,498.0,-0.9659766896632982,0.11442298783294044,0.21935897731290474,0.45464656396559916,1.08,자연적 인구감소가 나타나는 동시에 순유입이 나타난 지역,16,LOW
2019-06-01,전북특별자치도,social_double_decline,자연감소 ↓ + 순이동 ↓,-293.0,-407.0,-114.0,-1259.0,-780.0,479.0,-0.8418763902504566,-0.23573789024085304,0.3111097029541834,0.46107786309044935,1.078,자연감소와 순유출이 동시에 강하게 나타난 지역,89,LOW
2017-01-01,전라남도,social_double_decline,자연감소 ↓ + 순이동 ↓,-50.0,-166.0,-116.0,-1948.0,-1264.0,684.0,-0.5203956166817242,-0.5532697056441493,0.39476130626732225,0.49972820494867126,1.074,자연감소와 순유출이 동시에 강하게 나타난 지역,90,LOW
2018-06-01,부산광역시,social_double_decline,자연감소 ↓ + 순이동 ↓,215.0,-74.0,-289.0,-2564.0,-2493.0,71.0,-0.4556706742373148,-0.6162724369456348,0.08316927901749077,0.034735980372720285,1.072,자연감소와 순유출이 동시에 강하게 나타난 지역,91,LOW
2021-03-01,경상북도,social_cross_inflow,자연감소 ↓ + 순이동 ↑,-797.0,-849.0,-52.0,-4717.0,1439.0,6156.0,-0.7259713609533023,0.3450676003535566,0.23458073781246064,2.2616916936496936,1.071,자연적 인구감소가 나타나는 동시에 순유입이 나타난 지역,17,LOW
2019-09-01,전북특별자치도,social_double_decline,자연감소 ↓ + 순이동 ↓,-331.0,-393.0,-62.0,-701.0,-714.0,-13.0,-0.8416151785472665,-0.22952114895108855,0.373337611573168,-0.018147398054179836,1.071,자연감소와 순유출이 동시에 강하게 나타난 지역,92,LOW
2018-10-01,전라남도,social_double_decline,자연감소 ↓ + 순이동 ↓,-471.0,-517.0,-46.0,-222.0,-745.0,-523.0,-0.9068258356944457,-0.1632606344987846,0.3696487704504697,-0.35710940228099436,1.07,자연감소와 순유출이 동시에 강하게 나타난 지역,94,LOW
2003-11-01,전라남도,social_double_decline,자연감소 ↓ + 순이동 ↓,-122.0,-30.0,92.0,-4368.0,-3363.0,1005.0,-0.48639768777043363,-0.5833303006970363,-0.3891904830066844,0.6256779404115701,1.07,자연감소와 순유출이 동시에 강하게 나타난 지역,93,LOW
2018-11-01,전북특별자치도,social_double_decline,자연감소 ↓ + 순이동 ↓,-368.0,-412.0,-44.0,-465.0,-901.0,-436.0,-0.8635128084693774,-0.20585548738507767,0.3426040125937525,-0.3950132402920195,1.069,자연감소와 순유출이 동시에 강하게 나타난 지역,95,LOW
2018-07-01,전라남도,social_double_decline,자연감소 ↓ + 순이동 ↓,-328.0,-412.0,-84.0,-189.0,-1313.0,-1124.0,-0.7690791692752739,-0.2982879541513406,0.3944861357059559,-0.615801729605527,1.067,자연감소와 순유출이 동시에 강하게 나타난 지역,96,LOW
2018-02-01,전북특별자치도,social_double_decline,자연감소 ↓ + 순이동 ↓,-112.0,-295.0,-183.0,-1167.0,-1722.0,-555.0,-0.6829360031614378,-0.38299529691082906,0.3202491218862012,-0.24254924475094983,1.066,자연감소와 순유출이 동시에 강하게 나타난 지역,97,LOW
2016-12-01,충청남도,social_cross_inflow,자연감소 ↓ + 순이동 ↑,59.0,-192.0,-251.0,2422.0,2758.0,336.0,-0.5333113446715008,0.5330719602081921,0.3122481180638859,0.30674948894064524,1.066,자연적 인구감소가 나타나는 동시에 순유입이 나타난 지역,18,LOW
2019-10-01,전라남도,social_double_decline,자연감소 ↓ + 순이동 ↓,-517.0,-561.0,-44.0,-745.0,-374.0,371.0,-0.929320051195826,-0.13556754741506188,0.3437079451852926,0.18917237030202055,1.065,자연감소와 순유출이 동시에 강하게 나타난 지역,98,LOW
2017-01-01,전북특별자치도,social_double_decline,자연감소 ↓ + 순이동 ↓,103.0,-169.0,-272.0,-1452.0,-1238.0,214.0,-0.5217432746186517,-0.541889157901469,0.27736141768453887,0.15634771324417493,1.064,자연감소와 순유출이 동시에 강하게 나타난 지역,99,LOW
2019-04-01,전북특별자치도,social_double_decline,자연감소 ↓ + 순이동 ↓,-269.0,-351.0,-82.0,-756.0,-855.0,-99.0,-0.7666244937545192,-0.296003845539601,0.2343743833851193,-0.06021512128218123,1.063,자연감소와 순유출이 동시에 강하게 나타난 지역,100,LOW
2006-12-01,전라남도,social_double_decline,자연감소 ↓ + 순이동 ↓,-276.0,-283.0,-7.0,-3483.0,-3137.0,346.0,-0.5509338559450995,-0.5109073919225101,-0.48558847148361706,0.3762465473094396,1.062,자연감소와 순유출이 동시에 강하게 나타난 지역,101,LOW
2020-02-01,전라남도,social_double_decline,자연감소 ↓ + 순이동 ↓,-403.0,-688.0,-285.0,-2559.0,-2067.0,492.0,-0.510170875301931,-0.5501811282522786,0.2586498608039305,0.513098164095386,1.06,자연감소와 순유출이 동시에 강하게 나타난 지역,102,LOW
2020-09-01,경상북도,social_double_decline,자연감소 ↓ + 순이동 ↓,-568.0,-641.0,-73.0,-320.0,-403.0,-83.0,-0.9689466147008929,-0.09003430022040403,0.24935532832898827,-0.053189057384076664,1.059,자연감소와 순유출이 동시에 강하게 나타난 지역,103,LOW
2019-07-01,경상북도,social_double_decline,자연감소 ↓ + 순이동 ↓,-472.0,-500.0,-28.0,-1121.0,-573.0,548.0,-0.912750232288263,-0.1441318913984354,0.3690021114224736,0.6957945568871711,1.057,자연감소와 순유출이 동시에 강하게 나타난 지역,104,LOW
2019-07-01,전북특별자치도,social_double_decline,자연감소 ↓ + 순이동 ↓,-320.0,-421.0,-101.0,-1384.0,-943.0,441.0,-0.8130014749631854,-0.23720135006758217,0.09629751389202909,0.5599368605606614,1.05,자연감소와 순유출이 동시에 강하게 나타난 지역,105,LOW
2004-09-01,전라남도,social_double_decline,자연감소 ↓ + 순이동 ↓,136.0,-55.0,-191.0,-3455.0,-1648.0,1807.0,-0.4929864330162658,-0.5554093959901225,-0.0852306310036069,0.8850737284102189,1.048,자연감소와 순유출이 동시에 강하게 나타난 지역,106,LOW
2018-09-01,부산광역시,social_double_decline,자연감소 ↓ + 순이동 ↓,102.0,-307.0,-409.0,-1458.0,-1363.0,95.0,-0.6644177623273272,-0.3818308803525908,0.07012507953710177,0.06159980107890709,1.046,자연감소와 순유출이 동시에 강하게 나타난 지역,107,LOW
2020-01-01,부산광역시,social_double_decline,자연감소 ↓ + 순이동 ↓,-511.0,-574.0,-63.0,-2558.0,-1378.0,1180.0,-0.5461222220731216,-0.4961482458339614,0.42129315827100533,0.9270135975583039,1.042,자연감소와 순유출이 동시에 강하게 나타난 지역,108,LOW
2017-08-01,전라남도,social_double_decline,자연감소 ↓ + 순이동 ↓,-122.0,-448.0,-326.0,-629.0,-1290.0,-661.0,-0.681257691375018,-0.35759428652347197,0.12843282964477024,-0.349798680581044,1.039,자연감소와 순유출이 동시에 강하게 나타난 지역,109,LOW
2019-04-01,전라남도,social_double_decline,자연감소 ↓ + 순이동 ↓,-492.0,-382.0,110.0,299.0,-671.0,-970.0,-0.8060145920524034,-0.23230243316616642,0.7658690480694843,-0.5899865418557151,1.038,자연감소와 순유출이 동시에 강하게 나타난 지역,111,LOW
2016-12-01,부산광역시,social_double_decline,자연감소 ↓ + 순이동 ↓,105.0,-68.0,-173.0,-1640.0,-3423.0,-1783.0,-0.376438529528276,-0.661604539446208,0.3647506758796578,-1.6277807701820548,1.038,자연감소와 순유출이 동시에 강하게 나타난 지역,110,LOW
2012-01-01,세종특별자치시,social_cross_inflow,자연감소 ↓ + 순이동 ↑,,-15.0,,,1068.0,,-0.46955526245405677,0.5577072924533734,,,1.027,자연적 인구감소가 나타나는 동시에 순유입이 나타난 지역,19,LOW
2019-04-01,경상북도,social_double_decline,자연감소 ↓ + 순이동 ↓,-478.0,-496.0,-18.0,-439.0,-213.0,226.0,-0.9508685019220419,-0.07374130888881289,0.411539271613241,0.13746078191689856,1.025,자연감소와 순유출이 동시에 강하게 나타난 지역,112,LOW
2017-10-01,경상남도,social_cross_inflow,자연감소 ↓ + 순이동 ↑,261.0,-106.0,-367.0,602.0,2185.0,1583.0,-0.4646544455388127,0.5525458574201578,0.14719784291237592,1.3832849127257354,1.017,자연적 인구감소가 나타나는 동시에 순유입이 나타난 지역,20,LOW
2017-11-01,경상북도,social_cross_inflow,자연감소 ↓ + 순이동 ↑,-243.0,-538.0,-295.0,-107.0,424.0,531.0,-0.9286495655317963,0.08378725609357629,0.19020390778986576,0.6599080006964079,1.012,자연적 인구감소가 나타나는 동시에 순유입이 나타난 지역,21,LOW
2009-05-01,전라남도,social_double_decline,자연감소 ↓ + 순이동 ↓,-56.0,-18.0,38.0,-782.0,-863.0,-81.0,-0.480162073487221,-0.5274350149147468,0.5421408114149189,-0.03683499971230079,1.008,자연감소와 순유출이 동시에 강하게 나타난 지역,114,LOW
2007-12-01,전라남도,social_double_decline,자연감소 ↓ + 순이동 ↓,-283.0,-56.0,227.0,-3137.0,-2616.0,521.0,-0.4884228218597283,-0.5195243985731549,0.060679875365268636,0.32398997050638156,1.008,자연감소와 순유출이 동시에 강하게 나타난 지역,113,LOW
2018-01-01,강원특별자치도,social_double_decline,자연감소 ↓ + 순이동 ↓,-276.0,-418.0,-142.0,-1333.0,-1620.0,-287.0,-0.6111345052414092,-0.39044952148269,0.4149874908831571,-0.14537844435796543,1.002,자연감소와 순유출이 동시에 강하게 나타난 지역,115,LOW
2019-03-01,경상북도,social_double_decline,자연감소 ↓ + 순이동 ↓,-276.0,-527.0,-251.0,-1506.0,-85.0,1421.0,-0.964170963696544,-0.03302057031206902,0.07441543723560523,0.6609160442414161,0.997,자연감소와 순유출이 동시에 강하게 나타난 지역,116,LOW
2006-10-01,전라남도,social_double_decline,자연감소 ↓ + 순이동 ↓,-164.0,-64.0,100.0,-1298.0,-1623.0,-325.0,-0.4916744951283505,-0.504917442023778,-0.2931077957057531,-0.285484707800182,0.997,자연감소와 순유출이 동시에 강하게 나타난 지역,118,LOW
2004-12-01,전라남도,social_double_decline,자연감소 ↓ + 순이동 ↓,-128.0,-253.0,-125.0,-6340.0,-3353.0,2987.0,-0.542887288808999,-0.4541184071630292,0.3221062677285077,0.4575538138513064,0.997,자연감소와 순유출이 동시에 강하게 나타난 지역,117,LOW
2013-02-01,전라남도,social_double_decline,자연감소 ↓ + 순이동 ↓,-286.0,-20.0,266.0,-1887.0,-1278.0,609.0,-0.46680234530855697,-0.529302464739699,1.369536170687421,0.7775803584781538,0.996,자연감소와 순유출이 동시에 강하게 나타난 지역,119,LOW
2020-05-01,경상남도,social_double_decline,자연감소 ↓ + 순이동 ↓,-322.0,-434.0,-112.0,-978.0,-1629.0,-651.0,-0.4457390493957048,-0.5459375142258942,0.24379501052308217,-0.5190272847623284,0.992,자연감소와 순유출이 동시에 강하게 나타난 지역,120,LOW
2018-07-01,전북특별자치도,social_double_decline,자연감소 ↓ + 순이동 ↓,-182.0,-320.0,-138.0,-749.0,-1384.0,-635.0,-0.6761838297916959,-0.31441776736135213,0.3358560861790157,-0.3478951052486741,0.991,자연감소와 순유출이 동시에 강하게 나타난 지역,121,LOW
2002-12-01,경상북도,social_cross_inflow,자연감소 ↓ + 순이동 ↑,519.0,-287.0,-806.0,2883.0,2798.0,-85.0,-0.5606950114757467,0.42915388383222614,0.11926106987515282,-0.013050937309287813,0.99,자연적 인구감소가 나타나는 동시에 순유입이 나타난 지역,22,LOW
2021-07-01,부산광역시,social_double_decline,자연감소 ↓ + 순이동 ↓,-562.0,-697.0,-135.0,-1089.0,-2096.0,-1007.0,-0.3742392068315381,-0.6150145128174938,0.23437295571804218,-0.8547117657216334,0.989,자연감소와 순유출이 동시에 강하게 나타난 지역,122,LOW
2020-04-01,부산광역시,social_double_decline,자연감소 ↓ + 순이동 ↓,-308.0,-617.0,-309.0,-2110.0,-958.0,1152.0,-0.8092110167032837,-0.17862427794370336,0.11571128481840005,0.4212263854216869,0.988,자연감소와 순유출이 동시에 강하게 나타난 지역,123,LOW
2014-08-01,전라남도,social_double_decline,자연감소 ↓ + 순이동 ↓,31.0,-65.0,-96.0,-661.0,-1037.0,-376.0,-0.4816196067254884,-0.5043036458208021,-1.0817357767863183,-0.41441160200767835,0.986,자연감소와 순유출이 동시에 강하게 나타난 지역,124,LOW
2004-10-01,전라남도,social_double_decline,자연감소 ↓ + 순이동 ↓,-2.0,-58.0,-56.0,-3367.0,-1989.0,1378.0,-0.49190184445186297,-0.4918326200249848,0.33821714644524864,0.750312027137151,0.984,자연감소와 순유출이 동시에 강하게 나타난 지역,125,LOW
2016-12-01,경상북도,social_double_decline,자연감소 ↓ + 순이동 ↓,-21.0,-525.0,-504.0,481.0,-138.0,-619.0,-0.9545907595319351,-0.02667292621781382,0.14195136002042047,-0.5651128977805339,0.981,자연감소와 순유출이 동시에 강하게 나타난 지역,126,LOW
2020-09-01,전라남도,social_double_decline,자연감소 ↓ + 순이동 ↓,-414.0,-597.0,-183.0,-812.0,-399.0,413.0,-0.8908947718568015,-0.08914065952342731,-0.09542368709796484,0.26466362288703205,0.98,자연감소와 순유출이 동시에 강하게 나타난 지역,127,LOW
2017-12-01,경상북도,social_cross_inflow,자연감소 ↓ + 순이동 ↑,-525.0,-788.0,-263.0,-138.0,353.0,491.0,-0.9101497539396439,0.06971667680925599,0.18396541545022924,0.859723930176303,0.98,자연적 인구감소가 나타나는 동시에 순유입이 나타난 지역,23,LOW
2020-07-01,경상남도,social_double_decline,자연감소 ↓ + 순이동 ↓,-212.0,-402.0,-190.0,-436.0,-1445.0,-1009.0,-0.5304572728715969,-0.4462702061176614,0.20583393666327768,-0.8097512027789577,0.977,자연감소와 순유출이 동시에 강하게 나타난 지역,128,LOW
2018-08-01,전북특별자치도,social_double_decline,자연감소 ↓ + 순이동 ↓,-174.0,-336.0,-162.0,-811.0,-1261.0,-450.0,-0.7064326361108527,-0.2708966493817561,0.29791325030791427,-0.31142310254185385,0.977,자연감소와 순유출이 동시에 강하게 나타난 지역,129,LOW
2019-02-01,강원특별자치도,social_double_decline,자연감소 ↓ + 순이동 ↓,-217.0,-290.0,-73.0,-1466.0,-1001.0,465.0,-0.6691899004142986,-0.30549735740912576,-0.9427867680833513,0.16626161674213047,0.975,자연감소와 순유출이 동시에 강하게 나타난 지역,130,LOW
2017-03-01,경상북도,social_double_decline,자연감소 ↓ + 순이동 ↓,30.0,-86.0,-116.0,122.0,-1462.0,-1584.0,-0.4852045359878684,-0.4855715624579656,0.35135660109029293,-1.3017098340371116,0.971,자연감소와 순유출이 동시에 강하게 나타난 지역,131,LOW
2021-01-01,부산광역시,social_double_decline,자연감소 ↓ + 순이동 ↓,-574.0,-745.0,-171.0,-1378.0,-1772.0,-394.0,-0.664967265679138,-0.30482477647818224,-0.7006709716146486,-0.08551176363798385,0.97,자연감소와 순유출이 동시에 강하게 나타난 지역,132,LOW
2018-06-01,전북특별자치도,social_double_decline,자연감소 ↓ + 순이동 ↓,-200.0,-293.0,-93.0,-686.0,-1259.0,-573.0,-0.6585455102259634,-0.31122623269737437,0.3528578970080306,-0.2803340387826581,0.97,자연감소와 순유출이 동시에 강하게 나타난 지역,133,LOW
2014-12-01,강원특별자치도,social_cross_inflow,자연감소 ↓ + 순이동 ↑,-91.0,-150.0,-59.0,225.0,1926.0,1701.0,-0.5078074813365943,0.462255074329381,-0.3256917595132742,0.8251922264338898,0.97,자연적 인구감소가 나타나는 동시에 순유입이 나타난 지역,24,LOW
2018-03-01,경상북도,social_double_decline,자연감소 ↓ + 순이동 ↓,-86.0,-276.0,-190.0,-1462.0,-1506.0,-44.0,-0.6200813461753684,-0.348643293282478,0.2858378207458203,-0.02878428599255749,0.969,자연감소와 순유출이 동시에 강하게 나타난 지역,134,LOW
2005-07-01,전라남도,social_double_decline,자연감소 ↓ + 순이동 ↓,55.0,-30.0,-85.0,-2852.0,-1324.0,1528.0,-0.48529207265448604,-0.48415135301370754,0.37665351368185906,1.0727862752500188,0.969,자연감소와 순유출이 동시에 강하게 나타난 지역,135,LOW
2020-01-01,전북특별자치도,social_double_decline,자연감소 ↓ + 순이동 ↓,-598.0,-607.0,-9.0,-1664.0,-1034.0,630.0,-0.5940815065071007,-0.37229120913811037,0.4709652773684601,0.4949309885268911,0.966,자연감소와 순유출이 동시에 강하게 나타난 지역,136,LOW
2018-03-01,부산광역시,social_double_decline,자연감소 ↓ + 순이동 ↓,196.0,-61.0,-257.0,-2056.0,-2209.0,-153.0,-0.4538730895124874,-0.5113897973844581,0.2174680445023734,-0.10009081265593855,0.965,자연감소와 순유출이 동시에 강하게 나타난 지역,137,LOW
2017-10-01,경상북도,social_cross_inflow,자연감소 ↓ + 순이동 ↑,-54.0,-456.0,-402.0,-538.0,585.0,1123.0,-0.8142272908808857,0.14793561857702167,0.11513192277586247,0.9813196190720157,0.962,자연적 인구감소가 나타나는 동시에 순유입이 나타난 지역,25,LOW
2020-03-01,전라남도,social_double_decline,자연감소 ↓ + 순이동 ↓,-512.0,-560.0,-48.0,-1311.0,-2026.0,-715.0,-0.5959048954303056,-0.35902906541018237,0.4278359820569668,-0.20304797011595738,0.955,자연감소와 순유출이 동시에 강하게 나타난 지역,138,LOW
2009-08-01,전라남도,social_double_decline,자연감소 ↓ + 순이동 ↓,148.0,-7.0,-155.0,-1192.0,-1102.0,90.0,-0.48323206694063414,-0.47060676424676645,0.17299613150124593,0.15728627213113405,0.954,자연감소와 순유출이 동시에 강하게 나타난 지역,139,LOW
2018-08-01,부산광역시,social_double_decline,자연감소 ↓ + 순이동 ↓,20.0,-139.0,-159.0,-747.0,-2040.0,-1293.0,-0.512786213132414,-0.43824676030038257,0.3012830273327629,-0.8948223813035934,0.951,자연감소와 순유출이 동시에 강하게 나타난 지역,140,LOW
2017-05-01,충청남도,social_cross_inflow,자연감소 ↓ + 순이동 ↑,258.0,-1.0,-259.0,1235.0,1472.0,237.0,-0.42860870386652017,0.5227190369387605,0.24115791800855457,0.13636964355415604,0.951,자연적 인구감소가 나타나는 동시에 순유입이 나타난 지역,26,LOW
2013-02-01,강원특별자치도,social_double_decline,자연감소 ↓ + 순이동 ↓,27.0,-29.0,-56.0,-1040.0,-1158.0,-118.0,-0.4693362542999786,-0.4796027027923094,0.15802340431008705,-0.15066417454913322,0.949,자연감소와 순유출이 동시에 강하게 나타난 지역,141,LOW
2017-11-01,강원특별자치도,social_cross_inflow,자연감소 ↓ + 순이동 ↑,-183.0,-284.0,-101.0,295.0,1529.0,1234.0,-0.645823438859043,0.3021479117148069,0.38395888036927395,1.5335715119762097,0.948,자연적 인구감소가 나타나는 동시에 순유입이 나타난 지역,27,LOW
2020-05-01,전라남도,social_double_decline,자연감소 ↓ + 순이동 ↓,-500.0,-620.0,-120.0,-1011.0,-567.0,444.0,-0.7557378731133657,-0.19002244970293555,0.22681895563172635,0.3539909591927401,0.946,자연감소와 순유출이 동시에 강하게 나타난 지역,142,LOW
2019-03-01,경상남도,social_double_decline,자연감소 ↓ + 순이동 ↓,18.0,-178.0,-196.0,-975.0,-1093.0,-118.0,-0.5192670417087601,-0.4246056864834287,0.1638223339143057,-0.05488254273081429,0.944,자연감소와 순유출이 동시에 강하게 나타난 지역,143,LOW
2018-12-01,부산광역시,social_double_decline,자연감소 ↓ + 순이동 ↓,-603.0,-699.0,-96.0,-3706.0,-2771.0,935.0,-0.30076219704648915,-0.6419347523994045,0.2619516142403115,0.5888050789807544,0.943,자연감소와 순유출이 동시에 강하게 나타난 지역,144,LOW
2021-04-01,경상북도,social_cross_inflow,자연감소 ↓ + 순이동 ↑,-745.0,-742.0,3.0,-1700.0,1133.0,2833.0,-0.6579080422636544,0.2839103134502055,0.4831707532411888,1.1757679686728213,0.942,자연적 인구감소가 나타나는 동시에 순유입이 나타난 지역,28,LOW
2018-03-01,전북특별자치도,social_double_decline,자연감소 ↓ + 순이동 ↓,-234.0,-338.0,-104.0,-940.0,-1182.0,-242.0,-0.6680111690269899,-0.27363636962808036,0.3735960409986029,-0.1583135729590662,0.942,자연감소와 순유출이 동시에 강하게 나타난 지역,146,LOW
2017-02-01,전북특별자치도,social_double_decline,자연감소 ↓ + 순이동 ↓,-48.0,-112.0,-64.0,-762.0,-1167.0,-405.0,-0.49517664284177404,-0.4466717219197428,0.37763293010939614,-0.2115608621223672,0.942,자연감소와 순유출이 동시에 강하게 나타난 지역,145,LOW
2006-11-01,전라남도,social_double_decline,자연감소 ↓ + 순이동 ↓,-40.0,-63.0,-23.0,-1170.0,-2049.0,-879.0,-0.48897223894677877,-0.4516382354553341,-0.5080294473925214,-1.4519158397069558,0.941,자연감소와 순유출이 동시에 강하게 나타난 지역,147,LOW
2021-09-01,경상남도,social_double_decline,자연감소 ↓ + 순이동 ↓,-317.0,-598.0,-281.0,-1165.0,-2567.0,-1402.0,-0.1899799401618833,-0.7496021404866423,0.06330851236086017,-0.7585892959037066,0.94,자연감소와 순유출이 동시에 강하게 나타난 지역,148,LOW
2018-06-01,경상북도,social_double_decline,자연감소 ↓ + 순이동 ↓,-218.0,-338.0,-120.0,-696.0,-969.0,-273.0,-0.7002321203606172,-0.2395379026876535,0.31570691391749706,-0.1335622907289104,0.94,자연감소와 순유출이 동시에 강하게 나타난 지역,149,LOW
2021-05-01,경상북도,social_cross_inflow,자연감소 ↓ + 순이동 ↑,-756.0,-873.0,-117.0,-1512.0,1327.0,2839.0,-0.5155735191471,0.41743899696711567,0.24145601933006908,1.6431247837642655,0.933,자연적 인구감소가 나타나는 동시에 순유입이 나타난 지역,29,LOW
2021-09-01,전라남도,social_double_decline,자연감소 ↓ + 순이동 ↓,-597.0,-725.0,-128.0,-399.0,-2078.0,-1679.0,-0.32460304717058297,-0.60680687492452,0.2885690330867115,-0.9084674948804019,0.931,자연감소와 순유출이 동시에 강하게 나타난 지역,151,LOW
2019-05-01,경상남도,social_double_decline,자연감소 ↓ + 순이동 ↓,150.0,-322.0,-472.0,348.0,-978.0,-1326.0,-0.6669144646082004,-0.26451463464774433,-0.11825562881292724,-0.9772932215135468,0.931,자연감소와 순유출이 동시에 강하게 나타난 지역,150,LOW
2019-11-01,경상북도,social_cross_inflow,자연감소 ↓ + 순이동 ↑,-470.0,-680.0,-210.0,609.0,271.0,-338.0,-0.810816575073953,0.11704750508097936,0.1562092860855666,-0.14972685406190256,0.928,자연적 인구감소가 나타나는 동시에 순유입이 나타난 지역,30,LOW
2015-06-01,강원특별자치도,social_cross_inflow,자연감소 ↓ + 순이동 ↑,-1.0,-21.0,-20.0,-289.0,1877.0,2166.0,-0.4668450768483379,0.45907445303664296,-0.5718064116666607,1.1336592835783201,0.926,자연적 인구감소가 나타나는 동시에 순유입이 나타난 지역,31,LOW
2018-10-01,전북특별자치도,social_double_decline,자연감소 ↓ + 순이동 ↓,-331.0,-388.0,-57.0,-575.0,-863.0,-288.0,-0.7347112705086927,-0.18911936586906192,0.342641221908332,-0.1966491546021537,0.924,자연감소와 순유출이 동시에 강하게 나타난 지역,153,LOW
2004-11-01,전라남도,social_double_decline,자연감소 ↓ + 순이동 ↓,-30.0,-155.0,-125.0,-3363.0,-2253.0,1110.0,-0.5130126382210247,-0.4106587793214946,0.2577166368366912,0.39768252551026395,0.924,자연감소와 순유출이 동시에 강하게 나타난 지역,152,LOW
2017-11-01,전라남도,social_cross_inflow,자연감소 ↓ + 순이동 ↑,-361.0,-506.0,-145.0,476.0,151.0,-325.0,-0.8930179275257802,0.02983932941068401,0.34001445359868654,-0.40389849383490123,0.923,자연적 인구감소가 나타나는 동시에 순유입이 나타난 지역,32,LOW
2018-08-01,경상북도,social_double_decline,자연감소 ↓ + 순이동 ↓,-223.0,-344.0,-121.0,-146.0,-953.0,-807.0,-0.7142964502419569,-0.2047299816501297,0.3439668696475122,-0.5584854305583912,0.919,자연감소와 순유출이 동시에 강하게 나타난 지역,155,LOW
2018-04-01,경상북도,social_double_decline,자연감소 ↓ + 순이동 ↓,-216.0,-478.0,-262.0,-518.0,-439.0,79.0,-0.813675620353091,-0.10544526218972532,0.14936899230520478,0.04254431798255301,0.919,자연감소와 순유출이 동시에 강하게 나타난 지역,154,LOW
2018-02-01,강원특별자치도,social_double_decline,자연감소 ↓ + 순이동 ↓,-151.0,-217.0,-66.0,-742.0,-1466.0,-724.0,-0.5912509631500915,-0.32605755242234347,0.41960749706185524,-0.3164065823417796,0.917,자연감소와 순유출이 동시에 강하게 나타난 지역,156,LOW
2015-02-01,전라남도,social_double_decline,자연감소 ↓ + 순이동 ↓,-67.0,-207.0,-140.0,-1100.0,-1001.0,99.0,-0.5250375492982333,-0.3920331134228495,-0.05717380796986397,0.056805518104127074,0.917,자연감소와 순유출이 동시에 강하게 나타난 지역,157,LOW
2002-10-01,전라남도,social_double_decline,자연감소 ↓ + 순이동 ↓,208.0,-93.0,-301.0,-3636.0,-3705.0,-69.0,-0.5020870205744193,-0.4143462712631645,0.28344785372261744,-0.0328416361058803,0.916,자연감소와 순유출이 동시에 강하게 나타난 지역,158,LOW
2008-12-01,전라남도,social_double_decline,자연감소 ↓ + 순이동 ↓,-56.0,-241.0,-185.0,-2616.0,-994.0,1622.0,-0.5451826442980294,-0.3671775500412947,0.06452993164655647,0.6215406386300617,0.912,자연감소와 순유출이 동시에 강하게 나타난 지역,159,LOW
2020-03-01,경상남도,social_double_decline,자연감소 ↓ + 순이동 ↓,-178.0,-410.0,-232.0,-1093.0,-3123.0,-2030.0,-0.3578955437051835,-0.5534293046771962,0.21261836775370527,-0.5764858452243266,0.911,자연감소와 순유출이 동시에 강하게 나타난 지역,160,LOW
2020-05-01,부산광역시,social_double_decline,자연감소 ↓ + 순이동 ↓,-414.0,-526.0,-112.0,-1833.0,-919.0,914.0,-0.5990718009119672,-0.30799053135272975,0.24379501052308217,0.7287111186985685,0.907,자연감소와 순유출이 동시에 강하게 나타난 지역,162,LOW
2019-06-01,대구광역시,social_double_decline,자연감소 ↓ + 순이동 ↓,124.0,-120.0,-244.0,-451.0,-1780.0,-1329.0,-0.36904170531526864,-0.5379659546522031,0.10877598841477566,-1.279274488616299,0.907,자연감소와 순유출이 동시에 강하게 나타난 지역,161,LOW
2018-09-01,경상북도,social_double_decline,자연감소 ↓ + 순이동 ↓,-175.0,-476.0,-301.0,968.0,-241.0,-1209.0,-0.835037282249641,-0.06751375067129448,0.17970960897450203,-0.7839385210989334,0.903,자연감소와 순유출이 동시에 강하게 나타난 지역,163,LOW
2003-06-01,전라남도,social_cross_inflow,자연감소 ↓ + 순이동 ↑,81.0,-38.0,-119.0,-4514.0,1821.0,6335.0,-0.49071770051777325,0.4087969866296729,-0.21439779240420667,1.930696966851097,0.9,자연적 인구감소가 나타나는 동시에 순유입이 나타난 지역,33,LOW
2018-04-01,전라남도,social_cross_inflow,자연감소 ↓ + 순이동 ↑,-345.0,-492.0,-147.0,405.0,299.0,-106.0,-0.8263751283630613,0.0718180715141865,0.29439423342704996,-0.05708478109051417,0.898,자연적 인구감소가 나타나는 동시에 순유입이 나타난 지역,34,LOW
2014-06-01,전라남도,social_double_decline,자연감소 ↓ + 순이동 ↓,-49.0,-88.0,-39.0,247.0,-1222.0,-1469.0,-0.48638358993891695,-0.4060524534133122,-0.5574462763369257,-1.327542682311629,0.892,자연감소와 순유출이 동시에 강하게 나타난 지역,164,LOW
2019-12-01,부산광역시,social_double_decline,자연감소 ↓ + 순이동 ↓,-699.0,-773.0,-74.0,-2771.0,-2377.0,394.0,-0.12762539843968718,-0.7625099979928575,0.2866907574456552,0.21713838937355961,0.89,자연감소와 순유출이 동시에 강하게 나타난 지역,165,LOW
2021-04-01,부산광역시,social_double_decline,자연감소 ↓ + 순이동 ↓,-617.0,-530.0,87.0,-958.0,-2085.0,-1127.0,-0.36618400214302865,-0.5224651399326377,0.8388446475453161,-0.46773402777771605,0.889,자연감소와 순유출이 동시에 강하게 나타난 지역,166,LOW
2018-09-01,전북특별자치도,social_double_decline,자연감소 ↓ + 순이동 ↓,-106.0,-331.0,-225.0,-441.0,-701.0,-260.0,-0.6886477533222121,-0.19637817103974037,0.2568246482082281,-0.16858892926858782,0.885,자연감소와 순유출이 동시에 강하게 나타난 지역,168,LOW
2017-10-01,전라남도,social_double_decline,자연감소 ↓ + 순이동 ↓,-252.0,-471.0,-219.0,86.0,-222.0,-308.0,-0.8292089842526889,-0.05613967063948514,0.28279087663248986,-0.26914197922901234,0.885,자연감소와 순유출이 동시에 강하게 나타난 지역,167,LOW
2019-09-01,강원특별자치도,social_cross_inflow,자연감소 ↓ + 순이동 ↑,-257.0,-365.0,-108.0,200.0,290.0,90.0,-0.7893383668652573,0.0932228756243917,0.29910044961769655,0.12563583268278347,0.883,자연적 인구감소가 나타나는 동시에 순유입이 나타난 지역,36,LOW
2019-04-01,강원특별자치도,social_cross_inflow,자연감소 ↓ + 순이동 ↑,-218.0,-297.0,-79.0,-518.0,534.0,1052.0,-0.6980094838162695,0.18487257721420694,0.2426789875208125,0.6398616928167137,0.883,자연적 인구감소가 나타나는 동시에 순유입이 나타난 지역,35,LOW
2005-12-01,전북특별자치도,social_double_decline,자연감소 ↓ + 순이동 ↓,189.0,-138.0,-327.0,-1598.0,-2236.0,-638.0,-0.5120942482152782,-0.369962098724957,0.04683366240258547,-0.37125416557723995,0.882,자연감소와 순유출이 동시에 강하게 나타난 지역,169,LOW
2017-05-01,경상북도,social_double_decline,자연감소 ↓ + 순이동 ↓,51.0,-266.0,-317.0,421.0,-825.0,-1246.0,-0.5847699868976308,-0.29296413415385697,0.18754444560631203,-0.7169475775041283,0.878,자연감소와 순유출이 동시에 강하게 나타난 지역,170,LOW
2020-06-01,전라남도,social_double_decline,자연감소 ↓ + 순이동 ↓,-480.0,-550.0,-70.0,-782.0,-752.0,30.0,-0.6589429966396376,-0.21842598017109022,0.35734361491107597,0.02468497657398573,0.877,자연감소와 순유출이 동시에 강하게 나타난 지역,171,LOW
2011-12-01,전라남도,social_cross_inflow,자연감소 ↓ + 순이동 ↑,-158.0,-251.0,-93.0,206.0,1403.0,1197.0,-0.5566341640187,0.31746610640431955,0.1290813236991419,1.3757240536328235,0.874,자연적 인구감소가 나타나는 동시에 순유입이 나타난 지역,37,LOW
2019-01-01,강원특별자치도,social_double_decline,자연감소 ↓ + 순이동 ↓,-418.0,-232.0,186.0,-1620.0,-1028.0,592.0,-0.5415950478707815,-0.33120958682327734,-0.1260111348657444,0.3016981569837232,0.873,자연감소와 순유출이 동시에 강하게 나타난 지역,172,LOW
2020-06-01,전북특별자치도,social_double_decline,자연감소 ↓ + 순이동 ↓,-407.0,-551.0,-144.0,-780.0,-728.0,52.0,-0.6606725058171695,-0.21145493825073627,0.2270804252390581,0.04278729272824194,0.872,자연감소와 순유출이 동시에 강하게 나타난 지역,174,LOW
2005-10-01,전라남도,social_double_decline,자연감소 ↓ + 순이동 ↓,-58.0,-164.0,-106.0,-1989.0,-1298.0,691.0,-0.5152460195993221,-0.35671738107273515,0.3747379750728513,0.6452199929794125,0.872,자연감소와 순유출이 동시에 강하게 나타난 지역,173,LOW
2020-07-01,전라남도,social_double_decline,자연감소 ↓ + 순이동 ↓,-390.0,-463.0,-73.0,-1315.0,-745.0,570.0,-0.6412719771358689,-0.2300839470987251,0.374374477337019,0.45744121465213666,0.871,자연감소와 순유출이 동시에 강하게 나타난 지역,175,LOW
2017-10-01,충청남도,social_cross_inflow,자연감소 ↓ + 순이동 ↑,110.0,-187.0,-297.0,1506.0,1280.0,-226.0,-0.5455555897465496,0.3236881910745089,0.21132968318540277,-0.1974872964472623,0.869,자연적 인구감소가 나타나는 동시에 순유입이 나타난 지역,38,LOW
2014-03-01,전라남도,social_cross_inflow,자연감소 ↓ + 순이동 ↑,-144.0,-134.0,10.0,32.0,786.0,754.0,-0.49630460300080287,0.37156474806101425,0.48069936604615904,0.9890045776397502,0.868,자연적 인구감소가 나타나는 동시에 순유입이 나타난 지역,39,LOW
2021-09-01,경상북도,social_double_decline,자연감소 ↓ + 순이동 ↓,-641.0,-926.0,-285.0,-403.0,-1126.0,-723.0,-0.5376679645623046,-0.32880873010828177,0.05741934842031504,-0.39119833162509265,0.866,자연감소와 순유출이 동시에 강하게 나타난 지역,176,LOW
2017-06-01,강원특별자치도,social_cross_inflow,자연감소 ↓ + 순이동 ↑,-72.0,-191.0,-119.0,772.0,780.0,8.0,-0.5484129922386488,0.31567594057458154,0.36880197165933293,0.004289391936835628,0.864,자연적 인구감소가 나타나는 동시에 순유입이 나타난 지역,40,LOW
2017-03-01,전북특별자치도,social_double_decline,자연감소 ↓ + 순이동 ↓,-82.0,-234.0,-152.0,-800.0,-940.0,-140.0,-0.5515589961455523,-0.31220059419322,0.31227677316263935,-0.11505011159418915,0.864,자연감소와 순유출이 동시에 강하게 나타난 지역,177,LOW
2016-12-01,강원특별자치도,social_cross_inflow,자연감소 ↓ + 순이동 ↑,-95.0,-334.0,-239.0,313.0,777.0,464.0,-0.7129560200774517,0.15018017153073435,0.3203254346509277,0.4236064371085101,0.863,자연적 인구감소가 나타나는 동시에 순유입이 나타난 지역,41,LOW
2018-11-01,강원특별자치도,social_cross_inflow,자연감소 ↓ + 순이동 ↑,-284.0,-355.0,-71.0,1529.0,392.0,-1137.0,-0.7713975930930432,0.08956198785233124,0.27126487372461633,-1.030114803238592,0.861,자연적 인구감소가 나타나는 동시에 순유입이 나타난 지역,42,LOW
2014-05-01,전라남도,social_double_decline,자연감소 ↓ + 순이동 ↓,-135.0,-148.0,-13.0,-131.0,-845.0,-714.0,-0.5056129734936419,-0.3522522909141116,-0.0023680492581477962,-0.6866782224279696,0.858,자연감소와 순유출이 동시에 강하게 나타난 지역,178,LOW
2020-09-01,부산광역시,social_double_decline,자연감소 ↓ + 순이동 ↓,-326.0,-461.0,-135.0,-1390.0,-922.0,468.0,-0.6496436212477916,-0.2059841806531328,0.055025337815614694,0.2999093838041913,0.856,자연감소와 순유출이 동시에 강하게 나타난 지역,179,LOW
2020-05-01,전북특별자치도,social_double_decline,자연감소 ↓ + 순이동 ↓,-438.0,-479.0,-41.0,-1120.0,-1000.0,120.0,-0.5207387648112679,-0.3351365955960063,0.39445749768386507,0.09567323221425408,0.856,자연감소와 순유출이 동시에 강하게 나타난 지역,180,LOW
2016-02-01,전라남도,social_double_decline,자연감소 ↓ + 순이동 ↓,-207.0,-243.0,-36.0,-1001.0,-1026.0,-25.0,-0.5494056419512984,-0.30083467044334244,0.4023000563254806,-0.012420160098863585,0.85,자연감소와 순유출이 동시에 강하게 나타난 지역,182,LOW
2004-06-01,전라남도,social_double_decline,자연감소 ↓ + 순이동 ↓,-38.0,-85.0,-47.0,1821.0,-1203.0,-3024.0,-0.5002763429135694,-0.3494109373832357,0.2552666975034793,-1.3120675437128728,0.85,자연감소와 순유출이 동시에 강하게 나타난 지역,181,LOW
2018-05-01,전북특별자치도,social_double_decline,자연감소 ↓ + 순이동 ↓,-279.0,-370.0,-91.0,-549.0,-610.0,-61.0,-0.7119766638370134,-0.13679607271059732,0.3256404617330821,-0.028870002045265488,0.849,자연감소와 순유출이 동시에 강하게 나타난 지역,183,LOW
2021-03-01,부산광역시,social_double_decline,자연감소 ↓ + 순이동 ↓,-588.0,-583.0,5.0,-399.0,-1955.0,-1556.0,-0.37948502958922625,-0.468802751001531,0.4767133706047993,-0.5716686607080772,0.848,자연감소와 순유출이 동시에 강하게 나타난 지역,184,LOW
2013-11-01,경상북도,social_cross_inflow,자연감소 ↓ + 순이동 ↑,224.0,-38.0,-262.0,1051.0,1151.0,100.0,-0.46566581474530805,0.38116308138212224,0.27836575194744273,0.13009450673859344,0.847,자연적 인구감소가 나타나는 동시에 순유입이 나타난 지역,43,LOW
2017-06-01,경상북도,social_double_decline,자연감소 ↓ + 순이동 ↓,174.0,-218.0,-392.0,168.0,-696.0,-864.0,-0.5638639321938942,-0.2816800700511651,0.1115201873416211,-0.4632543291782478,0.846,자연감소와 순유출이 동시에 강하게 나타난 지역,185,LOW
2005-09-01,전라남도,social_double_decline,자연감소 ↓ + 순이동 ↓,-55.0,-43.0,12.0,-1648.0,-1063.0,585.0,-0.4920126717095155,-0.3533121153899316,0.49740979224225607,0.7573955508760865,0.845,자연감소와 순유출이 동시에 강하게 나타난 지역,186,LOW
2013-11-01,전라남도,social_cross_inflow,자연감소 ↓ + 순이동 ↑,82.0,-197.0,-279.0,-230.0,965.0,1195.0,-0.5242888270529121,0.3195676572838818,0.26497689308294764,1.5546293555261914,0.844,자연적 인구감소가 나타나는 동시에 순유입이 나타난 지역,44,LOW
2021-01-01,경상북도,social_double_decline,자연감소 ↓ + 순이동 ↓,-892.0,-740.0,152.0,-2413.0,-1028.0,1385.0,-0.6581197766732888,-0.17683965588011927,1.3609186179438368,0.3005933823314914,0.835,자연감소와 순유출이 동시에 강하게 나타난 지역,187,LOW
2017-10-01,전북특별자치도,social_double_decline,자연감소 ↓ + 순이동 ↓,-267.0,-331.0,-64.0,-572.0,-575.0,-3.0,-0.6893798461158597,-0.14540680458425206,0.4247970943799065,-0.002621512784698172,0.835,자연감소와 순유출이 동시에 강하게 나타난 지역,188,LOW
2017-11-01,전북특별자치도,social_double_decline,자연감소 ↓ + 순이동 ↓,-281.0,-368.0,-87.0,631.0,-465.0,-1096.0,-0.7393564886248355,-0.09188932566866267,0.39794119797809724,-1.3620699976709285,0.831,자연감소와 순유출이 동시에 강하게 나타난 지역,191,LOW
2017-06-01,전북특별자치도,social_double_decline,자연감소 ↓ + 순이동 ↓,12.0,-200.0,-212.0,158.0,-686.0,-844.0,-0.5535633055570639,-0.27763294260790117,0.2811565286500025,-0.4525308493361587,0.831,자연감소와 순유출이 동시에 강하게 나타난 지역,190,LOW
2008-10-01,전라남도,social_double_decline,자연감소 ↓ + 순이동 ↓,161.0,-114.0,-275.0,-1039.0,-845.0,194.0,-0.504086293785559,-0.32643613403901917,0.29572297534759484,0.13297681715293352,0.831,자연감소와 순유출이 동시에 강하게 나타난 지역,189,LOW
2015-03-01,경상북도,social_double_decline,자연감소 ↓ + 순이동 ↓,72.0,-7.0,-79.0,-296.0,-1314.0,-1018.0,-0.456211852725864,-0.37282790036031815,-0.7419254718413811,-0.5351483163498569,0.829,자연감소와 순유출이 동시에 강하게 나타난 지역,192,LOW
2022-02-01,경상북도,social_double_decline,자연감소 ↓ + 순이동 ↓,-699.0,-1247.0,-548.0,-242.0,-1156.0,-914.0,-0.15328162039692422,-0.6741270327352347,0.0899960798218654,-0.1644777552346308,0.827,자연감소와 순유출이 동시에 강하게 나타난 지역,193,LOW
2014-01-01,전라남도,social_double_decline,자연감소 ↓ + 순이동 ↓,119.0,-14.0,-133.0,-1605.0,-709.0,896.0,-0.4692696877568726,-0.34943807401166066,0.2453049084505117,1.0989095000299849,0.819,자연감소와 순유출이 동시에 강하게 나타난 지역,194,LOW
2008-11-01,전라남도,social_double_decline,자연감소 ↓ + 순이동 ↓,99.0,-25.0,-124.0,-781.0,-894.0,-113.0,-0.4846015652012098,-0.33127225643297553,0.38845536192561286,-0.0965575388617979,0.816,자연감소와 순유출이 동시에 강하게 나타난 지역,195,LOW
2021-05-01,부산광역시,social_double_decline,자연감소 ↓ + 순이동 ↓,-526.0,-709.0,-183.0,-919.0,-1525.0,-606.0,-0.33447249243098404,-0.4797245443668812,0.11142440057933377,-0.3507339270733163,0.814,자연감소와 순유출이 동시에 강하게 나타난 지역,196,LOW
2017-06-01,전라남도,social_double_decline,자연감소 ↓ + 순이동 ↓,-67.0,-348.0,-281.0,-62.0,-431.0,-369.0,-0.638257346793224,-0.17443119280467262,0.21612926448178965,-0.19784820308654333,0.813,자연감소와 순유출이 동시에 강하게 나타난 지역,197,LOW
2016-02-01,강원특별자치도,social_double_decline,자연감소 ↓ + 순이동 ↓,-137.0,-165.0,-28.0,-744.0,-1000.0,-256.0,-0.5183422752752505,-0.29321117976933964,0.4171771000108605,-0.1271824394123631,0.812,자연감소와 순유출이 동시에 강하게 나타난 지역,198,LOW
2020-06-01,경상남도,social_double_decline,자연감소 ↓ + 순이동 ↓,-231.0,-391.0,-160.0,-742.0,-1461.0,-719.0,-0.3839510374120723,-0.42436217690154626,0.19891541125591913,-0.5916166052231914,0.808,자연감소와 순유출이 동시에 강하게 나타난 지역,199,LOW
2018-04-01,전북특별자치도,social_double_decline,자연감소 ↓ + 순이동 ↓,-239.0,-269.0,-30.0,-573.0,-756.0,-183.0,-0.6240901079185358,-0.18158682964790965,0.44194165265536195,-0.09855202773173671,0.806,자연감소와 순유출이 동시에 강하게 나타난 지역,200,LOW
2017-04-01,전북특별자치도,social_double_decline,자연감소 ↓ + 순이동 ↓,-69.0,-239.0,-170.0,-512.0,-573.0,-61.0,-0.5670138840009745,-0.23457281624040555,0.3391285983076531,-0.04780901956018857,0.802,자연감소와 순유출이 동시에 강하게 나타난 지역,201,LOW
2017-10-01,강원특별자치도,social_cross_inflow,자연감소 ↓ + 순이동 ↑,-156.0,-318.0,-162.0,575.0,487.0,-88.0,-0.6763957118602969,0.12315324144787956,0.33501251799766885,-0.07689770835114638,0.8,자연적 인구감소가 나타나는 동시에 순유입이 나타난 지역,45,LOW
2017-03-01,전라남도,social_double_decline,자연감소 ↓ + 순이동 ↓,-203.0,-200.0,3.0,-266.0,-794.0,-528.0,-0.5363154039471654,-0.26370986360576243,0.4805371434067034,-0.4339032780123705,0.8,자연감소와 순유출이 동시에 강하게 나타난 지역,202,LOW
2017-02-01,강원특별자치도,social_double_decline,자연감소 ↓ + 순이동 ↓,-165.0,-151.0,14.0,-1000.0,-742.0,258.0,-0.5153328531673524,-0.2840020716919016,0.5077106126102774,0.1347721047594339,0.799,자연감소와 순유출이 동시에 강하게 나타난 지역,203,LOW
2013-12-01,전라남도,social_cross_inflow,자연감소 ↓ + 순이동 ↑,-277.0,-375.0,-98.0,708.0,838.0,130.0,-0.6082401409981545,0.19091128171187555,0.2985804197757874,0.08181460976598712,0.799,자연적 인구감소가 나타나는 동시에 순유입이 나타난 지역,46,LOW
2018-05-01,전라남도,social_double_decline,자연감소 ↓ + 순이동 ↓,-440.0,-390.0,50.0,-181.0,-300.0,-119.0,-0.7295732311156984,-0.06727675707078558,0.559769496259587,-0.056320167924370376,0.797,자연감소와 순유출이 동시에 강하게 나타난 지역,204,LOW
2018-02-01,부산광역시,social_double_decline,자연감소 ↓ + 순이동 ↓,72.0,-149.0,-221.0,-1290.0,-1278.0,12.0,-0.5113204154478923,-0.28424389631361185,0.2879788803761597,0.005244307994615132,0.796,자연감소와 순유출이 동시에 강하게 나타난 지역,205,LOW
2020-02-01,전북특별자치도,social_double_decline,자연감소 ↓ + 순이동 ↓,-342.0,-585.0,-243.0,-1858.0,-1569.0,289.0,-0.3761208749037195,-0.41762660388380507,0.29246848667175673,0.30139302728367184,0.794,자연감소와 순유출이 동시에 강하게 나타난 지역,207,LOW
2018-05-01,경상북도,social_double_decline,자연감소 ↓ + 순이동 ↓,-266.0,-400.0,-134.0,-825.0,-247.0,578.0,-0.7383715147550409,-0.05539119665494679,0.25423940865053096,0.27355510134694183,0.794,자연감소와 순유출이 동시에 강하게 나타난 지역,206,LOW
2015-02-01,강원특별자치도,social_double_decline,자연감소 ↓ + 순이동 ↓,-71.0,-137.0,-66.0,-1388.0,-744.0,644.0,-0.5020079833260904,-0.29138125513146856,0.21288119988779128,0.3695227642329075,0.793,자연감소와 순유출이 동시에 강하게 나타난 지역,208,LOW
2019-04-01,충청북도,social_cross_inflow,자연감소 ↓ + 순이동 ↑,38.0,-142.0,-180.0,426.0,838.0,412.0,-0.5010589923268488,0.2901183889616206,-0.036909351714192046,0.2505922219016027,0.791,자연적 인구감소가 나타나는 동시에 순유입이 나타난 지역,48,LOW
2017-04-01,전라남도,social_cross_inflow,자연감소 ↓ + 순이동 ↑,-139.0,-345.0,-206.0,-199.0,405.0,604.0,-0.6248922539278876,0.1657975402746322,0.3085390476807935,0.47338766908776875,0.791,자연적 인구감소가 나타나는 동시에 순유입이 나타난 지역,47,LOW
2017-07-01,전북특별자치도,social_double_decline,자연감소 ↓ + 순이동 ↓,-73.0,-182.0,-109.0,-264.0,-749.0,-485.0,-0.5387530953698693,-0.24963236333682753,0.376051670441363,-0.2735703255574123,0.788,자연감소와 순유출이 동시에 강하게 나타난 지역,209,LOW
2017-05-01,전북특별자치도,social_double_decline,자연감소 ↓ + 순이동 ↓,-10.0,-279.0,-269.0,-580.0,-549.0,31.0,-0.5924307290840627,-0.19495431472783936,0.2319142158702369,0.017837379536619565,0.787,자연감소와 순유출이 동시에 강하게 나타난 지역,210,LOW
2017-11-01,경상남도,social_cross_inflow,자연감소 ↓ + 순이동 ↑,277.0,-165.0,-442.0,578.0,1379.0,801.0,-0.5133182850241704,0.27250619375717383,0.04338957289722143,0.9954544417284796,0.786,자연적 인구감소가 나타나는 동시에 순유입이 나타난 지역,49,LOW
2015-10-01,전라남도,social_cross_inflow,자연감소 ↓ + 순이동 ↑,-96.0,-125.0,-29.0,96.0,1293.0,1197.0,-0.49912672692827437,0.2853295645366238,-0.09754765293767031,0.3947440287539794,0.784,자연적 인구감소가 나타나는 동시에 순유입이 나타난 지역,50,LOW
2019-01-01,대구광역시,social_double_decline,자연감소 ↓ + 순이동 ↓,-183.0,-78.0,105.0,-664.0,-1213.0,-549.0,-0.3912544237271998,-0.390814424918906,-0.2835790890975243,-0.27978427058118926,0.782,자연감소와 순유출이 동시에 강하게 나타난 지역,211,LOW
2005-05-01,전라남도,social_double_decline,자연감소 ↓ + 순이동 ↓,56.0,-116.0,-172.0,-1791.0,-1156.0,635.0,-0.5062195472098378,-0.2742868283973225,0.27840185037625736,0.5557464275784256,0.781,자연감소와 순유출이 동시에 강하게 나타난 지역,213,LOW
2005-04-01,전라남도,social_double_decline,자연감소 ↓ + 순이동 ↓,-19.0,-168.0,-149.0,-2568.0,-1079.0,1489.0,-0.5195258871318784,-0.26152987835622266,0.3401367194658506,1.4006112122066916,0.781,자연감소와 순유출이 동시에 강하게 나타난 지역,212,LOW
2019-11-01,전북특별자치도,social_double_decline,자연감소 ↓ + 순이동 ↓,-412.0,-495.0,-83.0,-901.0,-634.0,267.0,-0.5064175677463021,-0.2738306945436934,0.35548073027731064,0.11827535513173959,0.78,자연감소와 순유출이 동시에 강하게 나타난 지역,214,LOW
2015-11-01,경상북도,social_cross_inflow,자연감소 ↓ + 순이동 ↑,-67.0,-66.0,1.0,-683.0,1202.0,1885.0,-0.48251740963356343,0.2943937125019208,-0.4727953514346512,0.7943757647300635,0.777,자연적 인구감소가 나타나는 동시에 순유입이 나타난 지역,51,LOW
2006-12-01,전북특별자치도,social_double_decline,자연감소 ↓ + 순이동 ↓,-138.0,-31.0,107.0,-2236.0,-1851.0,385.0,-0.47522087872542834,-0.30146304827815307,-0.2575607376005907,0.4186558402142609,0.777,자연감소와 순유출이 동시에 강하게 나타난 지역,215,LOW
2019-06-01,경상남도,social_double_decline,자연감소 ↓ + 순이동 ↓,-68.0,-231.0,-163.0,-257.0,-742.0,-485.0,-0.5519150503598884,-0.22425322379322174,0.23484545670471432,-0.4668533686823966,0.776,자연감소와 순유출이 동시에 강하게 나타난 지역,216,LOW
2020-09-01,전북특별자치도,social_double_decline,자연감소 ↓ + 순이동 ↓,-393.0,-504.0,-111.0,-714.0,-206.0,508.0,-0.7259215585726991,-0.04602249589430082,0.13024985027240446,0.3255426644712162,0.772,자연감소와 순유출이 동시에 강하게 나타난 지역,217,LOW
2020-08-01,경상남도,social_double_decline,자연감소 ↓ + 순이동 ↓,-254.0,-603.0,-349.0,-798.0,-1982.0,-1184.0,-0.3528513862476412,-0.41857408322374695,0.05636544898292892,-1.1556085763327881,0.771,자연감소와 순유출이 동시에 강하게 나타난 지역,218,LOW
2005-12-01,경상북도,social_double_decline,자연감소 ↓ + 순이동 ↓,-64.0,-122.0,-58.0,-1704.0,-1595.0,109.0,-0.5064549917167132,-0.26390409099566475,0.4129368045684371,0.0634274358117855,0.77,자연감소와 순유출이 동시에 강하게 나타난 지역,219,LOW
2017-04-01,경상북도,social_double_decline,자연감소 ↓ + 순이동 ↓,81.0,-216.0,-297.0,-57.0,-518.0,-461.0,-0.5544553697715501,-0.21205710089446786,0.23121546137400956,-0.36131078716798243,0.767,자연감소와 순유출이 동시에 강하게 나타난 지역,220,LOW
2005-11-01,전라남도,social_double_decline,자연감소 ↓ + 순이동 ↓,-155.0,-40.0,115.0,-2253.0,-1170.0,1083.0,-0.48544879964230403,-0.28172562198339646,0.686323059047619,0.4387782321906641,0.767,자연감소와 순유출이 동시에 강하게 나타난 지역,221,LOW
2014-09-01,전라남도,social_double_decline,자연감소 ↓ + 순이동 ↓,18.0,-64.0,-82.0,-172.0,-805.0,-633.0,-0.48008384988070574,-0.2840980693112657,-0.7676868098473715,-0.28462032537634296,0.764,자연감소와 순유출이 동시에 강하게 나타난 지역,222,LOW
2019-10-01,강원특별자치도,social_cross_inflow,자연감소 ↓ + 순이동 ↑,-316.0,-350.0,-34.0,21.0,491.0,470.0,-0.5828093939759411,0.1779777159914315,0.37391665130509366,0.2396523289540422,0.761,자연적 인구감소가 나타나는 동시에 순유입이 나타난 지역,52,LOW
2018-10-01,충청남도,social_cross_inflow,자연감소 ↓ + 순이동 ↑,-187.0,-268.0,-81.0,1280.0,836.0,-444.0,-0.5746046982428759,0.18320253750467644,0.283715661452759,-0.3031674466783203,0.758,자연적 인구감소가 나타나는 동시에 순유입이 나타난 지역,53,LOW
2017-08-01,전북특별자치도,social_double_decline,자연감소 ↓ + 순이동 ↓,-61.0,-174.0,-113.0,-382.0,-811.0,-429.0,-0.5328625436909977,-0.22481315222522152,0.3585316468681576,-0.22702516485517077,0.758,자연감소와 순유출이 동시에 강하게 나타난 지역,223,LOW
2018-12-01,전라남도,social_cross_inflow,자연감소 ↓ + 순이동 ↑,-646.0,-704.0,-58.0,2444.0,1946.0,-498.0,-0.306101170958557,0.4508137958026853,0.3394494101487774,-0.3136095500881451,0.757,자연적 인구감소가 나타나는 동시에 순유입이 나타난 지역,54,LOW
2021-02-01,부산광역시,social_double_decline,자연감소 ↓ + 순이동 ↓,-698.0,-689.0,9.0,-223.0,-974.0,-751.0,-0.5823458417594295,-0.17182246647836363,-0.12424417386440258,-0.20625491825052994,0.754,자연감소와 순유출이 동시에 강하게 나타난 지역,224,LOW
2018-11-01,충청남도,social_cross_inflow,자연감소 ↓ + 순이동 ↑,-76.0,-201.0,-125.0,1312.0,1003.0,-309.0,-0.5225249059359302,0.22915988218338834,0.12858659598634412,-0.2799520441519129,0.752,자연적 인구감소가 나타나는 동시에 순유입이 나타난 지역,55,LOW
2017-05-01,전라남도,social_double_decline,자연감소 ↓ + 순이동 ↓,-236.0,-440.0,-204.0,-372.0,-181.0,191.0,-0.6873060746237187,-0.06427455549314923,0.2919982797693018,0.10990127391917216,0.752,자연감소와 순유출이 동시에 강하게 나타난 지역,225,LOW
2021-03-01,전라남도,social_double_decline,자연감소 ↓ + 순이동 ↓,-560.0,-774.0,-214.0,-2026.0,-510.0,1516.0,-0.6282778464709501,-0.12229636982648635,-0.4535856922289228,0.5569728082477153,0.751,자연감소와 순유출이 동시에 강하게 나타난 지역,228,LOW
2019-07-01,대구광역시,social_double_decline,자연감소 ↓ + 순이동 ↓,45.0,-16.0,-61.0,-944.0,-1788.0,-844.0,-0.30163126335993934,-0.4497518705417146,0.24572469062103977,-1.0716251934539642,0.751,자연감소와 순유출이 동시에 강하게 나타난 지역,226,LOW
2018-03-01,전라남도,social_double_decline,자연감소 ↓ + 순이동 ↓,-200.0,-309.0,-109.0,-794.0,-455.0,339.0,-0.6455923809189733,-0.10533379710725597,0.36849381889088295,0.22176983980629522,0.751,자연감소와 순유출이 동시에 강하게 나타난 지역,227,LOW
2020-03-01,전북특별자치도,social_double_decline,자연감소 ↓ + 순이동 ↓,-427.0,-469.0,-42.0,-1356.0,-1670.0,-314.0,-0.4515125553837315,-0.2959420233144149,0.43485394774076885,-0.08917071694602884,0.747,자연감소와 순유출이 동시에 강하게 나타난 지역,229,LOW
2017-12-01,전북특별자치도,social_cross_inflow,자연감소 ↓ + 순이동 ↑,-534.0,-553.0,-19.0,592.0,988.0,396.0,-0.5507459582745305,0.1951276959987108,0.4654901905921828,0.6933822328916823,0.746,자연적 인구감소가 나타나는 동시에 순유입이 나타난 지역,56,LOW
2014-11-01,전라남도,social_cross_inflow,자연감소 ↓ + 순이동 ↑,-197.0,-166.0,31.0,965.0,647.0,-318.0,-0.518902852101194,0.2228157875106478,0.5518412040454197,-0.17630979882975928,0.742,자연적 인구감소가 나타나는 동시에 순유입이 나타난 지역,57,LOW
2019-08-01,경상남도,social_double_decline,자연감소 ↓ + 순이동 ↓,5.0,-254.0,-259.0,-631.0,-798.0,-167.0,-0.5565567142305211,-0.18450347222364252,0.07854159816896122,-0.2666824680236977,0.741,자연감소와 순유출이 동시에 강하게 나타난 지역,230,LOW
2016-11-01,전라남도,social_cross_inflow,자연감소 ↓ + 순이동 ↑,-174.0,-361.0,-187.0,-107.0,476.0,583.0,-0.6395608601470412,0.10163028993177689,0.2663148219695397,0.4897303720229609,0.741,자연적 인구감소가 나타나는 동시에 순유입이 나타난 지역,58,LOW
2013-03-01,세종특별자치시,social_cross_inflow,자연감소 ↓ + 순이동 ↑,23.0,-3.0,-26.0,977.0,687.0,-290.0,-0.4582613991593467,0.27942547726049144,0.46004484447072047,-0.48903211878455666,0.738,자연적 인구감소가 나타나는 동시에 순유입이 나타난 지역,59,LOW
2013-09-01,강원특별자치도,social_cross_inflow,자연감소 ↓ + 순이동 ↑,285.0,-9.0,-294.0,568.0,522.0,-46.0,-0.468447517608375,0.26811961548966373,0.2440728404908097,-0.06629850377620818,0.737,자연적 인구감소가 나타나는 동시에 순유입이 나타난 지역,60,LOW
2017-09-01,경상북도,social_cross_inflow,자연감소 ↓ + 순이동 ↑,58.0,-175.0,-233.0,88.0,968.0,880.0,-0.5335949780513038,0.20204805496115202,0.27065678356253864,0.7623638461302689,0.736,자연적 인구감소가 나타나는 동시에 순유입이 나타난 지역,61,LOW
2007-12-01,전북특별자치도,social_cross_inflow,자연감소 ↓ + 순이동 ↑,-31.0,-26.0,5.0,-1851.0,1282.0,3133.0,-0.4803210967849718,0.2545987304934192,-0.47563358980691817,1.9482928552715804,0.735,자연적 인구감소가 나타나는 동시에 순유입이 나타난 지역,62,LOW
2019-04-01,경상남도,social_double_decline,자연감소 ↓ + 순이동 ↓,-27.0,-91.0,-64.0,-451.0,-861.0,-410.0,-0.43625592738516844,-0.2980810655083,0.28420200819927854,-0.249375754804993,0.734,자연감소와 순유출이 동시에 강하게 나타난 지역,231,LOW
2019-03-01,충청남도,social_cross_inflow,자연감소 ↓ + 순이동 ↑,0.0,-184.0,-184.0,1334.0,530.0,-804.0,-0.5269158197372034,0.2058929678281951,0.18332929318965852,-0.37394546064046347,0.733,자연적 인구감소가 나타나는 동시에 순유입이 나타난 지역,64,LOW
2013-11-01,전북특별자치도,social_cross_inflow,자연감소 ↓ + 순이동 ↑,158.0,-157.0,-315.0,-1.0,674.0,675.0,-0.5095408994283577,0.22320062280760242,0.23662401548754639,0.8781379204855057,0.733,자연적 인구감소가 나타나는 동시에 순유입이 나타난 지역,63,LOW
2019-09-01,경상남도,social_double_decline,자연감소 ↓ + 순이동 ↓,-135.0,-147.0,-12.0,-705.0,-1089.0,-384.0,-0.38232604734104314,-0.3500679708791813,0.4540301789160718,-0.5360462194465428,0.732,자연감소와 순유출이 동시에 강하게 나타난 지역,232,LOW
2015-03-01,전라남도,social_double_decline,자연감소 ↓ + 순이동 ↓,-134.0,-278.0,-144.0,786.0,-690.0,-1476.0,-0.5362680228674844,-0.19577720795176523,-1.3152760676501103,-0.7759124901104016,0.732,자연감소와 순유출이 동시에 강하게 나타난 지역,233,LOW
2016-11-01,전북특별자치도,social_cross_inflow,자연감소 ↓ + 순이동 ↑,-72.0,-281.0,-209.0,359.0,631.0,272.0,-0.5947754274193744,0.1347241868633429,0.24087809512440278,0.22848483909132994,0.729,자연적 인구감소가 나타나는 동시에 순유입이 나타난 지역,65,LOW
2020-04-01,전북특별자치도,social_double_decline,자연감소 ↓ + 순이동 ↓,-351.0,-466.0,-115.0,-855.0,-970.0,-115.0,-0.5459946998771078,-0.18086174280312345,0.34927417879866196,-0.04204950896136631,0.727,자연감소와 순유출이 동시에 강하게 나타난 지역,235,LOW
2016-03-01,전북특별자치도,social_double_decline,자연감소 ↓ + 순이동 ↓,-124.0,-82.0,42.0,-813.0,-800.0,13.0,-0.48363602510515613,-0.2437206499451327,0.5527004463338857,0.014592636586258404,0.727,자연감소와 순유출이 동시에 강하게 나타난 지역,234,LOW
2021-06-01,경상북도,social_cross_inflow,자연감소 ↓ + 순이동 ↑,-752.0,-736.0,16.0,-1521.0,606.0,2127.0,-0.5422325088163648,0.17854673238946228,0.5184826896661033,1.35449684695426,0.721,자연적 인구감소가 나타나는 동시에 순유입이 나타난 지역,66,LOW
2020-08-01,부산광역시,social_double_decline,자연감소 ↓ + 순이동 ↓,-397.0,-685.0,-288.0,-1897.0,-1259.0,638.0,-0.45537277327549913,-0.2658853535714922,0.13184015993811912,0.6227012429901342,0.721,자연감소와 순유출이 동시에 강하게 나타난 지역,236,LOW
2015-03-01,전북특별자치도,social_double_decline,자연감소 ↓ + 순이동 ↓,14.0,-124.0,-138.0,-180.0,-813.0,-633.0,-0.49077484869106547,-0.23067662328229732,-1.262351397267766,-0.33275921831970473,0.721,자연감소와 순유출이 동시에 강하게 나타난 지역,237,LOW
2004-12-01,경상북도,social_double_decline,자연감소 ↓ + 순이동 ↓,211.0,-64.0,-275.0,-1852.0,-1704.0,148.0,-0.4897058851398836,-0.23078370587706584,0.10848572606200714,0.02267089536323848,0.72,자연감소와 순유출이 동시에 강하게 나타난 지역,238,LOW
2021-06-01,부산광역시,social_double_decline,자연감소 ↓ + 순이동 ↓,-548.0,-470.0,78.0,-1900.0,-1781.0,119.0,-0.19426182764591113,-0.5247388290191952,0.7092597030744024,0.07578050060533942,0.719,자연감소와 순유출이 동시에 강하게 나타난 지역,240,LOW
2020-01-01,경상남도,social_double_decline,자연감소 ↓ + 순이동 ↓,-12.0,-541.0,-529.0,-509.0,-614.0,-105.0,-0.49816293763914254,-0.22107040852108295,-0.007358832458882189,-0.08248849808781518,0.719,자연감소와 순유출이 동시에 강하게 나타난 지역,239,LOW
2018-02-01,경상남도,social_double_decline,자연감소 ↓ + 순이동 ↓,204.0,-65.0,-269.0,-1979.0,-1360.0,619.0,-0.4125826800510579,-0.3024817675950799,0.24721647004768624,0.2705188873888972,0.715,자연감소와 순유출이 동시에 강하게 나타난 지역,241,LOW
2020-07-01,강원특별자치도,social_cross_inflow,자연감소 ↓ + 순이동 ↑,-207.0,-318.0,-111.0,70.0,1085.0,1015.0,-0.37785997519620607,0.33508870147935127,0.3196348145540945,0.8145663734595066,0.713,자연적 인구감소가 나타나는 동시에 순유입이 나타난 지역,68,LOW
2019-08-01,강원특별자치도,social_cross_inflow,자연감소 ↓ + 순이동 ↑,-190.0,-304.0,-114.0,-415.0,309.0,724.0,-0.6414551960622955,0.07144307383095932,0.3068195171232916,1.1561563284380667,0.713,자연적 인구감소가 나타나는 동시에 순유입이 나타난 지역,67,LOW
2014-11-01,경상북도,social_double_decline,자연감소 ↓ + 순이동 ↓,-38.0,-67.0,-29.0,1151.0,-683.0,-1834.0,-0.4782823599888971,-0.23521357476008106,0.34139328724843765,-1.0168307265842091,0.713,자연감소와 순유출이 동시에 강하게 나타난 지역,242,LOW
2018-04-01,충청남도,social_cross_inflow,자연감소 ↓ + 순이동 ↑,111.0,-57.0,-168.0,1947.0,1166.0,-781.0,-0.431783272338987,0.2800664594834162,0.2679113633091478,-0.42059635878954305,0.712,자연적 인구감소가 나타나는 동시에 순유입이 나타난 지역,70,LOW
2014-12-01,경상북도,social_cross_inflow,자연감소 ↓ + 순이동 ↑,-165.0,-80.0,85.0,760.0,987.0,227.0,-0.4751126716031191,0.23688772500680116,1.3361055646174478,0.11012265455643326,0.712,자연적 인구감소가 나타나는 동시에 순유입이 나타난 지역,69,LOW
2020-03-01,부산광역시,social_double_decline,자연감소 ↓ + 순이동 ↓,-308.0,-588.0,-280.0,-1920.0,-399.0,1521.0,-0.6403333077523283,-0.07070710616913266,0.1564746422832892,0.43193840915576387,0.711,자연감소와 순유출이 동시에 강하게 나타난 지역,243,LOW
2008-05-01,전라남도,social_double_decline,자연감소 ↓ + 순이동 ↓,94.0,-56.0,-150.0,-1293.0,-782.0,511.0,-0.4906956593290007,-0.21923753054018624,0.19641910539575502,0.8097278091121602,0.71,자연감소와 순유출이 동시에 강하게 나타난 지역,244,LOW
2020-12-01,부산광역시,social_double_decline,자연감소 ↓ + 순이동 ↓,-773.0,-971.0,-198.0,-2377.0,-2638.0,-261.0,-0.10198008990218166,-0.6041387811305471,-0.014332302999430535,-0.13103506611481178,0.706,자연감소와 순유출이 동시에 강하게 나타난 지역,245,LOW
2019-06-01,강원특별자치도,social_cross_inflow,자연감소 ↓ + 순이동 ↑,-282.0,-274.0,8.0,-225.0,273.0,498.0,-0.6227578777195159,0.08250826158429857,0.5009921119834737,0.47936696413161545,0.705,자연적 인구감소가 나타나는 동시에 순유입이 나타난 지역,72,LOW
2018-05-01,강원특별자치도,social_cross_inflow,자연감소 ↓ + 순이동 ↑,-225.0,-341.0,-116.0,37.0,81.0,44.0,-0.6864616412829203,0.018164724409112105,0.2841282215688082,0.020824263770355435,0.705,자연적 인구감소가 나타나는 동시에 순유입이 나타난 지역,71,LOW
2018-06-01,강원특별자치도,social_double_decline,자연감소 ↓ + 순이동 ↓,-191.0,-282.0,-91.0,780.0,-225.0,-1005.0,-0.6483554499708257,-0.05562025604202481,0.3556098216814035,-0.49168535598005475,0.704,자연감소와 순유출이 동시에 강하게 나타난 지역,246,LOW
2014-10-01,강원특별자치도,social_cross_inflow,자연감소 ↓ + 순이동 ↑,5.0,-33.0,-38.0,576.0,696.0,120.0,-0.46916363171645753,0.23375040052791307,-0.5687660023030207,0.0519728509569835,0.703,자연적 인구감소가 나타나는 동시에 순유입이 나타난 지역,73,LOW
2020-07-01,전북특별자치도,social_double_decline,자연감소 ↓ + 순이동 ↓,-421.0,-451.0,-30.0,-943.0,-267.0,676.0,-0.6194723631822416,-0.08245961594008,0.4363167273282231,0.5425092300084989,0.702,자연감소와 순유출이 동시에 강하게 나타난 지역,248,LOW
2018-04-01,강원특별자치도,social_double_decline,자연감소 ↓ + 순이동 ↓,-114.0,-218.0,-104.0,-14.0,-518.0,-504.0,-0.5778276144536444,-0.12442060549949366,0.34862106271608767,-0.2714219780152749,0.702,자연감소와 순유출이 동시에 강하게 나타난 지역,247,LOW
2019-03-01,강원특별자치도,social_cross_inflow,자연감소 ↓ + 순이동 ↑,-259.0,-243.0,16.0,134.0,255.0,121.0,-0.6021288036835623,0.09906171093620707,0.5084452811122057,0.05627786161380109,0.701,자연적 인구감소가 나타나는 동시에 순유입이 나타난 지역,74,LOW
2017-07-01,경상북도,social_double_decline,자연감소 ↓ + 순이동 ↓,86.0,-82.0,-168.0,-415.0,-652.0,-237.0,-0.48372213567938205,-0.21730347249080315,0.3222721290989542,-0.1336828188806324,0.701,자연감소와 순유출이 동시에 강하게 나타난 지역,249,LOW
2016-10-01,전북특별자치도,social_double_decline,자연감소 ↓ + 순이동 ↓,22.0,-267.0,-289.0,-67.0,-572.0,-505.0,-0.5758916276886197,-0.12454609674841013,0.2600320557984164,-0.39099154458440427,0.7,자연감소와 순유출이 동시에 강하게 나타난 지역,250,LOW
2021-03-01,대구광역시,social_double_decline,자연감소 ↓ + 순이동 ↓,-424.0,-299.0,125.0,984.0,-2877.0,-3861.0,-0.009552254749385534,-0.6898954039035319,0.9864662817465648,-1.4185171587364305,0.699,자연감소와 순유출이 동시에 강하게 나타난 지역,251,LOW
2020-05-01,강원특별자치도,social_cross_inflow,자연감소 ↓ + 순이동 ↑,-292.0,-354.0,-62.0,215.0,1150.0,935.0,-0.31240622199025925,0.3854070849354072,0.34989535359405605,0.745453934336063,0.698,자연적 인구감소가 나타나는 동시에 순유입이 나타난 지역,75,LOW
2016-09-01,전라남도,social_double_decline,자연감소 ↓ + 순이동 ↓,-2.0,-170.0,-168.0,711.0,-697.0,-1408.0,-0.5148016574432449,-0.18097825956916908,0.21977457676288767,-1.3003526072818485,0.696,자연감소와 순유출이 동시에 강하게 나타난 지역,252,LOW
2018-07-01,강원특별자치도,social_double_decline,자연감소 ↓ + 순이동 ↓,-152.0,-269.0,-117.0,-305.0,-311.0,-6.0,-0.6246875002953647,-0.07065312546920557,0.358656660995048,-0.0032871978448693615,0.695,자연감소와 순유출이 동시에 강하게 나타난 지역,253,LOW
2016-02-01,전북특별자치도,social_double_decline,자연감소 ↓ + 순이동 ↓,54.0,-48.0,-102.0,-446.0,-762.0,-316.0,-0.4717472252611785,-0.2234269189842368,0.2795644459210967,-0.1569908236496357,0.695,자연감소와 순유출이 동시에 강하게 나타난 지역,254,LOW
2005-12-01,강원특별자치도,social_double_decline,자연감소 ↓ + 순이동 ↓,139.0,-27.0,-166.0,-1521.0,-1315.0,206.0,-0.4729719062564834,-0.21757610009987408,0.2659511564126305,0.11987203465346619,0.691,자연감소와 순유출이 동시에 강하게 나타난 지역,255,LOW
2021-04-01,전라남도,social_cross_inflow,자연감소 ↓ + 순이동 ↑,-637.0,-723.0,-86.0,-1640.0,232.0,1872.0,-0.6317629631962398,0.058135209815046496,0.10632579379991108,0.7769282165038903,0.69,자연적 인구감소가 나타나는 동시에 순유입이 나타난 지역,76,LOW
2018-09-01,경상남도,social_double_decline,자연감소 ↓ + 순이동 ↓,286.0,-135.0,-421.0,539.0,-705.0,-1244.0,-0.4907694935306528,-0.1974987312168573,0.05794902071072397,-0.8066331846543202,0.688,자연감소와 순유출이 동시에 강하게 나타난 지역,256,LOW
2009-04-01,전라남도,social_double_decline,자연감소 ↓ + 순이동 ↓,15.0,-12.0,-27.0,-712.0,-405.0,307.0,-0.4815593183340627,-0.20667118625572395,0.4292258422973274,0.1892388249745679,0.688,자연감소와 순유출이 동시에 강하게 나타난 지역,257,LOW
2021-06-01,전라남도,social_double_decline,자연감소 ↓ + 순이동 ↓,-550.0,-732.0,-182.0,-752.0,-507.0,245.0,-0.5369998669942526,-0.14937820680108477,-0.09077293379911007,0.15601867771687528,0.686,자연감소와 순유출이 동시에 강하게 나타난 지역,258,LOW
2013-12-01,경상북도,social_cross_inflow,자연감소 ↓ + 순이동 ↑,66.0,-165.0,-231.0,462.0,760.0,298.0,-0.5131318538726054,0.17314149654060312,0.05758192856094079,0.18754425930972432,0.686,자연적 인구감소가 나타나는 동시에 순유입이 나타난 지역,77,LOW
2020-02-01,경상남도,social_double_decline,자연감소 ↓ + 순이동 ↓,16.0,-408.0,-424.0,-2204.0,-2013.0,191.0,-0.1457631072291231,-0.5358077460918417,0.14672631328898164,0.19919054744353398,0.682,자연감소와 순유출이 동시에 강하게 나타난 지역,259,LOW
2019-05-01,대구광역시,social_double_decline,자연감소 ↓ + 순이동 ↓,136.0,-34.0,-170.0,-1436.0,-1914.0,-478.0,-0.16454820704805642,-0.5176697451081622,0.26529902406718775,-0.35229725481408397,0.682,자연감소와 순유출이 동시에 강하게 나타난 지역,260,LOW
2017-07-01,전라남도,social_double_decline,자연감소 ↓ + 순이동 ↓,-186.0,-328.0,-142.0,-543.0,-189.0,354.0,-0.6190982965179804,-0.0629913440195733,0.34597158799560895,0.19967813453056488,0.682,자연감소와 순유출이 동시에 강하게 나타난 지역,261,LOW
2013-11-01,강원특별자치도,social_cross_inflow,자연감소 ↓ + 순이동 ↑,46.0,-55.0,-101.0,94.0,635.0,541.0,-0.4719336839857437,0.21028545323861653,0.40516612119354284,0.7038112814557904,0.682,자연적 인구감소가 나타나는 동시에 순유입이 나타난 지역,78,LOW
2012-12-01,전라남도,social_cross_inflow,자연감소 ↓ + 순이동 ↑,-251.0,-277.0,-26.0,1403.0,708.0,-695.0,-0.549129577171774,0.13290932257115057,0.1082076191745072,-0.39045973439602416,0.682,자연적 인구감소가 나타나는 동시에 순유입이 나타난 지역,79,LOW
2016-06-01,강원특별자치도,social_cross_inflow,자연감소 ↓ + 순이동 ↑,-21.0,-72.0,-51.0,1877.0,772.0,-1105.0,-0.48541213782038245,0.19538961051086667,0.3831700289815667,-0.7971135667501213,0.681,자연적 인구감소가 나타나는 동시에 순유입이 나타난 지역,80,LOW
2009-12-01,경상북도,social_cross_inflow,자연감소 ↓ + 순이동 ↑,37.0,-76.0,-113.0,-917.0,1051.0,1968.0,-0.4925654683631612,0.18364481635794166,0.07917016071525598,0.5860372776491811,0.676,자연적 인구감소가 나타나는 동시에 순유입이 나타난 지역,81,LOW
2019-05-01,강원특별자치도,social_cross_inflow,자연감소 ↓ + 순이동 ↑,-341.0,-292.0,49.0,81.0,215.0,134.0,-0.614584646112352,0.058149945244647276,0.5434396498312446,0.0987611551152453,0.673,자연적 인구감소가 나타나는 동시에 순유입이 나타난 지역,82,LOW
2017-11-01,충청남도,social_cross_inflow,자연감소 ↓ + 순이동 ↑,88.0,-76.0,-164.0,2087.0,1312.0,-775.0,-0.41421779181993795,0.25926622640276437,0.32103845112956925,-0.9631425622216876,0.673,자연적 인구감소가 나타나는 동시에 순유입이 나타난 지역,83,LOW
2017-09-01,전라남도,social_double_decline,자연감소 ↓ + 순이동 ↓,-170.0,-282.0,-112.0,-697.0,-396.0,301.0,-0.5904495879056306,-0.08265602248410764,0.3784641124943618,0.2607630882786488,0.673,자연감소와 순유출이 동시에 강하게 나타난 지역,262,LOW
2018-09-01,강원특별자치도,social_cross_inflow,자연감소 ↓ + 순이동 ↑,-169.0,-257.0,-88.0,401.0,200.0,-201.0,-0.6139386144213173,0.056028008855846044,0.39583465314270805,-0.1303322107037929,0.67,자연적 인구감소가 나타나는 동시에 순유입이 나타난 지역,84,LOW
2016-12-01,경상남도,social_cross_inflow,자연감소 ↓ + 순이동 ↑,356.0,-29.0,-385.0,1242.0,1772.0,530.0,-0.3270994989590359,0.3424958352026528,0.22205141617525204,0.4838608010075654,0.67,자연적 인구감소가 나타나는 동시에 순유입이 나타난 지역,85,LOW
2017-12-01,경상남도,social_cross_inflow,자연감소 ↓ + 순이동 ↑,-29.0,-439.0,-410.0,1772.0,1481.0,-291.0,-0.3763968829306033,0.2924940463300513,0.014358276327822782,-0.509530883261312,0.669,자연적 인구감소가 나타나는 동시에 순유입이 나타난 지역,86,LOW
2008-03-01,전라남도,social_double_decline,자연감소 ↓ + 순이동 ↓,227.0,-56.0,-283.0,-1582.0,-482.0,1100.0,-0.4896705305152559,-0.17852089238464536,0.20380734900340272,0.813178975408476,0.668,자연감소와 순유출이 동시에 강하게 나타난 지역,263,LOW
2021-08-01,경상남도,social_double_decline,자연감소 ↓ + 순이동 ↓,-603.0,-636.0,-33.0,-1982.0,-1869.0,113.0,-0.24668771864598768,-0.4207905326960577,0.2727687512174063,0.09975655929317366,0.667,자연감소와 순유출이 동시에 강하게 나타난 지역,264,LOW
2006-04-01,전라남도,social_double_decline,자연감소 ↓ + 순이동 ↓,-168.0,-65.0,103.0,-1079.0,-564.0,515.0,-0.4933398096778937,-0.17360837096069623,-0.2455199370793261,0.46724938412225153,0.667,자연감소와 순유출이 동시에 강하게 나타난 지역,265,LOW
2015-04-01,강원특별자치도,social_cross_inflow,자연감소 ↓ + 순이동 ↑,18.0,-63.0,-81.0,448.0,629.0,181.0,-0.47845606522885015,0.18627094034018063,0.08840027716101538,0.14050532345035194,0.665,자연적 인구감소가 나타나는 동시에 순유입이 나타난 지역,87,LOW
2021-08-01,부산광역시,social_double_decline,자연감소 ↓ + 순이동 ↓,-685.0,-663.0,22.0,-1259.0,-1713.0,-454.0,-0.2758793990116926,-0.3856683694533691,0.5503032462895875,-0.4007918399920429,0.662,자연감소와 순유출이 동시에 강하게 나타난 지역,266,LOW
2019-09-01,충청남도,social_double_decline,자연감소 ↓ + 순이동 ↓,16.0,-283.0,-299.0,362.0,-79.0,-441.0,-0.6362419897965162,-0.025395197152851535,-0.00914515763219579,-0.6156155801456391,0.662,자연감소와 순유출이 동시에 강하게 나타난 지역,267,LOW
2019-07-01,경상남도,social_double_decline,자연감소 ↓ + 순이동 ↓,-36.0,-212.0,-176.0,-282.0,-436.0,-154.0,-0.5491091929259547,-0.10967103778310268,-0.18387844247486596,-0.1955335068624532,0.659,자연감소와 순유출이 동시에 강하게 나타난 지역,268,LOW
2014-11-01,강원특별자치도,social_cross_inflow,자연감소 ↓ + 순이동 ↑,-55.0,-94.0,-39.0,635.0,493.0,-142.0,-0.48936067601952354,0.16978080872140552,0.30631863444894064,-0.07872953281077301,0.659,자연적 인구감소가 나타나는 동시에 순유입이 나타난 지역,88,LOW
2020-09-01,경상남도,social_double_decline,자연감소 ↓ + 순이동 ↓,-147.0,-317.0,-170.0,-1089.0,-1165.0,-76.0,-0.3942012264853104,-0.26027285299446823,-0.05467707618387038,-0.0487032332673473,0.654,자연감소와 순유출이 동시에 강하게 나타난 지역,269,LOW
2021-03-01,경상남도,social_double_decline,자연감소 ↓ + 순이동 ↓,-410.0,-506.0,-96.0,-3123.0,-1556.0,1567.0,-0.2791863547206779,-0.3731238263725741,0.047671337060479956,0.5757100201346766,0.652,자연감소와 순유출이 동시에 강하게 나타난 지역,271,LOW
2018-08-01,강원특별자치도,social_double_decline,자연감소 ↓ + 순이동 ↓,-59.0,-190.0,-131.0,162.0,-415.0,-577.0,-0.5629180282182027,-0.08915313996306802,0.33273427956468343,-0.3993136225925548,0.652,자연감소와 순유출이 동시에 강하게 나타난 지역,270,LOW
2017-12-01,강원특별자치도,social_cross_inflow,자연감소 ↓ + 순이동 ↑,-334.0,-472.0,-138.0,777.0,1139.0,362.0,-0.42686635210910856,0.2249498438689591,0.32818917320737756,0.6338494149161338,0.652,자연적 인구감소가 나타나는 동시에 순유입이 나타난 지역,89,LOW
2016-12-01,충청북도,social_cross_inflow,자연감소 ↓ + 순이동 ↑,66.0,-136.0,-202.0,711.0,979.0,268.0,-0.4624655571874638,0.18922315048724442,0.34523049412764006,0.24466923522646702,0.652,자연적 인구감소가 나타나는 동시에 순유입이 나타난 지역,90,LOW
2016-08-01,경상북도,social_double_decline,자연감소 ↓ + 순이동 ↓,202.0,-36.0,-238.0,716.0,-928.0,-1644.0,-0.47068719858966246,-0.17892120888811863,0.052523139066104035,-1.0086911326484067,0.65,자연감소와 순유출이 동시에 강하게 나타난 지역,272,LOW
2019-09-01,대구광역시,social_double_decline,자연감소 ↓ + 순이동 ↓,48.0,-35.0,-83.0,-1007.0,-1481.0,-474.0,-0.1732188006130065,-0.4760795820680142,0.33944673328914843,-0.6616820521293263,0.649,자연감소와 순유출이 동시에 강하게 나타난 지역,273,LOW
2013-07-01,전라남도,social_double_decline,자연감소 ↓ + 순이동 ↓,107.0,-14.0,-121.0,-493.0,-542.0,-49.0,-0.471250446313037,-0.1768315732071318,0.34322459502035074,-0.057431721249559885,0.648,자연감소와 순유출이 동시에 강하게 나타난 지역,274,LOW
2019-12-01,경상북도,social_cross_inflow,자연감소 ↓ + 순이동 ↑,-794.0,-1076.0,-282.0,347.0,876.0,529.0,-0.3655163495982839,0.28100915365660206,-0.21394832645198147,0.29153859893048995,0.647,자연적 인구감소가 나타나는 동시에 순유입이 나타난 지역,91,LOW
2016-10-01,강원특별자치도,social_cross_inflow,자연감소 ↓ + 순이동 ↑,13.0,-156.0,-169.0,1084.0,575.0,-509.0,-0.5204929049095219,0.12519931054254516,0.3515389376043107,-0.3940885073137857,0.646,자연적 인구감소가 나타나는 동시에 순유입이 나타난 지역,92,LOW
2020-04-01,경상남도,social_double_decline,자연감소 ↓ + 순이동 ↓,-91.0,-340.0,-249.0,-861.0,-1696.0,-835.0,-0.3263572434526168,-0.3162283667980385,0.18794723141023364,-0.30531599984992064,0.643,자연감소와 순유출이 동시에 강하게 나타난 지역,275,LOW
2018-10-01,강원특별자치도,social_cross_inflow,자연감소 ↓ + 순이동 ↑,-318.0,-316.0,2.0,487.0,21.0,-466.0,-0.6386473271492026,0.004601977616744264,0.4874998913616157,-0.3181892570993181,0.643,자연적 인구감소가 나타나는 동시에 순유입이 나타난 지역,93,LOW
2015-09-01,전라남도,social_cross_inflow,자연감소 ↓ + 순이동 ↑,-64.0,-2.0,62.0,-805.0,711.0,1516.0,-0.4651883073145327,0.17650599842081163,0.5848919233353223,0.5088941908836618,0.642,자연적 인구감소가 나타나는 동시에 순유입이 나타난 지역,94,LOW
2021-02-01,경상북도,social_double_decline,자연감소 ↓ + 순이동 ↓,-857.0,-699.0,158.0,-2729.0,-242.0,2487.0,-0.5964652183107088,-0.0426910029648501,1.6482179234990428,0.683030601450157,0.639,자연감소와 순유출이 동시에 강하게 나타난 지역,276,LOW
2016-07-01,전라남도,social_double_decline,자연감소 ↓ + 순이동 ↓,-16.0,-186.0,-170.0,378.0,-543.0,-921.0,-0.5196105917488921,-0.11961910350321811,0.25496072149989485,-0.49355590787302195,0.639,자연감소와 순유출이 동시에 강하게 나타난 지역,277,LOW
2018-03-01,강원특별자치도,social_cross_inflow,자연감소 ↓ + 순이동 ↑,-176.0,-259.0,-83.0,-106.0,134.0,240.0,-0.6069392979741173,0.031021382005213847,0.39502537385102654,0.15700519632304086,0.638,자연적 인구감소가 나타나는 동시에 순유입이 나타난 지역,95,LOW
2016-04-01,전북특별자치도,social_double_decline,자연감소 ↓ + 순이동 ↓,109.0,-69.0,-178.0,-58.0,-512.0,-454.0,-0.4826701577840219,-0.15576416988481667,0.11611722099807213,-0.739517076109489,0.638,자연감소와 순유출이 동시에 강하게 나타난 지역,278,LOW
2016-05-01,전라남도,social_double_decline,자연감소 ↓ + 순이동 ↓,-56.0,-236.0,-180.0,134.0,-372.0,-506.0,-0.5399208139723457,-0.09388709545682472,0.1516524000835235,-0.5079623438289749,0.634,자연감소와 순유출이 동시에 강하게 나타난 지역,279,LOW
2013-12-01,전북특별자치도,social_cross_inflow,자연감소 ↓ + 순이동 ↑,-88.0,-139.0,-51.0,-418.0,583.0,1001.0,-0.5013565421332516,0.13281775326733106,0.3837453001299062,0.6299724951981008,0.634,자연적 인구감소가 나타나는 동시에 순유입이 나타난 지역,96,LOW
2016-09-01,강원특별자치도,social_cross_inflow,자연감소 ↓ + 순이동 ↑,-31.0,-55.0,-24.0,414.0,600.0,186.0,-0.4762585646008144,0.1557919020681513,0.4452914821347819,0.17177953476876692,0.632,자연적 인구감소가 나타나는 동시에 순유입이 나타난 지역,97,LOW
2021-01-01,전라남도,social_double_decline,자연감소 ↓ + 순이동 ↓,-693.0,-681.0,12.0,-3328.0,-311.0,3017.0,-0.5773194064042676,-0.053499156594082775,0.4673503747915521,0.6547943931365413,0.631,자연감소와 순유출이 동시에 강하게 나타난 지역,280,LOW
2021-03-01,전북특별자치도,social_double_decline,자연감소 ↓ + 순이동 ↓,-469.0,-625.0,-156.0,-1670.0,-797.0,873.0,-0.4341933976993435,-0.19111805245433258,-0.20720511851040282,0.3207369799473981,0.625,자연감소와 순유출이 동시에 강하게 나타난 지역,281,LOW
2018-01-01,충청남도,social_cross_inflow,자연감소 ↓ + 순이동 ↑,147.0,-222.0,-369.0,630.0,1070.0,440.0,-0.3666807031448455,0.2578894987570854,0.2939741531905665,0.22287984500872748,0.625,자연적 인구감소가 나타나는 동시에 순유입이 나타난 지역,98,LOW
2021-04-01,대구광역시,social_double_decline,자연감소 ↓ + 순이동 ↓,-214.0,-300.0,-86.0,-1719.0,-2291.0,-572.0,-0.04969093974801012,-0.5740851969235842,0.10632579379991108,-0.23739473282063317,0.624,자연감소와 순유출이 동시에 강하게 나타난 지역,283,LOW
2017-07-01,강원특별자치도,social_double_decline,자연감소 ↓ + 순이동 ↓,4.0,-152.0,-156.0,37.0,-305.0,-342.0,-0.522243807462723,-0.10165269802100453,0.33321034089741025,-0.19290938420749487,0.624,자연감소와 순유출이 동시에 강하게 나타난 지역,282,LOW
2016-08-01,전라남도,social_double_decline,자연감소 ↓ + 순이동 ↓,-45.0,-122.0,-77.0,553.0,-629.0,-1182.0,-0.5020474371803829,-0.12127310386920971,0.32826961916315006,-0.7252268362472121,0.623,자연감소와 순유출이 동시에 강하게 나타난 지역,284,LOW
2011-04-01,전라남도,social_double_decline,자연감소 ↓ + 순이동 ↓,-12.0,-15.0,-3.0,180.0,-403.0,-583.0,-0.4871141046547977,-0.12944987295232352,-0.5009033278978783,-0.28276934434250506,0.617,자연감소와 순유출이 동시에 강하게 나타난 지역,285,LOW
2015-07-01,강원특별자치도,social_cross_inflow,자연감소 ↓ + 순이동 ↑,65.0,-13.0,-78.0,-368.0,523.0,891.0,-0.46789423649571404,0.1476782900372019,-0.20641421554217354,0.5639303492200134,0.616,자연적 인구감소가 나타나는 동시에 순유입이 나타난 지역,99,LOW
2019-08-01,대구광역시,social_double_decline,자연감소 ↓ + 순이동 ↓,113.0,-26.0,-139.0,-1584.0,-1925.0,-341.0,-0.1694196370776298,-0.44507416545176925,0.26746125523461395,-0.5445432430903049,0.614,자연감소와 순유출이 동시에 강하게 나타난 지역,286,LOW
2017-09-01,강원특별자치도,social_cross_inflow,자연감소 ↓ + 순이동 ↑,-55.0,-169.0,-114.0,600.0,401.0,-199.0,-0.5304068690875098,0.08369965913163425,0.37668217317317465,-0.17239818793173126,0.614,자연적 인구감소가 나타나는 동시에 순유입이 나타난 지역,100,LOW
2011-11-01,전라남도,social_cross_inflow,자연감소 ↓ + 순이동 ↑,90.0,-35.0,-125.0,-507.0,476.0,983.0,-0.48560018630717317,0.1278238400627065,0.3299979548851138,0.5584263999960378,0.613,자연적 인구감소가 나타나는 동시에 순유입이 나타난 지역,101,LOW
2018-02-01,충청남도,social_cross_inflow,자연감소 ↓ + 순이동 ↑,121.0,-108.0,-229.0,2411.0,655.0,-1756.0,-0.4631269969803898,0.14568055718733627,0.2811851453214141,-0.7674170698786809,0.609,자연적 인구감소가 나타나는 동시에 순유입이 나타난 지역,102,LOW
2015-08-01,전라남도,social_cross_inflow,자연감소 ↓ + 순이동 ↑,-65.0,-45.0,20.0,-1037.0,553.0,1590.0,-0.4739697276347435,0.13207774099277,0.5191653741141576,0.688360854526451,0.606,자연적 인구감소가 나타나는 동시에 순유입이 나타난 지역,103,LOW
2016-05-01,전북특별자치도,social_double_decline,자연감소 ↓ + 순이동 ↓,84.0,-10.0,-94.0,-124.0,-580.0,-456.0,-0.4575970556800106,-0.14638310581978048,0.3054911388314228,-0.4577684363359931,0.604,자연감소와 순유출이 동시에 강하게 나타난 지역,287,LOW
2016-11-01,강원특별자치도,social_cross_inflow,자연감소 ↓ + 순이동 ↑,-76.0,-183.0,-107.0,-26.0,295.0,321.0,-0.5399132723279827,0.06298515867620627,0.3588120104973104,0.2696457108394004,0.603,자연적 인구감소가 나타나는 동시에 순유입이 나타난 지역,104,LOW
2016-03-01,전라남도,social_double_decline,자연감소 ↓ + 순이동 ↓,-278.0,-203.0,75.0,-690.0,-266.0,424.0,-0.5221895447112987,-0.08103711610675662,0.6798515172565535,0.475944454813351,0.603,자연감소와 순유출이 동시에 강하게 나타난 지역,288,LOW
2018-08-01,충청남도,social_cross_inflow,자연감소 ↓ + 순이동 ↑,139.0,-52.0,-191.0,2010.0,813.0,-1197.0,-0.4272672344566567,0.17465422359029953,0.2653387390677108,-0.8283854527613311,0.602,자연적 인구감소가 나타나는 동시에 순유입이 나타난 지역,105,LOW
2002-12-01,충청남도,social_double_decline,자연감소 ↓ + 순이동 ↓,376.0,-29.0,-405.0,-2963.0,-812.0,2151.0,-0.47789617236822085,-0.12454358601564246,0.31155121021075277,0.33026548414444806,0.602,자연감소와 순유출이 동시에 강하게 나타난 지역,289,LOW
2016-04-01,강원특별자치도,social_cross_inflow,자연감소 ↓ + 순이동 ↑,-63.0,-119.0,-56.0,629.0,333.0,-296.0,-0.49945803620439677,0.10130755580399209,0.350917789425113,-0.48215210248548185,0.601,자연적 인구감소가 나타나는 동시에 순유입이 나타난 지역,106,LOW
2017-08-01,경상북도,social_double_decline,자연감소 ↓ + 순이동 ↓,-36.0,-223.0,-187.0,-928.0,-146.0,782.0,-0.5594003620724466,-0.04047191149800535,0.27859121271543147,0.4138314193863486,0.6,자연감소와 순유출이 동시에 강하게 나타난 지역,290,LOW
2016-09-01,전북특별자치도,social_double_decline,자연감소 ↓ + 순이동 ↓,94.0,-54.0,-148.0,95.0,-476.0,-571.0,-0.4759234072717498,-0.12359490897406669,0.25109636917565076,-0.5273447008223974,0.6,자연감소와 순유출이 동시에 강하게 나타난 지역,291,LOW
2018-10-01,경상남도,social_double_decline,자연감소 ↓ + 순이동 ↓,-106.0,-185.0,-79.0,2185.0,-615.0,-2800.0,-0.46386431909235254,-0.1347722016332249,0.28862612482405675,-1.911866780854272,0.599,자연감소와 순유출이 동시에 강하게 나타난 지역,292,LOW
2021-08-01,경상북도,social_double_decline,자연감소 ↓ + 순이동 ↓,-905.0,-830.0,75.0,-2365.0,-628.0,1737.0,-0.45643534794031176,-0.14138922125902847,0.8177455779045983,1.5334260486039173,0.598,자연감소와 순유출이 동시에 강하게 나타난 지역,293,LOW
2021-04-01,전북특별자치도,social_double_decline,자연감소 ↓ + 순이동 ↓,-466.0,-604.0,-138.0,-970.0,-519.0,451.0,-0.4680122048266433,-0.13005247368107384,-0.11385328362645343,0.1871766162624223,0.598,자연감소와 순유출이 동시에 강하게 나타난 지역,294,LOW
2016-11-01,경상북도,social_double_decline,자연감소 ↓ + 순이동 ↓,-66.0,-243.0,-177.0,1202.0,-107.0,-1309.0,-0.5735023468737327,-0.02284546433340363,0.277876970535511,-1.0995832881270253,0.596,자연감소와 순유출이 동시에 강하게 나타난 지역,295,LOW
2020-10-01,부산광역시,social_double_decline,자연감소 ↓ + 순이동 ↓,-520.0,-785.0,-265.0,-2230.0,-1328.0,902.0,-0.24690168577510338,-0.3468461436316894,0.23522782436132417,0.632753495170244,0.594,자연감소와 순유출이 동시에 강하게 나타난 지역,296,LOW
2020-07-01,충청남도,social_cross_inflow,자연감소 ↓ + 순이동 ↑,-86.0,-261.0,-175.0,-457.0,1034.0,1491.0,-0.2743118089164765,0.31933798832225735,0.2274416982881163,1.1965699141163786,0.594,자연적 인구감소가 나타나는 동시에 순유입이 나타난 지역,107,LOW
2018-05-01,충청남도,social_cross_inflow,자연감소 ↓ + 순이동 ↑,-1.0,-9.0,-8.0,1472.0,883.0,-589.0,-0.3943586244567503,0.1980179216450122,0.4634610990784715,-0.2787611672895307,0.592,자연적 인구감소가 나타나는 동시에 순유입이 나타난 지역,108,LOW
2009-11-01,전라남도,social_double_decline,자연감소 ↓ + 순이동 ↓,-25.0,-118.0,-93.0,-894.0,-402.0,492.0,-0.5075199697626781,-0.08368954510580037,0.2271375108305275,0.20444155648881035,0.591,자연감소와 순유출이 동시에 강하게 나타난 지역,297,LOW
2017-09-01,전북특별자치도,social_double_decline,자연감소 ↓ + 순이동 ↓,-54.0,-106.0,-52.0,-476.0,-441.0,35.0,-0.4969317249676726,-0.09204875231184714,0.4319222921299766,0.030321289334726605,0.589,자연감소와 순유출이 동시에 강하게 나타난 지역,298,LOW
2016-10-01,전라남도,social_cross_inflow,자연감소 ↓ + 순이동 ↑,-125.0,-252.0,-127.0,1293.0,86.0,-1207.0,-0.5684053137995525,0.018725462098537187,0.3835663462363737,-0.9345085035908435,0.587,자연적 인구감소가 나타나는 동시에 순유입이 나타난 지역,110,LOW
2016-10-01,경상북도,social_double_decline,자연감소 ↓ + 순이동 ↓,56.0,-54.0,-110.0,287.0,-538.0,-825.0,-0.4695859704638644,-0.1171430070815466,0.3965298211588754,-0.6387485629349179,0.587,자연감소와 순유출이 동시에 강하게 나타난 지역,299,LOW
2014-05-01,강원특별자치도,social_cross_inflow,자연감소 ↓ + 순이동 ↑,34.0,-40.0,-74.0,205.0,275.0,70.0,-0.4726227197354476,0.11463831952826117,-0.6523975706197203,0.0673213943556833,0.587,자연적 인구감소가 나타나는 동시에 순유입이 나타난 지역,109,LOW
2016-01-01,강원특별자치도,social_double_decline,자연감소 ↓ + 순이동 ↓,30.0,-127.0,-157.0,-802.0,-272.0,530.0,-0.49814802816695736,-0.08775706826229955,0.19528863713709274,0.2969212041359433,0.586,자연감소와 순유출이 동시에 강하게 나타난 지역,300,LOW
2020-02-01,부산광역시,social_double_decline,자연감소 ↓ + 순이동 ↓,-248.0,-698.0,-450.0,-1677.0,-223.0,1454.0,-0.5231854384473883,-0.059356744847730104,0.12579097346604157,1.5163510784444942,0.583,자연감소와 순유출이 동시에 강하게 나타난 지역,302,LOW
2016-05-01,강원특별자치도,social_double_decline,자연감소 ↓ + 순이동 ↓,7.0,-168.0,-175.0,1362.0,-268.0,-1630.0,-0.5151508336012006,-0.06763909027534684,0.16059651280142462,-1.6363213842712034,0.583,자연감소와 순유출이 동시에 강하게 나타난 지역,301,LOW
2018-11-01,충청북도,social_cross_inflow,자연감소 ↓ + 순이동 ↑,-90.0,-156.0,-66.0,592.0,579.0,-13.0,-0.44980236748092955,0.13228671164923417,0.28447582536704896,-0.011777917715129023,0.582,자연적 인구감소가 나타나는 동시에 순유입이 나타난 지역,111,LOW
2021-01-01,경상남도,social_double_decline,자연감소 ↓ + 순이동 ↓,-541.0,-526.0,15.0,-614.0,-1257.0,-643.0,-0.36504724722294096,-0.21623292552656606,0.48649826571624394,-0.13955346197772492,0.581,자연감소와 순유출이 동시에 강하게 나타난 지역,303,LOW
2012-12-01,강원특별자치도,social_double_decline,자연감소 ↓ + 순이동 ↓,26.0,-81.0,-107.0,635.0,-538.0,-1173.0,-0.477746778783343,-0.10099606715152402,-0.5752872964369445,-0.7092135822664373,0.579,자연감소와 순유출이 동시에 강하게 나타난 지역,304,LOW
2009-12-01,전라남도,social_double_decline,자연감소 ↓ + 순이동 ↓,-241.0,-188.0,53.0,-994.0,-267.0,727.0,-0.529855514158925,-0.046653821091884325,0.6655696188214303,0.21648836425353388,0.577,자연감소와 순유출이 동시에 강하게 나타난 지역,305,LOW
2015-09-01,강원특별자치도,social_cross_inflow,자연감소 ↓ + 순이동 ↑,40.0,-31.0,-71.0,312.0,414.0,102.0,-0.473235907779111,0.10277564465009285,0.26881263113108717,0.034239582763940304,0.576,자연적 인구감소가 나타나는 동시에 순유입이 나타난 지역,112,LOW
2014-12-01,전북특별자치도,social_double_decline,자연감소 ↓ + 순이동 ↓,-139.0,-229.0,-90.0,583.0,-129.0,-712.0,-0.5447059094643734,-0.030961009651344833,-0.6834397945691936,-0.34540674028273344,0.576,자연감소와 순유출이 동시에 강하게 나타난 지역,306,LOW
2015-07-01,전라남도,social_cross_inflow,자연감소 ↓ + 순이동 ↑,11.0,-16.0,-27.0,-1040.0,378.0,1418.0,-0.46872563790311017,0.10673497826780558,0.1818813784490463,0.8974783784444208,0.575,자연적 인구감소가 나타나는 동시에 순유입이 나타난 지역,113,LOW
2021-01-01,전북특별자치도,social_double_decline,자연감소 ↓ + 순이동 ↓,-607.0,-577.0,30.0,-1034.0,-809.0,225.0,-0.4348916350826033,-0.13916661634923783,0.582237720339703,0.04883285994554915,0.574,자연감소와 순유출이 동시에 강하게 나타난 지역,308,LOW
2017-05-01,강원특별자치도,social_cross_inflow,자연감소 ↓ + 순이동 ↑,-168.0,-225.0,-57.0,-268.0,37.0,305.0,-0.5606091846173458,0.013138997531748737,0.42788070120257166,0.17549679866674087,0.574,자연적 인구감소가 나타나는 동시에 순유입이 나타난 지역,114,LOW
2016-12-01,대구광역시,social_double_decline,자연감소 ↓ + 순이동 ↓,285.0,-32.0,-317.0,-1988.0,-1257.0,731.0,-0.33089480900282364,-0.2429555670709563,0.26782287683515577,0.6673627274274156,0.574,자연감소와 순유출이 동시에 강하게 나타난 지역,307,LOW
2015-11-01,전북특별자치도,social_cross_inflow,자연감소 ↓ + 순이동 ↑,-96.0,-72.0,24.0,-16.0,359.0,375.0,-0.4848064318702508,0.08792624192029082,-0.36307714768243954,0.15803231393834155,0.573,자연적 인구감소가 나타나는 동시에 순유입이 나타난 지역,115,LOW
2022-01-01,전북특별자치도,social_double_decline,자연감소 ↓ + 순이동 ↓,-577.0,-666.0,-89.0,-809.0,-861.0,-52.0,-0.08201874950578551,-0.4899643116098935,0.34375080584100953,-0.01201060873170937,0.572,자연감소와 순유출이 동시에 강하게 나타난 지역,310,LOW
2011-05-01,전라남도,social_double_decline,자연감소 ↓ + 순이동 ↓,-102.0,-55.0,47.0,-246.0,-247.0,-1.0,-0.49321663659562337,-0.07908437258106499,-0.37165923321922456,-0.0005467599625378214,0.572,자연감소와 순유출이 동시에 강하게 나타난 지역,309,LOW
2021-10-01,부산광역시,social_double_decline,자연감소 ↓ + 순이동 ↓,-785.0,-841.0,-56.0,-1328.0,-1615.0,-287.0,-0.03750950583907254,-0.533046656129723,0.3778381950891609,-0.1903751834886303,0.571,자연감소와 순유출이 동시에 강하게 나타난 지역,311,LOW
2015-06-01,전라남도,social_cross_inflow,자연감소 ↓ + 순이동 ↑,-88.0,-97.0,-9.0,-1222.0,325.0,1547.0,-0.4890757947934969,0.079488117867293,-0.4990444132669185,0.8096818613553376,0.569,자연적 인구감소가 나타나는 동시에 순유입이 나타난 지역,116,LOW
2013-04-01,전라남도,social_double_decline,자연감소 ↓ + 순이동 ↓,-51.0,-124.0,-73.0,-131.0,-204.0,-73.0,-0.4976318083921741,-0.0709341859957757,0.3901566545973009,-0.11247404044349697,0.569,자연감소와 순유출이 동시에 강하게 나타난 지역,312,LOW
2018-10-01,충청북도,social_cross_inflow,자연감소 ↓ + 순이동 ↑,-133.0,-95.0,38.0,238.0,1022.0,784.0,-0.34378438989298993,0.22396291068155422,0.5758882320449753,0.5353226986391961,0.568,자연적 인구감소가 나타나는 동시에 순유입이 나타난 지역,117,LOW
2016-04-01,전라남도,social_double_decline,자연감소 ↓ + 순이동 ↓,-126.0,-139.0,-13.0,53.0,-199.0,-252.0,-0.5061731875725467,-0.06054115196695023,0.433675366821529,-0.41048084400791024,0.567,자연감소와 순유출이 동시에 강하게 나타난 지역,313,LOW
2019-11-01,강원특별자치도,social_cross_inflow,자연감소 ↓ + 순이동 ↑,-355.0,-317.0,38.0,392.0,817.0,425.0,-0.21353636069591367,0.35287015369431785,0.545337775530862,0.18826601472280646,0.566,자연적 인구감소가 나타나는 동시에 순유입이 나타난 지역,118,LOW
2013-06-01,전라남도,social_cross_inflow,자연감소 ↓ + 순이동 ↑,126.0,-49.0,-175.0,195.0,247.0,52.0,-0.4767247193219728,0.08814084752594015,0.329462875555453,0.10344442544123432,0.565,자연적 인구감소가 나타나는 동시에 순유입이 나타난 지역,119,LOW
2021-02-01,경상남도,social_double_decline,자연감소 ↓ + 순이동 ↓,-408.0,-435.0,-27.0,-2013.0,-1922.0,91.0,-0.223713677356936,-0.3390582962745533,-0.5524900497374499,0.024992273716109487,0.563,자연감소와 순유출이 동시에 강하게 나타난 지역,314,LOW
2010-12-01,전라남도,social_cross_inflow,자연감소 ↓ + 순이동 ↑,-188.0,-158.0,30.0,-267.0,206.0,473.0,-0.5182330957393821,0.04489627694053812,-0.16438496111895792,0.3304815240339727,0.563,자연적 인구감소가 나타나는 동시에 순유입이 나타난 지역,120,LOW
2018-06-01,충청남도,social_cross_inflow,자연감소 ↓ + 순이동 ↑,53.0,-27.0,-80.0,1754.0,608.0,-1146.0,-0.4121313258744541,0.15029829188244925,0.3707454073849542,-0.5606680775653162,0.562,자연적 인구감소가 나타나는 동시에 순유입이 나타난 지역,121,LOW
2017-03-01,강원특별자치도,social_double_decline,자연감소 ↓ + 순이동 ↓,10.0,-176.0,-186.0,-136.0,-106.0,30.0,-0.5255552212188923,-0.035205598919660984,0.27536804678652205,0.02465359534161196,0.561,자연감소와 순유출이 동시에 강하게 나타난 지역,315,LOW
2019-07-01,강원특별자치도,social_cross_inflow,자연감소 ↓ + 순이동 ↑,-269.0,-207.0,62.0,-311.0,70.0,381.0,-0.5427959804370258,0.017607735423892632,0.7052132590627476,0.4837549747700952,0.56,자연적 인구감소가 나타나는 동시에 순유입이 나타난 지역,122,LOW
2018-05-01,충청북도,social_cross_inflow,자연감소 ↓ + 순이동 ↑,100.0,-35.0,-135.0,-84.0,638.0,722.0,-0.4172341619190407,0.14307523670387065,0.25257891904395996,0.3417072373226505,0.56,자연적 인구감소가 나타나는 동시에 순유입이 나타난 지역,123,LOW
2013-10-01,전라남도,social_cross_inflow,자연감소 ↓ + 순이동 ↑,-54.0,-41.0,13.0,-237.0,205.0,442.0,-0.47482484433517563,0.08404088324956847,0.4825426737228049,0.42138352899145365,0.559,자연적 인구감소가 나타나는 동시에 순유입이 나타난 지역,124,LOW
2012-12-01,전북특별자치도,social_double_decline,자연감소 ↓ + 순이동 ↓,10.0,-88.0,-98.0,-389.0,-418.0,-29.0,-0.48029616444007267,-0.07846906332590528,-0.4993434169245609,0.053661735649363176,0.559,자연감소와 순유출이 동시에 강하게 나타난 지역,317,LOW
2010-05-01,전라남도,social_double_decline,자연감소 ↓ + 순이동 ↓,-18.0,-102.0,-84.0,-863.0,-246.0,617.0,-0.5034638744112894,-0.05551062713468585,-0.7771575067993469,0.20131301159487086,0.559,자연감소와 순유출이 동시에 강하게 나타난 지역,316,LOW
2018-03-01,충청북도,social_cross_inflow,자연감소 ↓ + 순이동 ↑,71.0,-19.0,-90.0,-234.0,587.0,821.0,-0.4214044998388083,0.13589217341089946,0.38788226290021866,0.5370886090884023,0.557,자연적 인구감소가 나타나는 동시에 순유입이 나타난 지역,125,LOW
2014-06-01,강원특별자치도,social_double_decline,자연감소 ↓ + 순이동 ↓,73.0,-1.0,-74.0,259.0,-289.0,-548.0,-0.45987942465795295,-0.09603040837679805,-0.7215542922678898,-0.4952303539188378,0.556,자연감소와 순유출이 동시에 강하게 나타난 지역,318,LOW
2020-03-01,대구광역시,social_cross_inflow,자연감소 ↓ + 순이동 ↑,45.0,-424.0,-469.0,-2425.0,984.0,3409.0,-0.3801097498661949,0.1743754197253798,-0.06459127675647404,0.9680986435318862,0.554,자연적 인구감소가 나타나는 동시에 순유입이 나타난 지역,126,LOW
2020-11-01,부산광역시,social_double_decline,자연감소 ↓ + 순이동 ↓,-613.0,-877.0,-264.0,-1682.0,-1334.0,348.0,-0.2031935065478907,-0.35009851983945006,0.1854971882201575,0.2126465131102661,0.553,자연감소와 순유출이 동시에 강하게 나타난 지역,319,LOW
2016-08-01,전북특별자치도,social_double_decline,자연감소 ↓ + 순이동 ↓,46.0,-61.0,-107.0,-469.0,-382.0,87.0,-0.47980354701719746,-0.07365075624489366,0.27688828746804833,0.05337964023139378,0.553,자연감소와 순유출이 동시에 강하게 나타난 지역,320,LOW
2020-01-01,강원특별자치도,social_double_decline,자연감소 ↓ + 순이동 ↓,-232.0,-455.0,-223.0,-1028.0,-497.0,531.0,-0.37317813578089415,-0.17894461406348244,0.27411650909336155,0.41715611890123677,0.552,자연감소와 순유출이 동시에 강하게 나타난 지역,321,LOW
2017-10-01,충청북도,social_cross_inflow,자연감소 ↓ + 순이동 ↑,82.0,-133.0,-215.0,574.0,238.0,-336.0,-0.49162149360805835,0.0601857730279165,0.28645555321951993,-0.29360943188619526,0.552,자연적 인구감소가 나타나는 동시에 순유입이 나타난 지역,127,LOW
2013-05-01,전라남도,social_double_decline,자연감소 ↓ + 순이동 ↓,25.0,-135.0,-160.0,124.0,-131.0,-255.0,-0.5020155807041278,-0.04889863825575596,0.30694833384568343,-0.6038749707397817,0.551,자연감소와 순유출이 동시에 강하게 나타난 지역,323,LOW
2012-10-01,전라남도,social_double_decline,자연감소 ↓ + 순이동 ↓,13.0,-54.0,-67.0,213.0,-237.0,-450.0,-0.47754501883943795,-0.07304502014330529,-0.6050069433066307,-0.43272444556445094,0.551,자연감소와 순유출이 동시에 강하게 나타난 지역,322,LOW
2015-11-01,전라남도,social_double_decline,자연감소 ↓ + 순이동 ↓,-166.0,-174.0,-8.0,647.0,-107.0,-754.0,-0.5237198098939362,-0.026206428650337375,-0.5157285615985601,-0.3177503058920254,0.55,자연감소와 순유출이 동시에 강하게 나타난 지역,324,LOW
2020-06-01,충청남도,social_cross_inflow,자연감소 ↓ + 순이동 ↑,-160.0,-223.0,-63.0,331.0,1560.0,1229.0,-0.09339349558672029,0.4531177248230063,0.36966580852869924,1.0112612069809488,0.547,자연적 인구감소가 나타나는 동시에 순유입이 나타난 지역,128,LOW
2017-11-01,충청북도,social_cross_inflow,자연감소 ↓ + 순이동 ↑,90.0,-90.0,-180.0,1078.0,592.0,-486.0,-0.42980663344757003,0.11698598020612538,0.30505865957662837,-0.6039835938577293,0.547,자연적 인구감소가 나타나는 동시에 순유입이 나타난 지역,129,LOW
2018-11-01,대구광역시,social_double_decline,자연감소 ↓ + 순이동 ↓,123.0,-46.0,-169.0,-875.0,-1196.0,-321.0,-0.27203616236870587,-0.27325545273313306,0.012330221532937084,-0.2908239681966474,0.545,자연감소와 순유출이 동시에 강하게 나타난 지역,325,LOW
2009-06-01,전라남도,social_double_decline,자연감소 ↓ + 순이동 ↓,3.0,-8.0,-11.0,-528.0,-94.0,434.0,-0.47842228972963585,-0.06432769224483877,0.4622131591432928,0.18559559033426706,0.543,자연감소와 순유출이 동시에 강하게 나타난 지역,326,LOW
2018-01-01,경상남도,social_double_decline,자연감소 ↓ + 순이동 ↓,357.0,-362.0,-719.0,-127.0,-3.0,124.0,-0.5412905617852481,-0.0007230546694123889,0.10738971181432543,0.06281159268427775,0.542,자연감소와 순유출이 동시에 강하게 나타난 지역,327,LOW
2015-12-01,강원특별자치도,social_cross_inflow,자연감소 ↓ + 순이동 ↑,-150.0,-95.0,55.0,1926.0,313.0,-1613.0,-0.4863978776429638,0.055619832953912825,0.5778652515333338,-0.6257457945345085,0.542,자연적 인구감소가 나타나는 동시에 순유입이 나타난 지역,130,LOW
2016-07-01,전북특별자치도,social_double_decline,자연감소 ↓ + 순이동 ↓,124.0,-73.0,-197.0,-417.0,-264.0,153.0,-0.48058511565343215,-0.05815735418940991,0.21810441256207544,0.08199137231766815,0.539,자연감소와 순유출이 동시에 강하게 나타난 지역,329,LOW
2010-12-01,전북특별자치도,social_double_decline,자연감소 ↓ + 순이동 ↓,-16.0,-27.0,-11.0,-355.0,-285.0,70.0,-0.47657767437896914,-0.06211378120414254,-0.3401155100452059,0.04890847078726868,0.539,자연감소와 순유출이 동시에 강하게 나타난 지역,328,LOW
2021-07-01,경상북도,social_double_decline,자연감소 ↓ + 순이동 ↓,-636.0,-816.0,-180.0,-1834.0,-82.0,1752.0,-0.5129518527967838,-0.024060682276256913,0.15382900402877017,1.4870456936884824,0.537,자연감소와 순유출이 동시에 강하게 나타난 지역,330,LOW
2015-12-01,경상북도,social_cross_inflow,자연감소 ↓ + 순이동 ↑,-80.0,-21.0,59.0,987.0,481.0,-506.0,-0.45177030025010295,0.08547328961927178,0.6262446679407757,-0.19629719282979624,0.537,자연적 인구감소가 나타나는 동시에 순유입이 나타난 지역,131,LOW
2015-03-01,강원특별자치도,social_cross_inflow,자연감소 ↓ + 순이동 ↑,-97.0,-3.0,94.0,1878.0,285.0,-1593.0,-0.45503021183816483,0.08086449893659868,0.7840691908495441,-0.8374177484728115,0.536,자연적 인구감소가 나타나는 동시에 순유입이 나타난 지역,132,LOW
2019-06-01,충청남도,social_cross_inflow,자연감소 ↓ + 순이동 ↑,-27.0,-160.0,-133.0,608.0,331.0,-277.0,-0.43494200983585235,0.10003748932015687,0.2815378523676546,-0.2666358414948945,0.535,자연적 인구감소가 나타나는 동시에 순유입이 나타난 지역,133,LOW
2009-12-01,전북특별자치도,social_double_decline,자연감소 ↓ + 순이동 ↓,-15.0,-16.0,-1.0,114.0,-355.0,-469.0,-0.47258865811543055,-0.062030361376849946,0.4748131685941206,-0.13966030651294,0.535,자연감소와 순유출이 동시에 강하게 나타난 지역,331,LOW
2013-12-01,강원특별자치도,social_cross_inflow,자연감소 ↓ + 순이동 ↑,-81.0,-91.0,-10.0,-538.0,225.0,763.0,-0.47961750507598333,0.05125899568636276,0.45803806809839276,0.4801888250111398,0.531,자연적 인구감소가 나타나는 동시에 순유입이 나타난 지역,134,LOW
2019-02-01,충청남도,social_double_decline,자연감소 ↓ + 순이동 ↓,-108.0,-30.0,78.0,655.0,-483.0,-1138.0,-0.37931497131961917,-0.14740781581279494,0.5214957665741051,-0.40689402118826773,0.527,자연감소와 순유출이 동시에 강하게 나타난 지역,332,LOW
2018-11-01,경상남도,social_double_decline,자연감소 ↓ + 순이동 ↓,-165.0,-175.0,-10.0,1379.0,-199.0,-1578.0,-0.4805074392730409,-0.04546641730258652,0.43243848376229427,-1.4296580118825843,0.526,자연감소와 순유출이 동시에 강하게 나타난 지역,333,LOW
2016-02-01,경상북도,social_double_decline,자연감소 ↓ + 순이동 ↓,122.0,-125.0,-247.0,-1059.0,-82.0,977.0,-0.5024123436465079,-0.024043316741085848,0.009918029123586596,0.4853798566635889,0.526,자연감소와 순유출이 동시에 강하게 나타난 지역,334,LOW
2015-12-01,전북특별자치도,social_cross_inflow,자연감소 ↓ + 순이동 ↑,-229.0,-145.0,84.0,-129.0,94.0,223.0,-0.5097948893948969,0.01670371980085561,0.9286160204872875,0.08651042292696554,0.526,자연적 인구감소가 나타나는 동시에 순유입이 나타난 지역,135,LOW
2012-04-01,전라남도,social_double_decline,자연감소 ↓ + 순이동 ↓,-15.0,-51.0,-36.0,-403.0,-131.0,272.0,-0.4782731503776959,-0.04664781426524754,0.3678338570945718,0.3854642893240919,0.525,자연감소와 순유출이 동시에 강하게 나타난 지역,335,LOW
2011-09-01,전라남도,social_cross_inflow,자연감소 ↓ + 순이동 ↑,131.0,-13.0,-144.0,-684.0,116.0,800.0,-0.4861342315858919,0.03925509933461967,0.292499570543822,0.6046350879505841,0.525,자연적 인구감소가 나타나는 동시에 순유입이 나타난 지역,136,LOW
2010-04-01,전라남도,social_cross_inflow,자연감소 ↓ + 순이동 ↑,-12.0,-12.0,0.0,-405.0,180.0,585.0,-0.4845840022731004,0.03976415945778998,-0.461652743622103,0.21868403840439565,0.524,자연적 인구감소가 나타나는 동시에 순유입이 나타난 지역,137,LOW
2012-03-01,전라남도,social_cross_inflow,자연감소 ↓ + 순이동 ↑,187.0,-36.0,-223.0,-112.0,133.0,245.0,-0.47368522033616434,0.04815079607594533,-0.0005096936410420758,0.3217901247637,0.522,자연적 인구감소가 나타나는 동시에 순유입이 나타난 지역,138,LOW
2022-01-01,전라남도,social_cross_inflow,자연감소 ↓ + 순이동 ↑,-681.0,-827.0,-146.0,-311.0,541.0,852.0,-0.21319443166238955,0.30786375444942204,0.2534105581993918,0.19678920460416122,0.521,자연적 인구감소가 나타나는 동시에 순유입이 나타난 지역,139,LOW
2019-02-01,충청북도,social_double_decline,자연감소 ↓ + 순이동 ↓,-23.0,-109.0,-86.0,332.0,-177.0,-509.0,-0.4673923536214641,-0.05401901324816709,-1.0688508273584965,-0.1819938987564396,0.521,자연감소와 순유출이 동시에 강하게 나타난 지역,336,LOW
2020-01-01,대구광역시,social_double_decline,자연감소 ↓ + 순이동 ↓,-78.0,-228.0,-150.0,-1213.0,-1325.0,-112.0,-0.043276391341098924,-0.47706562099419364,0.3412658552806615,-0.08798773129366952,0.52,자연감소와 순유출이 동시에 강하게 나타난 지역,337,LOW
2019-05-01,충청북도,social_cross_inflow,자연감소 ↓ + 순이동 ↑,-35.0,-164.0,-129.0,638.0,474.0,-164.0,-0.3913107538633992,0.12820034439982703,0.31737101336548146,-0.12087186148433007,0.52,자연적 인구감소가 나타나는 동시에 순유입이 나타난 지역,141,LOW
2014-10-01,전라남도,social_cross_inflow,자연감소 ↓ + 순이동 ↑,-41.0,-96.0,-55.0,205.0,96.0,-109.0,-0.48798328358651283,0.03224143455557422,-0.671993995603569,-0.047208672952593345,0.52,자연적 인구감소가 나타나는 동시에 순유입이 나타난 지역,140,LOW
2021-02-01,전라남도,social_double_decline,자연감소 ↓ + 순이동 ↓,-688.0,-618.0,70.0,-2067.0,-207.0,1860.0,-0.4820982682453467,-0.036516684354231284,0.6013946713649275,0.5108310891424577,0.519,자연감소와 순유출이 동시에 강하게 나타난 지역,338,LOW
2021-11-01,부산광역시,social_double_decline,자연감소 ↓ + 순이동 ↓,-877.0,-1098.0,-221.0,-1334.0,-1507.0,-173.0,-0.07741581681237225,-0.4401987396032407,0.16027587332801768,-0.161719862046833,0.518,자연감소와 순유출이 동시에 강하게 나타난 지역,339,LOW
2008-12-01,전북특별자치도,social_cross_inflow,자연감소 ↓ + 순이동 ↑,-26.0,-15.0,11.0,1282.0,114.0,-1168.0,-0.47595596222799513,0.042110906141556936,0.504230815585874,-0.4475705708507473,0.518,자연적 인구감소가 나타나는 동시에 순유입이 나타난 지역,142,LOW
2017-08-01,강원특별자치도,social_cross_inflow,자연감소 ↓ + 순이동 ↑,-14.0,-59.0,-45.0,179.0,162.0,-17.0,-0.4705799087141278,0.044907189470389505,0.4319904241976897,-0.008996335204051057,0.515,자연적 인구감소가 나타나는 동시에 순유입이 나타난 지역,143,LOW
2015-05-01,전라남도,social_cross_inflow,자연감소 ↓ + 순이동 ↑,-148.0,-56.0,92.0,-845.0,134.0,979.0,-0.47705876435040045,0.03798007887229367,0.9750873220817217,0.5635244724956011,0.515,자연적 인구감소가 나타나는 동시에 순유입이 나타난 지역,144,LOW
2018-06-01,경상남도,social_double_decline,자연감소 ↓ + 순이동 ↓,277.0,-68.0,-345.0,614.0,-257.0,-871.0,-0.45011245955269424,-0.06353069245689055,0.0061153881630508075,-0.42612730851604746,0.514,자연감소와 순유출이 동시에 강하게 나타난 지역,340,LOW
2018-04-01,경상남도,social_double_decline,자연감소 ↓ + 순이동 ↓,316.0,-27.0,-343.0,-344.0,-451.0,-107.0,-0.40457004088905085,-0.10832759281905721,0.04722077899329646,-0.05762331676117939,0.513,자연감소와 순유출이 동시에 강하게 나타난 지역,341,LOW
2015-04-01,전라남도,social_cross_inflow,자연감소 ↓ + 순이동 ↑,-66.0,-126.0,-60.0,1564.0,53.0,-1511.0,-0.49650680639491296,0.01569532565664479,0.18610584665476923,-1.172947755433601,0.512,자연적 인구감소가 나타나는 동시에 순유입이 나타난 지역,146,LOW
2013-03-01,전라남도,social_cross_inflow,자연감소 ↓ + 순이동 ↑,-36.0,-144.0,-108.0,133.0,32.0,-101.0,-0.4987976960736929,0.013015451633676456,0.3862536914128218,-0.1703180827491042,0.512,자연적 인구감소가 나타나는 동시에 순유입이 나타난 지역,145,LOW
2019-09-01,충청북도,social_cross_inflow,자연감소 ↓ + 순이동 ↑,-42.0,-195.0,-153.0,303.0,120.0,-183.0,-0.471943438795916,0.038574983016989674,0.22647713900908317,-0.2554595264549931,0.511,자연적 인구감소가 나타나는 동시에 순유입이 나타난 지역,147,LOW
2020-09-01,강원특별자치도,social_cross_inflow,자연감소 ↓ + 순이동 ↑,-365.0,-300.0,65.0,290.0,640.0,350.0,-0.3640448326591842,0.1429825115162744,0.6818962749555294,0.22429120583646786,0.507,자연적 인구감소가 나타나는 동시에 순유입이 나타난 지역,148,LOW
2022-01-01,부산광역시,social_double_decline,자연감소 ↓ + 순이동 ↓,-745.0,-757.0,-12.0,-1772.0,-613.0,1159.0,-0.15616152637690953,-0.3488363798105281,0.4657893859884581,0.2676979907702146,0.505,자연감소와 순유출이 동시에 강하게 나타난 지역,343,LOW
2019-10-01,경상남도,social_double_decline,자연감소 ↓ + 순이동 ↓,-185.0,-302.0,-117.0,-615.0,-2.0,613.0,-0.5039823250349247,-0.000724960146604609,0.1231843905107445,0.31256782478474016,0.505,자연감소와 순유출이 동시에 강하게 나타난 지역,342,LOW
2019-07-01,충청남도,social_double_decline,자연감소 ↓ + 순이동 ↓,-80.0,-86.0,-6.0,251.0,-457.0,-708.0,-0.39001623820494485,-0.11495335841027046,0.45118705862342945,-0.8989462523286809,0.505,자연감소와 순유출이 동시에 강하게 나타난 지역,345,LOW
2019-05-01,충청남도,social_double_decline,자연감소 ↓ + 순이동 ↓,-9.0,-212.0,-203.0,883.0,-110.0,-993.0,-0.4750384634567565,-0.029751134776331165,0.2233874229246586,-0.7318643808167059,0.505,자연감소와 순유출이 동시에 강하게 나타난 지역,344,LOW
2019-11-01,경상남도,social_double_decline,자연감소 ↓ + 순이동 ↓,-175.0,-417.0,-242.0,-199.0,-291.0,-92.0,-0.37807636465680605,-0.1256856973378782,0.10599915841520591,-0.04075405495176046,0.504,자연감소와 순유출이 동시에 강하게 나타난 지역,347,LOW
2017-04-01,강원특별자치도,social_double_decline,자연감소 ↓ + 순이동 ↓,-119.0,-114.0,5.0,333.0,-14.0,-347.0,-0.49876108927584123,-0.00573127299714778,0.487827802743776,-0.2719627833997612,0.504,자연감소와 순유출이 동시에 강하게 나타난 지역,346,LOW
2019-10-01,충청북도,social_cross_inflow,자연감소 ↓ + 순이동 ↑,-95.0,-223.0,-128.0,1022.0,353.0,-669.0,-0.37424610740283504,0.1279554658757135,0.08995481377896328,-0.34112214483032816,0.502,자연적 인구감소가 나타나는 동시에 순유입이 나타난 지역,149,LOW
2020-12-01,경상북도,social_cross_inflow,자연감소 ↓ + 순이동 ↑,-1076.0,-1141.0,-65.0,876.0,1289.0,413.0,-0.20503790862763607,0.2951989722809989,0.32205527916367493,0.20734667549968303,0.5,자연적 인구감소가 나타나는 동시에 순유입이 나타난 지역,150,LOW
2016-06-01,전라남도,social_double_decline,자연감소 ↓ + 순이동 ↓,-97.0,-67.0,30.0,325.0,-62.0,-387.0,-0.4836138710712331,-0.015691911724965975,0.5091650452772646,-0.2791700907984588,0.499,자연감소와 순유출이 동시에 강하게 나타난 지역,348,LOW
2016-08-01,강원특별자치도,social_cross_inflow,자연감소 ↓ + 순이동 ↑,17.0,-14.0,-31.0,-142.0,179.0,321.0,-0.4626648119734317,0.03451174180061771,0.40705432776230605,0.19695246568134947,0.497,자연적 인구감소가 나타나는 동시에 순유입이 나타난 지역,151,LOW
2014-11-01,전북특별자치도,social_double_decline,자연감소 ↓ + 순이동 ↓,-157.0,-96.0,61.0,674.0,-16.0,-690.0,-0.49018129202179217,-0.005510127666414784,0.6570651624439108,-0.3825589974607984,0.496,자연감소와 순유출이 동시에 강하게 나타난 지역,349,LOW
2013-10-01,전북특별자치도,social_double_decline,자연감소 ↓ + 순이동 ↓,246.0,-7.0,-253.0,-132.0,-74.0,58.0,-0.46422391026494625,-0.030336709075453987,0.28198587495676414,0.05529467122512288,0.495,자연감소와 순유출이 동시에 강하게 나타난 지역,350,LOW
2020-08-01,전라남도,social_double_decline,자연감소 ↓ + 순이동 ↓,-465.0,-569.0,-104.0,-1365.0,-865.0,500.0,-0.3103425184556025,-0.182677387481605,0.3595015831472174,0.48801037851891393,0.493,자연감소와 순유출이 동시에 강하게 나타난 지역,352,LOW
2015-11-01,강원특별자치도,social_double_decline,자연감소 ↓ + 순이동 ↓,-94.0,-76.0,18.0,493.0,-26.0,-519.0,-0.48633244669470904,-0.006367917242138053,-0.3916992877917121,-0.2187167224906647,0.493,자연감소와 순유출이 동시에 강하게 나타난 지역,351,LOW
2021-08-01,전라남도,social_double_decline,자연감소 ↓ + 순이동 ↓,-569.0,-717.0,-148.0,-865.0,-697.0,168.0,-0.3342627597431024,-0.15692402423175614,-0.3075306475698815,0.14831063682524934,0.491,자연감소와 순유출이 동시에 강하게 나타난 지역,354,LOW
2019-01-01,경상남도,social_double_decline,자연감소 ↓ + 순이동 ↓,-362.0,-12.0,350.0,-3.0,-509.0,-506.0,-0.32682272766566484,-0.16399385184148654,0.19301534036897042,-0.2578703841786553,0.491,자연감소와 순유출이 동시에 강하게 나타난 지역,353,LOW
2018-07-01,충청남도,social_cross_inflow,자연감소 ↓ + 순이동 ↑,71.0,-80.0,-151.0,1505.0,251.0,-1254.0,-0.43384816157366646,0.05702229740440707,0.3217414446262338,-0.6870243495776965,0.491,자연적 인구감소가 나타나는 동시에 순유입이 나타난 지역,152,LOW
2019-10-01,충청남도,social_double_decline,자연감소 ↓ + 순이동 ↓,-268.0,-282.0,-14.0,836.0,-52.0,-888.0,-0.47113771297616786,-0.018848963811719834,0.4343340635446959,-0.45278993215146696,0.49,자연감소와 순유출이 동시에 강하게 나타난 지역,355,LOW
2006-12-01,경상북도,social_cross_inflow,자연감소 ↓ + 순이동 ↑,-122.0,-56.0,66.0,-1595.0,23.0,1618.0,-0.4827320867829354,0.0037458941709332906,-0.33957071206729317,1.759441946666686,0.486,자연적 인구감소가 나타나는 동시에 순유입이 나타난 지역,153,LOW
2018-12-01,경상북도,social_cross_inflow,자연감소 ↓ + 순이동 ↑,-788.0,-794.0,-6.0,353.0,347.0,-6.0,-0.40220270137577835,0.08038663265340791,0.4454990256024675,-0.0037784283143150015,0.483,자연적 인구감소가 나타나는 동시에 순유입이 나타난 지역,154,LOW
2018-09-01,충청북도,social_cross_inflow,자연감소 ↓ + 순이동 ↑,91.0,-42.0,-133.0,159.0,303.0,144.0,-0.3968782784254742,0.08488243341660676,0.35017443254379127,0.09337233005644864,0.482,자연적 인구감소가 나타나는 동시에 순유입이 나타난 지역,155,LOW
2021-02-01,전북특별자치도,social_double_decline,자연감소 ↓ + 순이동 ↓,-585.0,-499.0,86.0,-1569.0,-947.0,622.0,-0.31407768728512336,-0.16705942069302912,0.7917261717529485,0.17082631045516594,0.481,자연감소와 순유출이 동시에 강하게 나타난 지역,356,LOW
2014-05-01,경상북도,social_double_decline,자연감소 ↓ + 순이동 ↓,241.0,-10.0,-251.0,-116.0,-39.0,77.0,-0.46345876035817146,-0.016257798042189766,-2.5385488047344467,0.07405353379125162,0.48,자연감소와 순유출이 동시에 강하게 나타난 지역,357,LOW
2020-01-01,충청남도,social_double_decline,자연감소 ↓ + 순이동 ↓,-69.0,-294.0,-225.0,-279.0,-944.0,-665.0,-0.139194960209057,-0.3398867518630331,0.272276800978641,-0.5224271545561628,0.479,자연감소와 순유출이 동시에 강하게 나타난 지역,358,LOW
2018-01-01,대구광역시,social_double_decline,자연감소 ↓ + 순이동 ↓,344.0,-183.0,-527.0,-97.0,-664.0,-567.0,-0.3180393853807334,-0.1600361001632754,0.20974460536929196,-0.2872110729998829,0.478,자연감소와 순유출이 동시에 강하게 나타난 지역,359,LOW
2019-01-01,충청남도,social_double_decline,자연감소 ↓ + 순이동 ↓,-222.0,-69.0,153.0,1070.0,-279.0,-1349.0,-0.3824682833551723,-0.08989053961448869,-0.19020548658980285,-0.6874844827213558,0.472,자연감소와 순유출이 동시에 강하게 나타난 지역,360,LOW
2020-06-01,강원특별자치도,social_cross_inflow,자연감소 ↓ + 순이동 ↑,-274.0,-268.0,6.0,273.0,992.0,719.0,-0.17122140857565388,0.28813639937462965,0.49112743133098613,0.5916166052231914,0.459,자연적 인구감소가 나타나는 동시에 순유입이 나타난 지역,156,LOW
2020-12-01,전라남도,social_cross_inflow,자연감소 ↓ + 순이동 ↑,-740.0,-882.0,-142.0,3772.0,1774.0,-1998.0,-0.04802629068709082,0.40627073454343837,0.1273045737008244,-1.0030960233616626,0.454,자연적 인구감소가 나타나는 동시에 순유입이 나타난 지역,157,LOW
2018-07-01,경상남도,social_double_decline,자연감소 ↓ + 순이동 ↓,365.0,-36.0,-401.0,928.0,-282.0,-1210.0,-0.3894199557336944,-0.06406489190455296,0.050306030149658586,-0.6629182320486546,0.453,자연감소와 순유출이 동시에 강하게 나타난 지역,361,LOW
2019-07-01,충청북도,social_double_decline,자연감소 ↓ + 순이동 ↓,55.0,-94.0,-149.0,343.0,-206.0,-549.0,-0.4001173781872312,-0.05181704996174117,-0.08301509818278374,-0.6970642549836805,0.452,자연감소와 순유출이 동시에 강하게 나타난 지역,362,LOW
2019-12-01,전북특별자치도,social_double_decline,자연감소 ↓ + 순이동 ↓,-647.0,-673.0,-26.0,-844.0,-1243.0,-399.0,-0.049113533370843385,-0.3987378744236945,0.4022228537297252,-0.21989395269048295,0.448,자연감소와 순유출이 동시에 강하게 나타난 지역,363,LOW
2021-07-01,전라남도,social_double_decline,자연감소 ↓ + 순이동 ↓,-463.0,-612.0,-149.0,-745.0,-587.0,158.0,-0.27515874542779123,-0.17223927434344888,0.20931483741471313,0.13410571895135856,0.447,자연감소와 순유출이 동시에 강하게 나타난 지역,364,LOW
2017-12-01,충청남도,social_cross_inflow,자연감소 ↓ + 순이동 ↑,-192.0,-315.0,-123.0,2758.0,1314.0,-1444.0,-0.18675402904773503,0.2595119357715648,0.3454960241382354,-2.5283937987262353,0.446,자연적 인구감소가 나타나는 동시에 순유입이 나타난 지역,158,LOW
2019-04-01,충청남도,social_cross_inflow,자연감소 ↓ + 순이동 ↑,-57.0,-48.0,9.0,1166.0,172.0,-994.0,-0.38161804910100655,0.059546972436036696,0.4862807088344798,-0.6045841470150318,0.441,자연적 인구감소가 나타나는 동시에 순유입이 나타난 지역,159,LOW
2018-12-01,전북특별자치도,social_double_decline,자연감소 ↓ + 순이동 ↓,-553.0,-647.0,-94.0,988.0,-844.0,-1832.0,-0.24523686836098346,-0.19552253014258295,0.266030445603915,-1.153680111970847,0.441,자연감소와 순유출이 동시에 강하게 나타난 지역,365,LOW
2019-03-01,충청북도,social_double_decline,자연감소 ↓ + 순이동 ↓,-19.0,-104.0,-85.0,587.0,-37.0,-624.0,-0.42493211269129305,-0.014373660018194751,0.3442617072113194,-0.2902263276612552,0.439,자연감소와 순유출이 동시에 강하게 나타난 지역,366,LOW
2020-10-01,경상북도,social_cross_inflow,자연감소 ↓ + 순이동 ↑,-657.0,-832.0,-175.0,-81.0,565.0,646.0,-0.2893394806076384,0.14756631863848232,0.3194233779329868,0.45316935463412156,0.437,자연적 인구감소가 나타나는 동시에 순유입이 나타난 지역,160,LOW
2018-02-01,충청북도,social_cross_inflow,자연감소 ↓ + 순이동 ↑,45.0,-23.0,-68.0,272.0,332.0,60.0,-0.3632138123526407,0.0738411373835048,0.41790906329816885,0.026221539973075657,0.437,자연적 인구감소가 나타나는 동시에 순유입이 나타난 지역,161,LOW
2021-06-01,전북특별자치도,social_cross_inflow,자연감소 ↓ + 순이동 ↑,-551.0,-564.0,-13.0,-728.0,401.0,1129.0,-0.3172289104655451,0.11814726021150887,0.42924828016867306,0.7189595393565396,0.435,자연적 인구감소가 나타나는 동시에 순유입이 나타난 지역,162,LOW
2019-01-01,충청북도,social_cross_inflow,자연감소 ↓ + 순이동 ↑,-197.0,-65.0,132.0,-259.0,156.0,415.0,-0.3785633320787156,0.050261376988746366,-0.231056437686931,0.21149448504771137,0.429,자연적 인구감소가 나타나는 동시에 순유입이 나타난 지역,163,LOW
2018-06-01,충청북도,social_double_decline,자연감소 ↓ + 순이동 ↓,97.0,-24.0,-121.0,23.0,-81.0,-104.0,-0.4093522185321439,-0.02002329217512893,0.31433095158081065,-0.05088087265863253,0.429,자연감소와 순유출이 동시에 강하게 나타난 지역,367,LOW
2020-04-01,대구광역시,social_double_decline,자연감소 ↓ + 순이동 ↓,18.0,-214.0,-232.0,-1724.0,-1719.0,5.0,-0.10671978702812573,-0.320516841111927,0.2084140829445865,0.001828239520059405,0.427,자연감소와 순유출이 동시에 강하게 나타난 지역,368,LOW
2019-06-01,충청북도,social_double_decline,자연감소 ↓ + 순이동 ↓,-24.0,-123.0,-99.0,-81.0,-173.0,-92.0,-0.3739842281543124,-0.05228545514316356,0.3344559007856535,-0.08855775240985667,0.426,자연감소와 순유출이 동시에 강하게 나타난 지역,369,LOW
2019-08-01,충청남도,social_double_decline,자연감소 ↓ + 순이동 ↓,-52.0,-163.0,-111.0,813.0,-92.0,-905.0,-0.4020414772966917,-0.021271076998214428,0.31154250854993293,-1.4451954105475833,0.423,자연감소와 순유출이 동시에 강하게 나타난 지역,370,LOW
2021-06-01,경상남도,social_double_decline,자연감소 ↓ + 순이동 ↓,-391.0,-503.0,-112.0,-1461.0,-624.0,837.0,-0.2374311226783358,-0.1838501006782582,0.12462046843606636,0.5330107479552024,0.421,자연감소와 순유출이 동시에 강하게 나타난 지역,371,LOW
2021-07-01,경상남도,social_double_decline,자연감소 ↓ + 순이동 ↓,-402.0,-560.0,-158.0,-1445.0,-701.0,744.0,-0.21454481609844017,-0.20568949116653776,0.1932060470768587,0.6314851575937391,0.42,자연감소와 순유출이 동시에 강하게 나타난 지역,372,LOW
2021-09-01,전북특별자치도,social_double_decline,자연감소 ↓ + 순이동 ↓,-504.0,-579.0,-75.0,-206.0,-832.0,-626.0,-0.1698394753338101,-0.2429563618562082,0.36660045529893454,-0.33871390815671926,0.413,자연감소와 순유출이 동시에 강하게 나타난 지역,373,LOW
2021-04-01,강원특별자치도,social_cross_inflow,자연감소 ↓ + 순이동 ↑,-281.0,-463.0,-182.0,-595.0,540.0,1135.0,-0.27398819701056676,0.13531471250053925,-0.3001586568333772,0.47105423383115147,0.409,자연적 인구감소가 나타나는 동시에 순유입이 나타난 지역,164,LOW
2020-09-01,대구광역시,social_double_decline,자연감소 ↓ + 순이동 ↓,-35.0,-175.0,-140.0,-1481.0,-1192.0,289.0,-0.1423066427611971,-0.26630492769906106,0.03935356438711683,0.18520045281925487,0.409,자연감소와 순유출이 동시에 강하게 나타난 지역,374,LOW
2021-01-01,대구광역시,social_double_decline,자연감소 ↓ + 순이동 ↓,-228.0,-288.0,-60.0,-1325.0,-2139.0,-814.0,-0.0391067705445168,-0.367957221719431,0.007800992598948512,-0.17666643553634226,0.407,자연감소와 순유출이 동시에 강하게 나타난 지역,375,LOW
2019-08-01,충청북도,social_cross_inflow,자연감소 ↓ + 순이동 ↑,56.0,-147.0,-203.0,63.0,137.0,74.0,-0.3748739631105239,0.031675408138645396,0.16670410479959916,0.11817067445361455,0.407,자연적 인구감소가 나타나는 동시에 순유입이 나타난 지역,165,LOW
2021-08-01,전북특별자치도,social_double_decline,자연감소 ↓ + 순이동 ↓,-522.0,-602.0,-80.0,-524.0,-863.0,-339.0,-0.2099278248521371,-0.1942976081951299,0.035602909973906076,-0.29926967787952097,0.404,자연감소와 순유출이 동시에 강하게 나타난 지역,376,LOW
2022-02-01,부산광역시,social_double_decline,자연감소 ↓ + 순이동 ↓,-689.0,-1192.0,-503.0,-974.0,-474.0,500.0,-0.12504928473311866,-0.2764154096163505,0.12269990425242214,0.08997689017211749,0.401,자연감소와 순유출이 동시에 강하게 나타난 지역,377,LOW
2021-05-01,경상남도,social_double_decline,자연감소 ↓ + 순이동 ↓,-434.0,-573.0,-139.0,-1629.0,-687.0,942.0,-0.18429115320298534,-0.21611197506888355,0.1981121464131573,0.5452002628763432,0.4,자연감소와 순유출이 동시에 강하게 나타난 지역,378,LOW
2018-01-01,충청북도,social_double_decline,자연감소 ↓ + 순이동 ↓,103.0,-197.0,-300.0,12.0,-259.0,-271.0,-0.33550037124477367,-0.06242371979260291,0.3307579430618826,-0.13727372272128444,0.398,자연감소와 순유출이 동시에 강하게 나타난 지역,379,LOW
2021-04-01,경상남도,social_double_decline,자연감소 ↓ + 순이동 ↓,-340.0,-488.0,-148.0,-1696.0,-348.0,1348.0,-0.3083896168361122,-0.08720281472256974,-0.1561954139007543,0.5594547200038698,0.396,자연감소와 순유출이 동시에 강하게 나타난 지역,380,LOW
2021-10-01,경상북도,social_cross_inflow,자연감소 ↓ + 순이동 ↑,-832.0,-1105.0,-273.0,565.0,580.0,15.0,-0.20148850468660948,0.19143471241810486,-0.006995179100738073,0.009949922481984163,0.393,자연적 인구감소가 나타나는 동시에 순유입이 나타난 지역,166,LOW
2019-11-01,충청북도,social_cross_inflow,자연감소 ↓ + 순이동 ↑,-156.0,-320.0,-164.0,579.0,387.0,-192.0,-0.21847256081474045,0.16714902017099265,0.22838634461171012,-0.08505194076889139,0.386,자연적 인구감소가 나타나는 동시에 순유입이 나타난 지역,167,LOW
2020-04-01,충청남도,social_double_decline,자연감소 ↓ + 순이동 ↓,-48.0,-258.0,-210.0,172.0,-1069.0,-1241.0,-0.18341858133509087,-0.19932082789333913,0.23490059669492547,-0.4537690488787443,0.383,자연감소와 순유출이 동시에 강하게 나타난 지역,381,LOW
2021-06-01,충청남도,social_cross_inflow,자연감소 ↓ + 순이동 ↑,-223.0,-396.0,-173.0,1560.0,956.0,-604.0,-0.09745795393683757,0.28166778244938273,-0.0630794963688731,-0.3846338013918068,0.379,자연적 인구감소가 나타나는 동시에 순유입이 나타난 지역,168,LOW
2020-11-01,경상북도,social_cross_inflow,자연감소 ↓ + 순이동 ↑,-680.0,-972.0,-292.0,271.0,362.0,91.0,-0.27731059191412216,0.09500424601340399,0.15408234182803407,0.055605841071937404,0.372,자연적 인구감소가 나타나는 동시에 순유입이 나타난 지역,169,LOW
2020-06-01,충청북도,social_cross_inflow,자연감소 ↓ + 순이동 ↑,-123.0,-200.0,-77.0,-173.0,1094.0,1267.0,-0.05361478450348758,0.3177633275361339,0.34502142129345265,1.042528843974664,0.371,자연적 인구감소가 나타나는 동시에 순유입이 나타난 지역,170,LOW
2018-12-01,경상남도,social_double_decline,자연감소 ↓ + 순이동 ↓,-439.0,-615.0,-176.0,1481.0,-680.0,-2161.0,-0.2110674353237492,-0.1575300005888109,0.09879835969617287,-1.3608639312057862,0.369,자연감소와 순유출이 동시에 강하게 나타난 지역,382,LOW
2020-08-01,전북특별자치도,social_double_decline,자연감소 ↓ + 순이동 ↓,-456.0,-522.0,-66.0,-975.0,-524.0,451.0,-0.25158026003719614,-0.11066237114492604,0.40651861620127033,0.44018536142406034,0.362,자연감소와 순유출이 동시에 강하게 나타난 지역,383,LOW
2020-02-01,충청남도,social_double_decline,자연감소 ↓ + 순이동 ↓,-30.0,-346.0,-316.0,-483.0,-1114.0,-631.0,-0.06507281572728711,-0.2965175504949387,0.23368849409196346,-0.658058824276806,0.362,자연감소와 순유출이 동시에 강하게 나타난 지역,384,LOW
2020-07-01,충청북도,social_cross_inflow,자연감소 ↓ + 순이동 ↑,-94.0,-213.0,-119.0,-206.0,563.0,769.0,-0.18711335310196742,0.17387551975380164,0.3081106750208472,0.6171443755570054,0.361,자연적 인구감소가 나타나는 동시에 순유입이 나타난 지역,171,LOW
2021-04-01,충청남도,social_cross_inflow,자연감소 ↓ + 순이동 ↑,-258.0,-308.0,-50.0,-1069.0,1180.0,2249.0,-0.06069939409218468,0.29568770509377096,0.2587574627873942,0.9333929267720349,0.356,자연적 인구감소가 나타나는 동시에 순유입이 나타난 지역,172,LOW
2022-06-01,전라남도,social_double_decline,자연감소 ↓ + 순이동 ↓,-732.0,-805.0,-73.0,-507.0,-343.0,164.0,-0.097966730302251,-0.25070891422332325,0.3846501918315127,0.06797991229543147,0.349,자연감소와 순유출이 동시에 강하게 나타난 지역,385,LOW
2020-11-01,경상남도,social_double_decline,자연감소 ↓ + 순이동 ↓,-417.0,-653.0,-236.0,-291.0,-1206.0,-915.0,-0.028433221052776524,-0.31650585826564975,0.21691203461228098,-0.5591136767123376,0.345,자연감소와 순유출이 동시에 강하게 나타난 지역,386,LOW
2021-09-01,강원특별자치도,social_cross_inflow,자연감소 ↓ + 순이동 ↑,-300.0,-476.0,-176.0,640.0,954.0,314.0,-0.06065695547636076,0.2785821745322387,0.2178990658001699,0.16989803060896141,0.339,자연적 인구감소가 나타나는 동시에 순유입이 나타난 지역,173,LOW
2020-04-01,강원특별자치도,social_double_decline,자연감소 ↓ + 순이동 ↓,-297.0,-281.0,16.0,534.0,-595.0,-1129.0,-0.2235111329046408,-0.11094096594624582,0.5069893288574986,-0.41281648362941364,0.334,자연감소와 순유출이 동시에 강하게 나타난 지역,387,LOW
2019-11-01,충청남도,social_double_decline,자연감소 ↓ + 순이동 ↓,-201.0,-371.0,-170.0,1003.0,-66.0,-1069.0,-0.3023879628347956,-0.028506034447766188,0.2189719456735175,-0.4735443993851297,0.331,자연감소와 순유출이 동시에 강하게 나타난 지역,388,LOW
2020-08-01,강원특별자치도,social_cross_inflow,자연감소 ↓ + 순이동 ↑,-304.0,-429.0,-125.0,309.0,923.0,614.0,-0.13530600401779627,0.1949262758907762,0.33351848593313554,0.5992767448212263,0.33,자연적 인구감소가 나타나는 동시에 순유입이 나타난 지역,174,LOW
2021-01-01,충청남도,social_double_decline,자연감소 ↓ + 순이동 ↓,-294.0,-402.0,-108.0,-944.0,-729.0,215.0,-0.19522951987787965,-0.12540477542471493,-0.2985652621961205,0.04666251061463585,0.321,자연감소와 순유출이 동시에 강하게 나타난 지역,389,LOW
2020-09-01,충청남도,social_cross_inflow,자연감소 ↓ + 순이동 ↑,-283.0,-247.0,36.0,-79.0,178.0,257.0,-0.27002784014243764,0.039767011015463816,0.5909999890702418,0.16469382828563497,0.31,자연적 인구감소가 나타나는 동시에 순유입이 나타난 지역,175,LOW
2021-06-01,강원특별자치도,social_cross_inflow,자연감소 ↓ + 순이동 ↑,-268.0,-396.0,-128.0,992.0,718.0,-274.0,-0.09745795393683757,0.21154546840863683,0.07538769078231175,-0.17448619467111764,0.309,자연적 인구감소가 나타나는 동시에 순유입이 나타난 지역,176,LOW
2021-05-01,전북특별자치도,social_cross_inflow,자연감소 ↓ + 순이동 ↑,-479.0,-606.0,-127.0,-1000.0,260.0,1260.0,-0.22073221345683797,0.0817891026461568,0.22175425891329098,0.7292487592613507,0.303,자연적 인구감소가 나타나는 동시에 순유입이 나타난 지역,177,LOW
2021-03-01,충청남도,social_cross_inflow,자연감소 ↓ + 순이동 ↑,-230.0,-303.0,-73.0,-1007.0,1190.0,2197.0,-0.014762575521777656,0.2853581962618015,0.14537397836265167,0.8071696963853763,0.3,자연적 인구감소가 나타나는 동시에 순유입이 나타난 지역,178,LOW
2017-12-01,대구광역시,social_double_decline,자연감소 ↓ + 순이동 ↓,-32.0,-201.0,-169.0,-1257.0,-1414.0,-157.0,-0.0124049537038077,-0.2792617025730537,0.2924216812836048,-0.274901541828268,0.292,자연감소와 순유출이 동시에 강하게 나타난 지역,390,LOW
2021-05-01,강원특별자치도,social_cross_inflow,자연감소 ↓ + 순이동 ↑,-354.0,-414.0,-60.0,1150.0,892.0,-258.0,-0.008711499252604527,0.280599536770661,0.3537560537057041,-0.1493223649916099,0.289,자연적 인구감소가 나타나는 동시에 순유입이 나타난 지역,179,LOW
2021-09-01,부산광역시,social_double_decline,자연감소 ↓ + 순이동 ↓,-461.0,-653.0,-192.0,-922.0,-121.0,801.0,-0.24828128571683197,-0.035333797818030276,0.19434241003798938,0.43340230101203214,0.284,자연감소와 순유출이 동시에 강하게 나타난 지역,391,LOW
2020-10-01,전라남도,social_cross_inflow,자연감소 ↓ + 순이동 ↑,-561.0,-759.0,-198.0,-374.0,228.0,602.0,-0.22342545884646697,0.05954888610544065,0.297906736464673,0.42230333047947555,0.283,자연적 인구감소가 나타나는 동시에 순유입이 나타난 지역,180,LOW
2017-12-01,충청북도,social_cross_inflow,자연감소 ↓ + 순이동 ↑,-136.0,-313.0,-177.0,979.0,453.0,-526.0,-0.1836952733399468,0.08946644361074493,0.2831913607871473,-0.9210077133864265,0.273,자연적 인구감소가 나타나는 동시에 순유입이 나타난 지역,181,LOW
2021-11-01,경상북도,social_cross_inflow,자연감소 ↓ + 순이동 ↑,-972.0,-1071.0,-99.0,362.0,694.0,332.0,-0.06345511663767359,0.20271926030832715,0.3368768857857833,0.31035256762744834,0.266,자연적 인구감소가 나타나는 동시에 순유입이 나타난 지역,182,LOW
2020-02-01,강원특별자치도,social_double_decline,자연감소 ↓ + 순이동 ↓,-290.0,-386.0,-96.0,-1001.0,-535.0,466.0,-0.11713106830911679,-0.1424029528858099,0.41083367720914865,0.48598322046432896,0.26,자연감소와 순유출이 동시에 강하게 나타난 지역,392,LOW
2020-09-01,충청북도,social_cross_inflow,자연감소 ↓ + 순이동 ↑,-195.0,-189.0,6.0,120.0,404.0,284.0,-0.16714132002977164,0.09025771039464821,0.49696934849925456,0.18199629273587678,0.257,자연적 인구감소가 나타나는 동시에 순유입이 나타난 지역,183,LOW
2020-03-01,충청남도,social_double_decline,자연감소 ↓ + 순이동 ↓,-184.0,-230.0,-46.0,530.0,-1007.0,-1537.0,-0.07228432163503705,-0.17845126795066812,0.4301753039515675,-0.4364821399555615,0.251,자연감소와 순유출이 동시에 강하게 나타난 지역,393,LOW
2020-03-01,충청북도,social_double_decline,자연감소 ↓ + 순이동 ↓,-104.0,-261.0,-157.0,-37.0,-725.0,-688.0,-0.12147292099156226,-0.12847782449278491,0.30034293880123036,-0.19538042439129885,0.25,자연감소와 순유출이 동시에 강하게 나타난 지역,394,LOW
2021-05-01,전라남도,social_double_decline,자연감소 ↓ + 순이동 ↓,-620.0,-627.0,-7.0,-567.0,-10.0,557.0,-0.24392197907292598,-0.003145734717159877,0.4581753839146279,0.32237425310204154,0.247,자연감소와 순유출이 동시에 강하게 나타난 지역,396,LOW
2020-03-01,강원특별자치도,social_double_decline,자연감소 ↓ + 순이동 ↓,-243.0,-265.0,-22.0,255.0,-672.0,-927.0,-0.12781983703756553,-0.11908565249538132,0.4582471666867755,-0.2632524032132762,0.247,자연감소와 순유출이 동시에 강하게 나타난 지역,395,LOW
2022-03-01,서울특별시,social_double_decline,자연감소 ↓ + 순이동 ↓,266.0,-2527.0,-2793.0,-6216.0,-275.0,5941.0,-0.027051430484631007,-0.2177985950340694,-0.16062970430928053,1.6216286730140903,0.245,자연감소와 순유출이 동시에 강하게 나타난 지역,397,LOW
2021-01-01,강원특별자치도,social_double_decline,자연감소 ↓ + 순이동 ↓,-455.0,-336.0,119.0,-497.0,-797.0,-300.0,-0.10484266500066956,-0.1371023402105594,1.1502918177722268,-0.06511047992739886,0.242,자연감소와 순유출이 동시에 강하게 나타난 지역,398,LOW
2020-10-01,경상남도,social_double_decline,자연감소 ↓ + 순이동 ↓,-302.0,-706.0,-404.0,-2.0,-230.0,-228.0,-0.1755700731842466,-0.06007124475548838,0.1051924694006452,-0.1599421251649841,0.236,자연감소와 순유출이 동시에 강하게 나타난 지역,399,LOW
2021-02-01,강원특별자치도,social_double_decline,자연감소 ↓ + 순이동 ↓,-386.0,-382.0,4.0,-535.0,-485.0,50.0,-0.1488809816351559,-0.08555841503286074,-0.18372276773565913,0.013732018525334882,0.234,자연감소와 순유출이 동시에 강하게 나타난 지역,400,LOW
2021-11-01,경상남도,social_double_decline,자연감소 ↓ + 순이동 ↓,-653.0,-958.0,-305.0,-1206.0,-781.0,425.0,-0.00502700109171246,-0.22813219351700795,0.03868173360299875,0.3972886784387516,0.233,자연감소와 순유출이 동시에 강하게 나타난 지역,401,LOW
2020-11-01,전라남도,social_cross_inflow,자연감소 ↓ + 순이동 ↑,-609.0,-680.0,-71.0,1105.0,633.0,-472.0,-0.049498076893705466,0.1661262091891843,0.4020352365658656,-0.28841710973576323,0.216,자연적 인구감소가 나타나는 동시에 순유입이 나타난 지역,184,LOW
2020-01-01,충청북도,social_double_decline,자연감소 ↓ + 순이동 ↓,-65.0,-240.0,-175.0,156.0,-423.0,-579.0,-0.06071613113527312,-0.15230094919286333,0.3182695038466547,-0.45486514659852373,0.213,자연감소와 순유출이 동시에 강하게 나타난 지역,402,LOW
2020-05-01,충청남도,social_cross_inflow,자연감소 ↓ + 순이동 ↑,-212.0,-245.0,-33.0,-110.0,226.0,336.0,-0.13074024465033968,0.07574087060469742,0.4114335525752209,0.26788505019991143,0.206,자연적 인구감소가 나타나는 동시에 순유입이 나타난 지역,185,LOW
2020-04-01,충청북도,social_double_decline,자연감소 ↓ + 순이동 ↓,-142.0,-169.0,-27.0,838.0,-850.0,-1688.0,-0.028277838305093214,-0.1584870942089226,0.4552202338000179,-0.6172136619720552,0.187,자연감소와 순유출이 동시에 강하게 나타난 지역,403,LOW
2021-10-01,경상남도,social_double_decline,자연감소 ↓ + 순이동 ↓,-706.0,-803.0,-97.0,-230.0,-481.0,-251.0,-0.013906468126169498,-0.15875878736742835,0.3051277419012076,-0.1664953695318683,0.173,자연감소와 순유출이 동시에 강하게 나타난 지역,405,LOW
2019-12-01,경상남도,social_double_decline,자연감소 ↓ + 순이동 ↓,-615.0,-705.0,-90.0,-680.0,-307.0,373.0,-0.0742373301928734,-0.0984815184618457,0.24818005868429852,0.20556502344248156,0.173,자연감소와 순유출이 동시에 강하게 나타난 지역,404,LOW
2021-03-01,강원특별자치도,social_double_decline,자연감소 ↓ + 순이동 ↓,-265.0,-411.0,-146.0,-672.0,-61.0,611.0,-0.15544123637636498,-0.014627605018462093,-0.16472570924858904,0.22447914633202773,0.17,자연감소와 순유출이 동시에 강하게 나타난 지역,406,LOW
2020-10-01,전북특별자치도,social_cross_inflow,자연감소 ↓ + 순이동 ↑,-553.0,-678.0,-125.0,-606.0,70.0,676.0,-0.1502879826457151,0.018282552751670376,0.3661986854727994,0.4742143711031984,0.169,자연적 인구감소가 나타나는 동시에 순유입이 나타난 지역,186,LOW
2021-07-01,전북특별자치도,social_double_decline,자연감소 ↓ + 순이동 ↓,-451.0,-501.0,-50.0,-267.0,-15.0,252.0,-0.1457713193593688,-0.004401344318827484,0.3865115311311116,0.2138901340236858,0.15,자연감소와 순유출이 동시에 강하게 나타난 지역,407,LOW
2022-02-01,전라남도,social_double_decline,자연감소 ↓ + 순이동 ↓,-618.0,-966.0,-348.0,-207.0,-239.0,-32.0,-0.009040050914572077,-0.13937401455339193,0.23534641062433978,-0.00575852097101552,0.148,자연감소와 순유출이 동시에 강하게 나타난 지역,408,LOW
2021-10-01,전라남도,social_double_decline,자연감소 ↓ + 순이동 ↓,-759.0,-951.0,-192.0,228.0,-100.0,-328.0,-0.10583408869221293,-0.033005984899673255,0.1366523015876574,-0.21757163827272036,0.139,자연감소와 순유출이 동시에 강하게 나타난 지역,409,LOW
2020-05-01,충청북도,social_cross_inflow,자연감소 ↓ + 순이동 ↑,-164.0,-199.0,-35.0,474.0,242.0,-232.0,-0.0540738688922085,0.08110305613423352,0.4071895388523819,-0.1849682489475579,0.135,자연적 인구감소가 나타나는 동시에 순유입이 나타난 지역,187,LOW
2022-05-01,경상북도,social_double_decline,자연감소 ↓ + 순이동 ↓,-873.0,-1212.0,-339.0,1327.0,-29.0,-1356.0,-0.1141299443153235,-0.01928738073841752,0.20175097781798967,-0.6761316653800965,0.133,자연감소와 순유출이 동시에 강하게 나타난 지역,410,LOW
2018-12-01,강원특별자치도,social_double_decline,자연감소 ↓ + 순이동 ↓,-472.0,-503.0,-31.0,1139.0,-127.0,-1266.0,-0.09147441969342926,-0.029421044227616152,0.3945136335574242,-0.7972483743204652,0.121,자연감소와 순유출이 동시에 강하게 나타난 지역,411,LOW
2020-07-01,대구광역시,social_cross_inflow,자연감소 ↓ + 순이동 ↑,-16.0,-155.0,-139.0,-1788.0,112.0,1900.0,-0.08174855232610227,0.03458980144302981,0.27930032618772904,1.5248040488404555,0.116,자연적 인구감소가 나타나는 동시에 순유입이 나타난 지역,188,LOW
2021-02-01,충청북도,social_double_decline,자연감소 ↓ + 순이동 ↓,-264.0,-308.0,-44.0,-497.0,-273.0,224.0,-0.04439759515568928,-0.04815968516282677,-0.7547172688997221,0.061519442993500276,0.093,자연감소와 순유출이 동시에 강하게 나타난 지역,412,LOW
2022-04-01,경상북도,social_double_decline,자연감소 ↓ + 순이동 ↓,-742.0,-1862.0,-1120.0,1133.0,-81.0,-1214.0,-0.03756407887445851,-0.051415493852074355,0.11530893340241644,-0.4572551584905599,0.089,자연감소와 순유출이 동시에 강하게 나타난 지역,413,LOW
2020-08-01,충청남도,social_cross_inflow,자연감소 ↓ + 순이동 ↑,-163.0,-388.0,-225.0,-92.0,24.0,116.0,-0.0840453105038673,0.005068505548622567,0.20978945158036474,0.11321840781638803,0.089,자연적 인구감소가 나타나는 동시에 순유입이 나타난 지역,189,LOW
2020-12-01,경상남도,social_double_decline,자연감소 ↓ + 순이동 ↓,-705.0,-853.0,-148.0,-307.0,-94.0,213.0,-0.030445839257454477,-0.021527310624060433,0.11212919405436851,0.10693666315116825,0.052,자연감소와 순유출이 동시에 강하게 나타난 지역,414,LOW
