"행정구역(시군구)별","항목","단위","2000.01 월","2000.02 월","2000.03 월","2000.04 월","2000.05 월","2000.06 월","2000.07 월","2000.08 월","2000.09 월","2000.10 월","2000.11 월","2000.12 월","2001.01 월","2001.02 월","2001.03 월","2001.04 월","2001.05 월","2001.06 월","2001.07 월","2001.08 월","2001.09 월","2001.10 월","2001.11 월","2001.12 월","2002.01 월","2002.02 월","2002.03 월","2002.04 월","2002.05 월","2002.06 월","2002.07 월","2002.08 월","2002.09 월","2002.10 월","2002.11 월","2002.12 월","2003.01 월","2003.02 월","2003.03 월","2003.04 월","2003.05 월","2003.06 월","2003.07 월","2003.08 월","2003.09 월","2003.10 월","2003.11 월","2003.12 월","2004.01 월","2004.02 월","2004.03 월","2004.04 월","2004.05 월","2004.06 월","2004.07 월","2004.08 월","2004.09 월","2004.10 월","2004.11 월","2004.12 월","2005.01 월","2005.02 월","2005.03 월","2005.04 월","2005.05 월","2005.06 월","2005.07 월","2005.08 월","2005.09 월","2005.10 월","2005.11 월","2005.12 월","2006.01 월","2006.02 월","2006.03 월","2006.04 월","2006.05 월","2006.06 월","2006.07 월","2006.08 월","2006.09 월","2006.10 월","2006.11 월","2006.12 월","2007.01 월","2007.02 월","2007.03 월","2007.04 월","2007.05 월","2007.06 월","2007.07 월","2007.08 월","2007.09 월","2007.10 월","2007.11 월","2007.12 월","2008.01 월","2008.02 월","2008.03 월","2008.04 월","2008.05 월","2008.06 월","2008.07 월","2008.08 월","2008.09 월","2008.10 월","2008.11 월","2008.12 월","2009.01 월","2009.02 월","2009.03 월","2009.04 월","2009.05 월","2009.06 월","2009.07 월","2009.08 월","2009.09 월","2009.10 월","2009.11 월","2009.12 월","2010.01 월","2010.02 월","2010.03 월","2010.04 월","2010.05 월","2010.06 월","2010.07 월","2010.08 월","2010.09 월","2010.10 월","2010.11 월","2010.12 월","2011.01 월","2011.02 월","2011.03 월","2011.04 월","2011.05 월","2011.06 월","2011.07 월","2011.08 월","2011.09 월","2011.10 월","2011.11 월","2011.12 월","2012.01 월","2012.02 월","2012.03 월","2012.04 월","2012.05 월","2012.06 월","2012.07 월","2012.08 월","2012.09 월","2012.10 월","2012.11 월","2012.12 월","2013.01 월","2013.02 월","2013.03 월","2013.04 월","2013.05 월","2013.06 월","2013.07 월","2013.08 월","2013.09 월","2013.10 월","2013.11 월","2013.12 월","2014.01 월","2014.02 월","2014.03 월","2014.04 월","2014.05 월","2014.06 월","2014.07 월","2014.08 월","2014.09 월","2014.10 월","2014.11 월","2014.12 월","2015.01 월","2015.02 월","2015.03 월","2015.04 월","2015.05 월","2015.06 월","2015.07 월","2015.08 월","2015.09 월","2015.10 월","2015.11 월","2015.12 월","2016.01 월","2016.02 월","2016.03 월","2016.04 월","2016.05 월","2016.06 월","2016.07 월","2016.08 월","2016.09 월","2016.10 월","2016.11 월","2016.12 월","2017.01 월","2017.02 월","2017.03 월","2017.04 월","2017.05 월","2017.06 월","2017.07 월","2017.08 월","2017.09 월","2017.10 월","2017.11 월","2017.12 월","2018.01 월","2018.02 월","2018.03 월","2018.04 월","2018.05 월","2018.06 월","2018.07 월","2018.08 월","2018.09 월","2018.10 월","2018.11 월","2018.12 월","2019.01 월","2019.02 월","2019.03 월","2019.04 월","2019.05 월","2019.06 월","2019.07 월","2019.08 월","2019.09 월","2019.10 월","2019.11 월","2019.12 월","2020.01 월","2020.02 월","2020.03 월","2020.04 월","2020.05 월","2020.06 월","2020.07 월","2020.08 월","2020.09 월","2020.10 월","2020.11 월","2020.12 월","2021.01 월","2021.02 월","2021.03 월","2021.04 월","2021.05 월","2021.06 월","2021.07 월","2021.08 월","2021.09 월","2021.10 월","2021.11 월","2021.12 월","2022.01 월","2022.02 월","2022.03 월","2022.04 월","2022.05 월","2022.06 월",
"전국","총전입[명]","명","644021","855702","927946","786132","827626","722504","594744","675735","639959","827985","799595","707492","567295","849901","924516","827985","799426","756094","660128","737577","720153","786230","818508","842136","771528","846266","962179","926440","875948","664431","656026","716545","693391","884385","831966","755356","670655","874247","881150","825703","822174","797055","715792","730735","690600","870288","781768","856438","658070","892854","907340","709983","675565","658075","594388","690342","579672","687721","724350","789435","661039","767304","871252","759958","747547","692569","601199","756471","689169","720869","748464","779556","680685","941854","955211","752611","761311","747841","603773","713278","692121","748367","838983","906039","870481","899570","836839","741193","735973","630810","627353","719574","591931","857977","774668","783733","780030","899237","845111","785865","741984","703925","691177","673647","642956","717175","626139","701010","582164","847598","841214","705290","669378","685789","671305","683893","670762","708767","678715","742400","631545","783081","882541","709932","663632","648218","602993","655501","552496","670594","698948","727113","640249","786551","824688","673541","672248","630295","575022","704132","593848","653713","666142","706766","582501","819205","717005","630685","624944","542041","559846","584403","505118","643977","649081","647885","609016","721190","662370","629241","613463","586000","584697","558255","485965","637567","623006","701014","580370","757702","708559","651825","612796","586855","599827","582734","566855","669986","613783","697806","615130","663366","771122","649452","605725","650399","627098","618777","550423","653444","650197","700153","595130","709413","686126","564228","589428","567068","544890","641882","545720","616356","645286","672903","577151","748848","673351","532108","578011","541077","543286","628151","590892","528635","597466","615250","662283","697706","707829","593767","599570","543797","568604","592108","462112","637160","614814","617349","667227","702329","641449","587293","569020","484468","563622","565607","517785","594081","565735","645782","647272","780471","766192","614262","568965","606947","582941","614735","621468","604412","610204","717622","633309","705794","735225","593387","556711","543949","562851","590261","566346","539936","566662","618991","552315","664152","587154","482543","522938","477376",
"전국","총전출[명]","명","644021","855702","927946","786132","827626","722504","594744","675735","639959","827985","799595","707492","567295","849901","924516","827985","799426","756094","660128","737577","720153","786230","818508","842136","771528","846266","962179","926440","875948","664431","656026","716545","693391","884385","831966","755356","670655","874247","881150","825703","822174","797055","715792","730735","690600","870288","781768","856438","658070","892854","907340","709983","675565","658075","594388","690342","579672","687721","724350","789435","661039","767304","871252","759958","747547","692569","601199","756471","689169","720869","748464","779556","680685","941854","955211","752611","761311","747841","603773","713278","692121","748367","838983","906039","870481","899570","836839","741193","735973","630810","627353","719574","591931","857977","774668","783733","780030","899237","845111","785865","741984","703925","691177","673647","642956","717175","626139","701010","582164","847598","841214","705290","669378","685789","671305","683893","670762","708767","678715","742400","631545","783081","882541","709932","663632","648218","602993","655501","552496","670594","698948","727113","640249","786551","824688","673541","672248","630295","575022","704132","593848","653713","666142","706766","582501","819205","717005","630685","624944","542041","559846","584403","505118","643977","649081","647885","609016","721190","662370","629241","613463","586000","584697","558255","485965","637567","623006","701014","580370","757702","708559","651825","612796","586855","599827","582734","566855","669986","613783","697806","615130","663366","771122","649452","605725","650399","627098","618777","550423","653444","650197","700153","595130","709413","686126","564228","589428","567068","544890","641882","545720","616356","645286","672903","577151","748848","673351","532108","578011","541077","543286","628151","590892","528635","597466","615250","662283","697706","707829","593767","599570","543797","568604","592108","462112","637160","614814","617349","667227","702329","641449","587293","569020","484468","563622","565607","517785","594081","565735","645782","647272","780471","766192","614262","568965","606947","582941","614735","621468","604412","610204","717622","633309","705794","735225","593387","556711","543949","562851","590261","566346","539936","566662","618991","552315","664152","587154","482543","522938","477376",
"전국","순이동[명]","명","0","0","0","0","0","0","0","0","0","0","0","0","0","0","0","0","0","0","0","0","0","0","0","0","0","0","0","0","0","0","0","0","0","0","0","0","0","0","0","0","0","0","0","0","0","0","0","0","0","0","0","0","0","0","0","0","0","0","0","0","0","0","0","0","0","0","0","0","0","0","0","0","0","0","0","0","0","0","0","0","0","0","0","0","0","0","0","0","0","0","0","0","0","0","0","0","0","0","0","0","0","0","0","0","0","0","0","0","0","0","0","0","0","0","0","0","0","0","0","0","0","0","0","0","0","0","0","0","0","0","0","0","0","0","0","0","0","0","0","0","0","0","0","0","0","0","0","0","0","0","0","0","0","0","0","0","0","0","0","0","0","0","0","0","0","0","0","0","0","0","0","0","0","0","0","0","0","0","0","0","0","0","0","0","0","0","0","0","0","0","0","0","0","0","0","0","0","0","0","0","0","0","0","0","0","0","0","0","0","0","0","0","0","0","0","0","0","0","0","0","0","0","0","0","0","0","0","0","0","0","0","0","0","0","0","0","0","0","0","0","0","0","0","0","0","0","0","0","0","0","0","0","0","0","0","0","0","0","0","0","0","0","0","0","0","0","0","0","0","0",
"전국","시도간전입[명]","명","215385","295868","297431","240039","254151","228106","191495","220217","196619","247079","234471","224970","194748","297207","291662","247631","239843","236663","211877","241192","216194","237706","240513","276781","267942","281576","298779","273569","260802","195866","206777","237777","216052","264920","243822","246933","228416","305914","283958","248880","243454","238566","224836","234660","215562","259424","228616","295495","235128","310462","293169","222030","212320","208525","193284","229838","184554","213151","220970","270308","224649","263935","282221","235080","226407","215481","193662","247480","218785","218294","223322","265963","230545","317870","300431","227174","232831","226010","191768","238132","211694","224900","248734","296580","287857","301957","272150","234691","229992","200727","203544","240575","186822","268114","233555","262019","259125","300796","274324","240511","225929","213491","215590","218498","206462","216894","185770","234761","204166","294485","276258","214645","209944","216378","212562","226370","211331","217145","202179","243509","219023","277634","295537","224257","206954","201538","192580","221858","179171","205055","207535","231151","215742","273653","267680","207688","205372","196834","183175","231569","192549","201099","201996","227156","209901","299584","247315","201743","198624","175699","183333","201041","164309","207205","206323","217663","218841","266770","228785","199874","189601","176371","184219","186982","158302","197414","188525","227745","202980","275797","242713","207436","192849","181092","190091","189152","187024","210038","189437","239187","225641","246724","263921","205134","185119","201096","199088","204607","176300","206760","200371","236663","213247","265552","241386","185213","185791","183999","176965","213655","175104","191518","195450","225462","208389","280323","241021","177949","189641","178806","177679","210010","186067","163718","187381","209946","237398","253695","243880","194269","189499","174285","187698","201619","150906","198149","189694","208092","238826","261381","222344","189949","183192","156488","186208","189509","171021","184330","178556","223144","231962","275885","260220","187395","182973","198372","188806","199936","190091","184009","191698","242767","223695","250744","256965","193322","178931","179807","191169","202263","202465","175161","182410","210302","197420","256975","221881","165962","176825","162263",
"전국","시도간전출[명]","명","215385","295868","297431","240039","254151","228106","191495","220217","196619","247079","234471","224970","194748","297207","291662","247631","239843","236663","211877","241192","216194","237706","240513","276781","267942","281576","298779","273569","260802","195866","206777","237777","216052","264920","243822","246933","228416","305914","283958","248880","243454","238566","224836","234660","215562","259424","228616","295495","235128","310462","293169","222030","212320","208525","193284","229838","184554","213151","220970","270308","224649","263935","282221","235080","226407","215481","193662","247480","218785","218294","223322","265963","230545","317870","300431","227174","232831","226010","191768","238132","211694","224900","248734","296580","287857","301957","272150","234691","229992","200727","203544","240575","186822","268114","233555","262019","259125","300796","274324","240511","225929","213491","215590","218498","206462","216894","185770","234761","204166","294485","276258","214645","209944","216378","212562","226370","211331","217145","202179","243509","219023","277634","295537","224257","206954","201538","192580","221858","179171","205055","207535","231151","215742","273653","267680","207688","205372","196834","183175","231569","192549","201099","201996","227156","209901","299584","247315","201743","198624","175699","183333","201041","164309","207205","206323","217663","218841","266770","228785","199874","189601","176371","184219","186982","158302","197414","188525","227745","202980","275797","242713","207436","192849","181092","190091","189152","187024","210038","189437","239187","225641","246724","263921","205134","185119","201096","199088","204607","176300","206760","200371","236663","213247","265552","241386","185213","185791","183999","176965","213655","175104","191518","195450","225462","208389","280323","241021","177949","189641","178806","177679","210010","186067","163718","187381","209946","237398","253695","243880","194269","189499","174285","187698","201619","150906","198149","189694","208092","238826","261381","222344","189949","183192","156488","186208","189509","171021","184330","178556","223144","231962","275885","260220","187395","182973","198372","188806","199936","190091","184009","191698","242767","223695","250744","256965","193322","178931","179807","191169","202263","202465","175161","182410","210302","197420","256975","221881","165962","176825","162263",
"서울특별시","총전입[명]","명","136239","196167","231933","205487","209053","174700","151431","173899","167077","206559","200681","166181","120896","196648","232782","211720","200913","192603","177468","187375","181653","200978","200206","192542","170308","198509","238601","231896","214858","164665","162241","175745","175541","214217","204043","167427","139391","192362","213244","200954","197717","190757","176218","178206","170216","209109","193007","181542","137044","196922","216453","172707","164610","155623","134677","155642","128116","155164","152972","156305","129452","160365","194805","180653","176918","161699","142256","178385","163207","171058","169117","162834","138523","204573","221272","177245","184697","172585","143466","169072","161829","183434","200678","216533","198718","202764","195867","180422","177739","144758","141113","163741","134736","200133","173197","164857","159479","193293","192051","188578","185086","169842","165423","159850","151528","174800","141163","144265","121521","184736","191695","161899","153001","155661","150837","156384","152937","159980","141442","143095","121063","159643","190443","156519","145051","135487","128872","141136","120210","146446","144395","143750","124125","166687","182847","148582","149942","130326","123680","155031","128148","144601","136035","131744","111997","168586","153149","135660","133247","112473","115200","119234","105895","139686","134791","125363","118477","150805","138507","134581","130619","115773","118420","119171","103009","133368","119741","137619","111094","155429","148117","136230","129645","122547","128364","124922","117715","142279","124299","132953","116958","134168","160393","137743","132359","135400","130033","128717","112803","135505","132012","133340","113095","145256","140880","117029","123743","119398","110156","132319","117840","133610","130166","132110","114655","161130","143477","112932","124132","115236","113098","132940","120252","109323","114057","111705","119120","135440","144160","117443","117278","109139","112580","117300","92262","132111","125350","117524","128937","146401","135592","118129","110881","91828","111288","110592","103969","128067","113012","127797","131105","170587","164402","127208","117734","122292","115625","123804","127908","126788","117563","133111","114415","141936","151617","117475","112967","104704","111646","125161","110490","107123","108106","112547","100675","142156","122917","95228","104657","91205",
"서울특별시","총전출[명]","명","135267","190149","237393","207976","212656","181783","152659","174256","169657","217304","213950","173296","120488","191777","241052","224551","216686","207742","181959","197586","194295","213650","211921","208026","164737","198924","249993","246065","231609","175823","169589","184189","189151","228905","213806","171681","137834","187734","217783","208301","205279","198433","179964","183907","177020","217286","200721","197429","129615","191146","220894","175804","169387","159599","139401","158843","133183","161809","164476","169282","128063","157308","198710","186144","183726","169102","145441","182813","167230","176642","176131","170446","136209","197063","223734","181640","188794","177185","145171","170139","164437","190704","209112","226270","197061","200157","199503","186561","184204","150830","144519","166986","139501","207902","181195","172509","157137","191049","197108","195556","193623","179485","172767","165306","156744","179447","146542","148588","118091","177073","194061","166009","155342","157737","154211","160959","160673","169572","154968","156756","125187","164964","202749","168186","156874","144543","136818","148726","128763","156914","158592","155722","128449","170284","193708","158638","160262","140667","132400","164866","138099","154442","148919","144072","115378","171439","162181","144355","141626","120307","123953","128460","114085","151035","145921","140188","123006","155528","146220","144586","138830","124523","127308","126101","109528","142141","131098","151771","115366","158261","154260","144686","137232","130942","135883","130585","123841","151401","133467","145501","120013","138304","169767","148860","144035","149778","141756","141628","125689","150502","145622","150733","119949","153467","149700","127687","135701","131462","123001","146990","128750","146868","144748","147536","117173","162678","148176","119307","130722","121281","121341","141931","133583","120064","128744","126423","126275","142674","152138","127510","128576","117661","121981","126268","100223","142818","136685","127128","129031","143367","137242","122867","117209","97933","118365","118002","109435","133127","117720","131783","127159","167282","167806","134325","120443","126224","121544","131848","137952","137100","127049","144245","124855","151351","157833","127213","121276","112992","120075","133278","118609","116512","118660","121776","103083","138891","123192","99394","107739","93015",
"서울특별시","순이동[명]","명","972","6018","-5460","-2489","-3603","-7083","-1228","-357","-2580","-10745","-13269","-7115","408","4871","-8270","-12831","-15773","-15139","-4491","-10211","-12642","-12672","-11715","-15484","5571","-415","-11392","-14169","-16751","-11158","-7348","-8444","-13610","-14688","-9763","-4254","1557","4628","-4539","-7347","-7562","-7676","-3746","-5701","-6804","-8177","-7714","-15887","7429","5776","-4441","-3097","-4777","-3976","-4724","-3201","-5067","-6645","-11504","-12977","1389","3057","-3905","-5491","-6808","-7403","-3185","-4428","-4023","-5584","-7014","-7612","2314","7510","-2462","-4395","-4097","-4600","-1705","-1067","-2608","-7270","-8434","-9737","1657","2607","-3636","-6139","-6465","-6072","-3406","-3245","-4765","-7769","-7998","-7652","2342","2244","-5057","-6978","-8537","-9643","-7344","-5456","-5216","-4647","-5379","-4323","3430","7663","-2366","-4110","-2341","-2076","-3374","-4575","-7736","-9592","-13526","-13661","-4124","-5321","-12306","-11667","-11823","-9056","-7946","-7590","-8553","-10468","-14197","-11972","-4324","-3597","-10861","-10056","-10320","-10341","-8720","-9835","-9951","-9841","-12884","-12328","-3381","-2853","-9032","-8695","-8379","-7834","-8753","-9226","-8190","-11349","-11130","-14825","-4529","-4723","-7713","-10005","-8211","-8750","-8888","-6930","-6519","-8773","-11357","-14152","-4272","-2832","-6143","-8456","-7587","-8395","-7519","-5663","-6126","-9122","-9168","-12548","-3055","-4136","-9374","-11117","-11676","-14378","-11723","-12911","-12886","-14997","-13610","-17393","-6854","-8211","-8820","-10658","-11958","-12064","-12845","-14671","-10910","-13258","-14582","-15426","-2518","-1548","-4699","-6375","-6590","-6045","-8243","-8991","-13331","-10741","-14687","-14718","-7155","-7234","-7978","-10067","-11298","-8522","-9401","-8968","-7961","-10707","-11335","-9604","-94","3034","-1650","-4738","-6328","-6105","-7077","-7410","-5466","-5060","-4708","-3986","3946","3305","-3404","-7117","-2709","-3932","-5919","-8044","-10044","-10312","-9486","-11134","-10440","-9415","-6216","-9738","-8309","-8288","-8429","-8117","-8119","-9389","-10554","-9229","-2408","3265","-275","-4166","-3082","-1810",
"서울특별시","시도간전입[명]","명","47202","68712","66635","56205","59066","48291","43925","50353","45000","53944","50152","47493","41860","68220","64662","53477","51263","49413","49214","52833","46772","52540","52370","55084","60653","64793","64326","58309","53547","41349","44882","51475","46052","55877","53182","50959","48344","66740","60687","53386","53059","49830","49227","49851","45695","54719","48490","53002","51361","68610","62789","49146","45137","44178","39673","47917","37922","43543","41875","48736","46108","57363","59181","50665","47477","44070","41780","53534","47887","47010","46749","51212","49428","72009","66826","49587","52317","49709","43593","53697","48268","50093","54992","62280","64953","67957","59270","51047","50214","42342","44182","51658","40121","57179","48418","52100","55292","65078","58004","52107","49329","45102","46995","47815","44709","48130","39325","47259","44657","66440","60434","46741","46719","48084","46607","49211","45583","45964","39766","46127","44040","57197","59284","45303","41672","40310","39412","45077","35874","41350","39799","43989","42897","56074","52957","40435","40632","36833","35733","45945","37054","39396","37764","40906","40179","60750","48528","39675","38859","33671","35228","38283","31864","39946","39918","39080","42643","53503","44724","38414","37080","33307","35581","37150","31024","37889","34357","41410","39483","56381","47673","39127","36827","33870","36515","37484","34672","38200","34204","41135","42915","47728","49622","37092","33344","34972","35731","36905","31020","35946","35255","39372","39518","51347","46540","33748","33834","33858","32178","39909","33180","35713","34752","39110","41079","57484","48006","33825","35872","34300","33519","40083","33826","29140","31934","35062","44300","49281","48381","36088","34524","32597","35180","38813","29371","37723","35568","38305","48430","55811","46326","37599","35753","29815","36597","37660","34136","36760","34445","42534","49624","60778","54152","36535","37495","39940","37801","40372","37935","35444","35866","44072","39144","47984","52216","36371","34265","33918","36403","40193","36644","32171","33619","38195","37935","55283","46005","32079","35383","32439",
"서울특별시","시도간전출[명]","명","46230","62694","72095","58694","62669","55374","45153","50710","47580","64689","63421","54608","41452","63349","72932","66308","67036","64552","53705","63044","59414","65212","64085","70568","55082","65208","75718","72478","70298","52507","52230","59919","59662","70565","62945","55213","46787","62112","65226","60733","60621","57506","52973","55552","52499","62896","56204","68889","43932","62834","67230","52243","49914","48154","44397","51118","42989","50188","53379","61713","44719","54306","63086","56156","54285","51473","44965","57962","51910","52594","53763","58824","47114","64499","69288","53982","56414","54309","45298","54764","50876","57363","63426","72017","63296","65350","62906","57186","56679","48414","47588","54903","44886","64948","56416","59752","52950","62834","63061","59085","57866","54745","54339","53271","49925","52777","44704","51582","41227","58777","62800","50851","49060","50160","49981","53786","53319","55556","53292","59788","48164","62518","71590","56970","53495","49366","47358","52667","44427","51818","53996","55961","47221","59671","63818","50491","50952","47174","44453","55780","47005","49237","50648","53234","43560","63603","57560","48370","47238","41505","43981","47509","40054","51295","51048","53905","47172","58226","52437","48419","45291","42057","44469","44080","37543","46662","45714","55562","43755","59213","53816","47583","44414","42265","44034","43147","40798","47322","43372","53683","45970","51864","58996","48209","45020","49350","47454","49816","43906","50943","48865","56765","46372","59558","55360","44406","45792","45922","45023","54580","44090","48971","49334","54536","43597","59032","52705","40200","42462","40345","41762","49074","47157","39881","46621","49780","51455","56515","56359","46155","45822","41119","44581","47781","37332","48430","46903","47909","48524","52777","47976","42337","42081","35920","43674","45070","39602","41820","39153","46520","45678","57473","57556","43652","40204","43872","43720","48416","47979","45756","45352","55206","49584","57399","58432","46109","42574","42206","44832","48310","44763","41560","44173","47424","40343","52018","46280","36245","38465","34249",
"부산광역시","총전입[명]","명","44752","54403","56905","56608","56273","49046","40773","41990","38218","54896","53904","48207","41356","54621","53021","56535","51141","49091","42369","46903","46267","49818","58246","55282","48814","51543","57822","55315","57969","44097","39909","40825","39766","53195","57594","54087","48834","55915","52300","57617","58236","52147","44357","46706","45356","58396","53308","52183","42390","55959","53754","46476","41962","43544","38378","42151","37964","43585","45804","47141","45841","50030","54319","49295","49036","42957","36126","43228","40466","45599","46000","49874","42388","60143","56279","51738","48989","47014","33387","39920","41711","42013","46711","49622","51144","51641","48297","41564","46600","38613","35420","39277","34866","49366","45282","47273","48901","53051","45757","47996","46084","40612","38059","36503","36220","41348","37095","42876","35783","51662","46758","44760","41413","43081","42769","39523","40703","42674","41865","48319","39712","48964","52456","43291","42703","43419","38170","40243","34120","41946","45063","49247","42463","48745","47150","44088","45498","45693","35495","41101","33920","38672","41632","43586","36197","47425","38875","38855","39809","33087","38675","36295","30808","39337","39924","41755","39348","42857","39546","40603","40967","40432","40876","35986","31231","40603","40244","45758","38460","46888","40360","41140","38604","38505","35200","36033","35922","47271","39753","47574","42779","41778","45511","40628","40734","45563","47288","38816","32915","39877","42243","48899","41272","43080","39742","36072","37470","36668","32635","38613","32336","38232","40842","42053","37605","48737","39566","34002","36958","34064","35266","40356","34958","29670","33845","34046","35923","39119","42516","34794","37839","31839","33669","33825","25264","35078","32578","33651","36919","40717","36425","34980","33041","28661","30839","33338","29878","33781","34356","38769","39722","49369","47666","41008","34761","36788","36602","40469","38650","38388","40683","47723","42765","44676","42381","36090","37416","34889","35381","35018","32331","30653","32278","37445","38434","44855","33217","27600","31395","30341",
"부산광역시","총전출[명]","명","48043","58020","60569","60708","61454","54578","42848","45247","41084","58224","57761","51133","42780","58131","56528","60164","55147","53121","44080","49296","49381","54213","62379","60618","52174","54184","62454","60215","64072","48187","42787","44465","43722","59304","62885","55929","50310","60213","57782","62627","63042","56617","45483","49613","46829","61603","56441","57058","42041","57754","57556","50281","46088","47019","40454","43612","39836","46437","49594","51665","46095","52328","58263","53332","53284","46987","38482","46153","42960","48224","49896","53742","44789","62553","59972","55122","52558","49651","35345","41912","43829","44078","50363","54429","53654","54177","51395","44882","49514","40866","37955","42975","37123","52760","48921","51197","50671","56342","49369","50779","49302","44072","40736","39016","38431","44493","39751","46144","36874","53760","49511","47213","44091","45513","45583","41922","42867","45191","44951","51618","42116","51054","56059","46464","45867","45087","39868","42377","35933","42667","47925","52383","44435","49530","49511","46729","46334","45716","38407","44306","36524","41208","43100","47106","38111","48751","40942","40963","42552","35055","39419","37951","32273","40989","41475","43171","40048","42807","41004","41548","42906","42798","42931","37829","32143","42438","41335","48374","39924","46549","42710","43894","41125","39320","36809","36818","36321","42703","43431","51198","44777","42461","48181","41680","41168","44395","46543","40553","34987","41633","43674","50539","42010","43750","41040","37103","39189","38781","34565","40144","34284","40719","43346","45476","39613","50027","41622","35946","39318","36628","37237","41103","36416","34419","37390","37752","38872","40397","44725","37164","40348","34332","36040","35865","26627","37450","34612","36422","39477","42394","38345","37090","34874","30417","32763","35235","31268","36011","36038","41146","41100","49592","48065","41966","35680","38688","37691","41728","39572","39716","42017","50361","44537","45650","44336","38175","38941","36670","37477","36731","32452","32268","33785","39204","39047","45329","35205","29188","32516","31067",
"부산광역시","순이동[명]","명","-3291","-3617","-3664","-4100","-5181","-5532","-2075","-3257","-2866","-3328","-3857","-2926","-1424","-3510","-3507","-3629","-4006","-4030","-1711","-2393","-3114","-4395","-4133","-5336","-3360","-2641","-4632","-4900","-6103","-4090","-2878","-3640","-3956","-6109","-5291","-1842","-1476","-4298","-5482","-5010","-4806","-4470","-1126","-2907","-1473","-3207","-3133","-4875","349","-1795","-3802","-3805","-4126","-3475","-2076","-1461","-1872","-2852","-3790","-4524","-254","-2298","-3944","-4037","-4248","-4030","-2356","-2925","-2494","-2625","-3896","-3868","-2401","-2410","-3693","-3384","-3569","-2637","-1958","-1992","-2118","-2065","-3652","-4807","-2510","-2536","-3098","-3318","-2914","-2253","-2535","-3698","-2257","-3394","-3639","-3924","-1770","-3291","-3612","-2783","-3218","-3460","-2677","-2513","-2211","-3145","-2656","-3268","-1091","-2098","-2753","-2453","-2678","-2432","-2814","-2399","-2164","-2517","-3086","-3299","-2404","-2090","-3603","-3173","-3164","-1668","-1698","-2134","-1813","-721","-2862","-3136","-1972","-785","-2361","-2641","-836","-23","-2912","-3205","-2604","-2536","-1468","-3520","-1914","-1326","-2067","-2108","-2743","-1968","-744","-1656","-1465","-1652","-1551","-1416","-700","50","-1458","-945","-1939","-2366","-2055","-1843","-912","-1835","-1091","-2616","-1464","339","-2350","-2754","-2521","-815","-1609","-785","-399","4568","-3678","-3624","-1998","-683","-2670","-1052","-434","1168","745","-1737","-2072","-1756","-1431","-1640","-738","-670","-1298","-1031","-1719","-2113","-1930","-1531","-1948","-2487","-2504","-3423","-2008","-1290","-2056","-1944","-2360","-2564","-1971","-747","-1458","-4749","-3545","-3706","-2949","-1278","-2209","-2370","-2509","-2493","-2371","-2040","-1363","-2372","-2034","-2771","-2558","-1677","-1920","-2110","-1833","-1756","-1924","-1897","-1390","-2230","-1682","-2377","-1378","-223","-399","-958","-919","-1900","-1089","-1259","-922","-1328","-1334","-2638","-1772","-974","-1955","-2085","-1525","-1781","-2096","-1713","-121","-1615","-1507","-1759","-613","-474","-1988","-1588","-1121","-726",
"부산광역시","시도간전입[명]","명","10840","14427","13551","11156","11249","9814","8943","10059","8657","10837","10156","10215","10005","14423","12990","11129","10257","9923","9457","10572","9315","9931","10860","10807","12357","13195","13174","11712","12075","8880","9270","10302","9294","11155","11723","13677","12235","15007","13005","11410","11072","10835","11779","12201","11139","12329","10844","12267","12477","15836","13738","10195","9308","9550","9011","11474","8914","9771","9781","11619","12222","13438","13830","10463","10165","9526","8945","11185","9675","9958","9342","12014","10887","16119","13603","10476","10187","10003","8506","10742","9404","9591","9903","11911","13470","14635","12678","10022","10156","9125","9255","10558","8470","11884","9853","11521","13605","14879","12645","11047","9783","8692","9137","9484","9187","9314","8264","10587","10455","15212","12955","10108","9611","9948","9977","10320","9923","9583","8630","11184","10881","13984","13580","9931","9180","9842","8888","10321","8183","10810","9353","10851","11083","14934","13082","10307","11445","12283","8487","10645","8791","9520","10258","10278","10759","15522","11946","9757","9167","8028","9216","9589","7498","9300","9346","10446","11397","14430","11570","9739","9020","8805","8967","8869","7772","9152","9591","10787","10569","15934","12196","9713","9300","9503","9014","9616","9991","15552","9397","11643","11865","13395","13020","10365","9790","12155","11751","9937","8228","9885","9178","11117","11133","14009","11996","9770","9163","8723","7951","10349","7968","8313","8749","10370","10334","14972","11701","8365","8948","8599","8984","12210","9645","6631","8043","9035","10907","12769","11564","8416","8334","7397","7987","8998","6548","8118","7645","8700","10775","13655","10617","8515","8376","6920","8053","8473","7661","7782","8054","10713","11573","14829","13709","9739","8609","8802","8758","9318","8537","7921","8607","11136","11209","13589","12463","8629","8150","8132","8649","9155","10359","7598","8321","9912","10281","14380","10370","7470","8330","7972",
"부산광역시","시도간전출[명]","명","14131","18044","17215","15256","16430","15346","11018","13316","11523","14165","14013","13141","11429","17933","16497","14758","14263","13953","11168","12965","12429","14326","14993","16143","15717","15836","17806","16612","18178","12970","12148","13942","13250","17264","17014","15519","13711","19305","18487","16420","15878","15305","12905","15108","12612","15536","13977","17142","12128","17631","17540","14000","13434","13025","11087","12935","10786","12623","13571","16143","12476","15736","17774","14500","14413","13556","11301","14110","12169","12583","13238","15882","13288","18529","17296","13860","13756","12640","10464","12734","11522","11656","13555","16718","15980","17171","15776","13340","13070","11378","11790","14256","10727","15278","13492","15445","15375","18170","16257","13830","13001","12152","11814","11997","11398","12459","10920","13855","11546","17310","15708","12561","12289","12380","12791","12719","12087","12100","11716","14483","13285","16074","17183","13104","12344","11510","10586","12455","9996","11531","12215","13987","13055","15719","15443","12948","12281","12306","11399","13850","11395","12056","11726","13798","12673","16848","14013","11865","11910","9996","9960","11245","8963","10952","10897","11862","12097","14380","13028","10684","10959","11171","11022","10712","8684","10987","10682","13403","12033","15595","14546","12467","11821","10318","10623","10401","10390","10984","13075","15267","13863","14078","15690","11417","10224","10987","11006","11674","10300","11641","10609","12757","11871","14679","13294","10801","10882","10836","9881","11880","9916","10800","11253","13793","12342","16262","13757","10309","11308","11163","10955","12957","11103","11380","11588","12741","13856","14047","13773","10786","10843","9890","10358","11038","7911","10490","9679","11471","13333","15332","12537","10625","10209","8676","9977","10370","9051","10012","9736","13090","12951","15052","14108","10697","9528","10702","9847","10577","9459","9249","9941","13774","12981","14563","14418","10714","9675","9913","10745","10868","10480","9213","9828","11671","10894","14854","12358","9058","9451","8698",
"대구광역시","총전입[명]","명","38753","45446","50467","40957","43791","34957","33866","38108","31570","43488","39505","36687","30931","43729","45219","40242","39989","35059","30284","34600","32985","39772","38707","37381","39995","41926","45332","43163","41445","35906","35075","34130","32155","44403","39692","33672","41981","49980","42494","39855","38024","41358","34251","38915","37811","47026","37525","38295","40903","47041","42362","34491","32036","34418","28148","30982","26591","33387","33724","34195","34261","39421","42506","37239","39000","35647","30203","36877","32331","36353","37258","39254","34507","44664","42430","35913","34787","34333","25749","34172","35558","34197","35950","36157","39252","42014","35822","32973","34323","26859","26327","31266","26562","38282","33849","32324","35917","42581","38225","33931","30824","28654","31348","30224","30093","34839","36851","36451","30547","44202","40133","33267","31104","31334","31539","30079","29664","33816","29974","32967","29281","36912","38659","31423","29961","30309","26000","29200","24030","31646","31059","32337","28708","36646","36842","31887","31577","29074","26093","30210","27057","29449","30442","32578","26558","39109","33126","30114","29957","25008","24488","26633","23033","29162","31607","29847","27304","31927","29535","29874","33939","31582","28359","26182","23283","30517","28429","30942","28927","36448","33232","28486","27424","25710","25016","24952","25071","33552","29528","31867","27783","32344","35197","29935","29981","30472","28837","26924","24619","28104","28060","29168","24526","32349","30695","25406","25379","24418","25905","31352","23401","26049","29511","29237","26169","33146","27779","22568","23786","22260","23072","27528","26579","27594","32466","28235","28490","30043","28106","24869","27231","25197","24368","25783","22128","29869","27042","28032","31522","31388","25283","23461","26878","23153","24443","23526","21813","25688","25901","29363","27781","31388","36165","26826","24351","27178","26988","27297","28632","26952","30151","33539","29456","31395","30967","25138","22295","21466","22869","22394","21675","22422","25251","29433","23172","27106","26616","22179","21296","19989",
"대구광역시","총전출[명]","명","37597","44112","51196","41307","44393","36034","33877","37480","31580","44757","40395","38219","30677","43301","46759","41620","41047","36635","30869","35538","33781","40217","40276","42411","39248","40958","47415","44401","43413","36069","35170","33947","32706","44467","40080","38661","38413","48273","44209","41340","39636","43262","34211","38466","36724","47443","38081","40513","38143","46246","44283","35846","33183","34964","29479","32352","27938","35266","36107","37798","34578","40311","45246","39956","41620","37953","31371","38773","34034","38597","39640","43221","36675","48056","46699","38808","37258","35158","26461","34811","36087","35861","38128","40074","39629","42286","38109","34574","35346","28054","27309","32385","27455","40968","35507","34776","35941","42827","41106","35067","31797","29923","32325","30869","30676","35964","37385","38796","30331","44091","41806","34551","32706","32435","32559","30855","30252","34475","31095","36132","29373","37575","41280","33436","31444","30151","26774","29856","24292","32412","32059","34005","28997","37156","38657","33165","32384","29975","26936","30786","28310","30566","31554","34824","25981","39608","34665","31183","30986","25771","25217","26839","23812","30289","32035","32820","28628","32886","30340","30197","34450","33461","29103","27073","23627","31260","29182","33017","29203","37992","33682","30083","29341","26529","26416","26653","31165","32533","29179","32963","29003","32999","36576","30925","30379","31860","29805","27818","25315","29519","29009","31156","25013","34137","31709","26339","26570","25286","26394","31272","23797","26702","29775","30494","26266","33613","28957","23205","24772","22875","23807","29406","28440","28787","33341","29649","29154","30886","29525","26028","28667","25648","25312","27367","23135","31250","28238","30190","32735","33654","27708","25185","28792","24933","26231","25451","23294","27452","27825","32832","29106","34810","35181","28545","26618","28145","26876","26926","29824","29303","32114","36635","31595","33897","33844","27429","24686","23620","24618","24276","22321","24117","27057","31620","24337","29400","26248","23023","22695","20927",
"대구광역시","순이동[명]","명","1156","1334","-729","-350","-602","-1077","-11","628","-10","-1269","-890","-1532","254","428","-1540","-1378","-1058","-1576","-585","-938","-796","-445","-1569","-5030","747","968","-2083","-1238","-1968","-163","-95","183","-551","-64","-388","-4989","3568","1707","-1715","-1485","-1612","-1904","40","449","1087","-417","-556","-2218","2760","795","-1921","-1355","-1147","-546","-1331","-1370","-1347","-1879","-2383","-3603","-317","-890","-2740","-2717","-2620","-2306","-1168","-1896","-1703","-2244","-2382","-3967","-2168","-3392","-4269","-2895","-2471","-825","-712","-639","-529","-1664","-2178","-3917","-377","-272","-2287","-1601","-1023","-1195","-982","-1119","-893","-2686","-1658","-2452","-24","-246","-2881","-1136","-973","-1269","-977","-645","-583","-1125","-534","-2345","216","111","-1673","-1284","-1602","-1101","-1020","-776","-588","-659","-1121","-3165","-92","-663","-2621","-2013","-1483","158","-774","-656","-262","-766","-1000","-1668","-289","-510","-1815","-1278","-807","-901","-843","-576","-1253","-1117","-1112","-2246","577","-499","-1539","-1069","-1029","-763","-729","-206","-779","-1127","-428","-2973","-1324","-959","-805","-323","-511","-1879","-744","-891","-344","-743","-753","-2075","-276","-1544","-450","-1597","-1917","-819","-1400","-1701","-6094","1019","349","-1096","-1220","-655","-1379","-990","-398","-1388","-968","-894","-696","-1415","-949","-1988","-487","-1788","-1014","-933","-1191","-868","-489","80","-396","-653","-264","-1257","-97","-467","-1178","-637","-986","-615","-735","-1878","-1861","-1193","-875","-1414","-664","-843","-1419","-1159","-1436","-451","-944","-1584","-1007","-1381","-1196","-2158","-1213","-2266","-2425","-1724","-1914","-1780","-1788","-1925","-1481","-1764","-1924","-3469","-1325","-3422","984","-1719","-2267","-967","112","371","-1192","-2351","-1963","-3096","-2139","-2502","-2877","-2291","-2391","-2154","-1749","-1882","-646","-1695","-1806","-2187","-1165","-2294","368","-844","-1399","-938",
"대구광역시","시도간전입[명]","명","10106","13493","11872","8757","9333","7554","7147","9041","7208","8675","8346","8605","8802","13148","10707","8365","8377","7416","7084","8205","7089","8112","7866","8579","12016","12110","10470","9043","8315","6813","7481","8744","7056","9218","8304","8482","12305","14037","9716","8105","8144","8049","8376","9249","9160","10085","8207","10075","11897","13690","10368","7541","7147","7404","6602","7943","6241","7446","7141","9311","9666","11040","10015","7722","7653","7247","7112","8804","7691","7380","8209","10354","9180","12240","9711","7510","7462","7841","6639","8876","7792","7341","7933","9923","11639","12539","9168","7814","7820","6466","6897","8077","6234","8697","7977","8656","10591","12379","9386","7991","7290","6574","7039","7429","7344","7317","6939","8546","8867","12970","10207","7598","7349","7464","7603","7983","7321","7427","6669","8413","9203","11273","10241","7460","6831","7615","6655","8060","6377","7136","7139","8178","8716","11034","9437","7406","6994","6751","6467","8130","6732","6885","7205","8311","9418","12601","9099","7200","6883","6226","6244","7669","5875","7121","8178","7467","8631","10607","9194","8320","7993","6487","6731","6781","6233","7363","7074","8352","8781","10932","10272","7663","6568","6635","6308","6682","6454","9349","7703","10224","9167","10322","9870","7062","6839","7029","7099","7023","6021","6810","6867","8130","8298","10503","9015","6471","6129","6039","6145","7780","5890","6299","6973","7964","8332","11193","8620","6176","6361","6020","5951","6773","5937","5515","6685","7476","9145","10048","8255","6527","6465","6312","6368","6845","5134","6647","6515","7276","8983","9613","7429","6274","6073","5196","6129","6098","5763","5903","6106","7683","8757","9349","12066","6691","5902","7017","7239","7274","6412","5550","6395","8528","8405","9089","8633","6355","5675","5750","6379","6626","7517","5527","5770","7350","7385","9653","10403","6169","5921","5697",
"대구광역시","시도간전출[명]","명","8950","12159","12601","9107","9935","8631","7158","8413","7218","9944","9236","10137","8548","12720","12247","9743","9435","8992","7669","9143","7885","8557","9435","13609","11269","11142","12553","10281","10283","6976","7576","8561","7607","9282","8692","13471","8737","12330","11431","9590","9756","9953","8336","8800","8073","10502","8763","12293","9137","12895","12289","8896","8294","7950","7933","9313","7588","9325","9524","12914","9983","11930","12755","10439","10273","9553","8280","10700","9394","9624","10591","14321","11348","15632","13980","10405","9933","8666","7351","9515","8321","9005","10111","13840","12016","12811","11455","9415","8843","7661","7879","9196","7127","11383","9635","11108","10615","12625","12267","9127","8263","7843","8016","8074","7927","8442","7473","10891","8651","12859","11880","8882","8951","8565","8623","8759","7909","8086","7790","11578","9295","11936","12862","9473","8314","7457","7429","8716","6639","7902","8139","9846","9005","11544","11252","8684","7801","7652","7310","8706","7985","8002","8317","10557","8841","13100","10638","8269","7912","6989","6973","7875","6654","8248","8606","10440","9955","11566","9999","8643","8504","8366","7475","7672","6577","8106","7827","10427","9057","12476","10722","9260","8485","7454","7708","8383","12548","8330","7354","11320","10387","10977","11249","8052","7237","8417","8067","7917","6717","8225","7816","10118","8785","12291","10029","7404","7320","6907","6634","7700","6286","6952","7237","9221","8429","11660","9798","6813","7347","6635","6686","8651","7798","6708","7560","8890","9809","10891","9674","7686","7901","6763","7312","8429","6141","8028","7711","9434","10196","11879","9854","7998","7987","6976","7917","8023","7244","7667","8030","11152","10082","12771","11082","8410","8169","7984","7127","6903","7604","7901","8358","11624","10544","11591","11510","8646","8066","7904","8128","8508","8163","7222","7576","9537","8550","11947","10035","7013","7320","6635",
"인천광역시","총전입[명]","명","29799","40307","51870","50479","53022","49312","34941","40188","40595","57900","47891","35014","26320","40208","52569","53426","51309","44075","39914","44067","43545","47203","45263","38943","36925","40728","52859","57342","52278","39126","37988","42037","40670","53193","48784","38882","31793","41588","46698","45731","50842","45088","40817","40301","40719","48393","40863","37514","28441","41115","45456","39306","38469","36569","31595","38827","36196","43370","42049","41442","33612","39057","47948","44700","45730","40541","36983","47411","40828","43225","42176","39957","32817","45921","49747","40918","42598","44121","35567","39714","42429","48407","51528","49690","44615","49208","46592","47123","46007","42377","39648","54473","47962","59231","51279","48104","45047","51013","53374","53038","49966","53929","50738","45194","43216","45658","37771","36641","27323","40080","44697","39552","37855","39418","37952","41225","41346","44839","43802","40080","30737","39221","48668","41764","39303","36832","36173","36624","31331","38864","39969","42565","35617","44371","49313","41627","42950","44232","35907","44225","37605","42416","42572","38732","30485","44075","41105","40325","39376","35038","37226","39898","34888","43571","42928","39751","34637","40399","38854","40720","41056","38589","37958","35348","31034","41867","41389","39762","31651","39921","39839","42157","40270","34348","35812","33630","33970","42403","38901","39395","32456","34172","43579","41033","37958","43446","42186","39893","36563","42386","40391","39160","30828","35544","37293","34492","36236","34349","39043","41232","35784","39839","40280","36726","29578","38606","36433","30495","34524","31915","34014","36757","33943","31642","35420","36138","42813","43227","43841","37290","36824","32648","32372","31146","24293","36525","37219","35441","37979","38926","37561","35652","37120","30633","34463","33861","30378","34972","34151","34318","31221","41003","41888","36537","35727","36022","35145","37627","36519","33955","36104","42808","33855","35337","40378","35108","35563","34461","37779","38588","38582","36679","34316","32491","28815","38363","35413","30449","35831","32267",
"인천광역시","총전출[명]","명","29446","41096","50934","48819","50982","47699","33459","38222","39516","54493","47373","36114","25865","41270","51810","52035","50494","45141","39326","43382","43142","47167","45674","40419","35216","41283","51011","55761","52122","38936","38655","42877","41035","54877","48284","40525","31702","43281","47008","47269","52351","47119","42435","41925","41415","49820","41783","40410","27807","42254","45889","39496","39217","37224","32169","39531","36005","42067","41642","40869","32323","38579","47351","44325","45119","39802","35419","45438","40422","42462","40845","39118","32390","45719","49426","41481","42891","43064","35153","39332","41125","45389","49559","48310","43035","47432","44791","44687","44352","40092","37424","51830","45476","56625","49737","48417","43246","49448","50922","50592","48416","52005","50102","45819","43808","47157","38528","36123","28041","41430","45378","39731","37562","39470","37926","40894","40298","43569","42440","39332","29700","38380","48545","41545","38954","36642","35872","36654","31542","39052","39772","41781","33960","41978","46971","39405","40859","41387","33566","41337","35292","39246","39465","37292","28701","41360","39142","37784","37397","33410","35304","36961","32856","40701","40014","37242","33008","38472","37011","38523","39520","36980","36000","34064","29511","39660","39006","37823","30438","38241","39198","40672","39047","34489","35290","33621","33505","41566","37986","38920","31147","33805","42936","40321","37419","42430","40956","38781","35679","41610","39760","38841","30282","35133","37078","33162","35585","33998","38258","40566","35177","39451","40288","36891","29383","38956","36448","30441","34365","31714","33887","37274","35324","31514","35701","36128","40930","42812","44621","36772","36670","32554","33017","32260","24939","36810","37203","35118","37061","39321","37659","35954","37115","31106","35116","34441","30545","35176","34138","34719","32134","42278","44279","38488","36833","38934","37000","40008","37855","34225","36039","42231","34324","36143","40554","35240","35336","34330","36767","37644","35351","33385","32700","29940","27889","36356","33053","29160","33628","30256",
"인천광역시","순이동[명]","명","353","-789","936","1660","2040","1613","1482","1966","1079","3407","518","-1100","455","-1062","759","1391","815","-1066","588","685","403","36","-411","-1476","1709","-555","1848","1581","156","190","-667","-840","-365","-1684","500","-1643","91","-1693","-310","-1538","-1509","-2031","-1618","-1624","-696","-1427","-920","-2896","634","-1139","-433","-190","-748","-655","-574","-704","191","1303","407","573","1289","478","597","375","611","739","1564","1973","406","763","1331","839","427","202","321","-563","-293","1057","414","382","1304","3018","1969","1380","1580","1776","1801","2436","1655","2285","2224","2643","2486","2606","1542","-313","1801","1565","2452","2446","1550","1924","636","-625","-592","-1499","-757","518","-718","-1350","-681","-179","293","-52","26","331","1048","1270","1362","748","1037","841","123","219","349","190","301","-30","-211","-188","197","784","1657","2393","2342","2222","2091","2845","2341","2888","2313","3170","3107","1440","1784","2715","1963","2541","1979","1628","1922","2937","2032","2870","2914","2509","1629","1927","1843","2197","1536","1609","1958","1284","1523","2207","2383","1939","1213","1680","641","1485","1223","-141","522","9","465","837","915","475","1309","367","643","712","539","1016","1230","1112","884","776","631","319","546","411","215","1330","651","351","785","666","607","388","-8","-165","195","-350","-15","54","159","201","127","-517","-1381","128","-281","10","1883","415","-780","518","154","94","-645","-1114","-646","-285","16","323","918","-395","-98","-302","5","-473","-653","-580","-167","-204","13","-401","-913","-1275","-2391","-1951","-1106","-2912","-1855","-2381","-1336","-270","65","577","-469","-806","-176","-132","227","131","1012","944","3231","3294","1616","2551","926","2007","2360","1289","2203","2011",
"인천광역시","시도간전입[명]","명","11218","15386","17507","15582","16541","14329","11858","14140","12489","17848","14626","11692","10384","15275","17209","16266","15512","13164","12252","15178","13656","14290","13647","13046","14620","15122","17843","18408","16539","12422","12537","14525","13755","16687","15503","13033","12335","15633","15834","13706","13540","12613","12598","12877","12446","14253","12224","13507","11750","15801","15397","12804","11938","11567","10729","12994","11340","13611","13315","14817","12663","14282","16299","14250","14094","13006","12472","15679","13265","13517","13749","14768","12312","17199","17027","12947","13525","13661","11645","13841","13381","16042","16652","17297","16760","17554","16399","15547","14903","13825","13918","16841","13722","18491","15541","16112","15365","17927","17738","16464","15091","15374","14440","13370","12613","12773","11140","13345","10359","15019","15059","12466","12368","12915","12549","13513","13257","14067","13344","14355","12243","16139","17030","13679","12957","11864","11807","12809","10616","12368","12477","14096","13072","16920","17337","14101","13804","13825","12502","16091","13257","14458","14517","14242","12646","18377","15709","14146","13643","12175","13107","14518","12162","15123","14639","14442","13627","16537","14593","14163","13462","12404","13140","12567","11213","14344","13572","14545","12390","16406","14778","14185","12973","11158","12365","11660","11384","13690","12241","13692","13362","13735","15477","13090","11794","12824","13052","13450","11576","13412","12779","14050","12286","14704","14027","12137","11957","11529","11817","13541","11485","12462","12219","12699","11803","15812","13862","10721","11860","11179","10943","12288","11024","10181","11181","12217","15019","14651","14216","12050","11854","10674","11029","11315","8657","12378","12148","12412","14528","14899","13042","11671","11633","9689","11199","11397","10521","11673","11103","12578","12301","15119","14284","10624","11195","11130","11188","11763","11424","11249","11954","14699","12424","13489","14990","12049","11584","11252","12770","13385","15200","13326","12207","13148","11717","15843","14905","11404","13126","11909",
"인천광역시","시도간전출[명]","명","10865","16175","16571","13922","14501","12716","10376","12174","11410","14441","14108","12792","9929","16337","16450","14875","14697","14230","11664","14493","13253","14254","14058","14522","12911","15677","15995","16827","16383","12232","13204","15365","14120","18371","15003","14676","12244","17326","16144","15244","15049","14644","14216","14501","13142","15680","13144","16403","11116","16940","15830","12994","12686","12222","11303","13698","11149","12308","12908","14244","11374","13804","15702","13875","13483","12267","10908","13706","12859","12754","12418","13929","11885","16997","16706","13510","13818","12604","11231","13459","12077","13024","14683","15917","15180","15778","14598","13111","13248","11540","11694","14198","11236","15885","13999","16425","13564","16362","15286","14018","13541","13450","13804","13995","13205","14272","11897","12827","11077","16369","15740","12645","12075","12967","12523","13182","12209","12797","11982","13607","11206","15298","16907","13460","12608","11674","11506","12839","10827","12556","12280","13312","11415","14527","14995","11879","11713","10980","10161","13203","10944","11288","11410","12802","10862","15662","13746","11605","11664","10547","11185","11581","10130","12253","11725","11933","11998","14610","12750","11966","11926","10795","11182","11283","9690","12137","11189","12606","11177","14726","14137","12700","11750","11299","11843","11651","10919","12853","11326","13217","12053","13368","14834","12378","11255","11808","11822","12338","10692","12636","12148","13731","11740","14293","13812","10807","11306","11178","11032","12875","10878","12074","12227","12864","11608","16162","13877","10667","11701","10978","10816","12805","12405","10053","11462","12207","13136","14236","14996","11532","11700","10580","11674","12429","9303","12663","12132","12089","13610","15294","13140","11973","11628","10162","11852","11977","10688","11877","11090","12979","13214","16394","16675","12575","12301","14042","13043","14144","12760","11519","11889","14122","12893","14295","15166","12181","11357","11121","11758","12441","11969","10032","10591","10597","10791","13836","12545","10115","10923","9898",
"광주광역시","총전입[명]","명","24092","30686","31488","23728","24719","22617","20557","24497","21398","27676","25796","24244","22634","32991","33321","23325","22663","20144","20689","25564","23129","24099","26460","25448","26942","28837","31244","26950","23235","19337","21316","20874","18794","26761","24972","24858","22488","29724","28601","25773","25085","24403","22011","22608","21185","26149","25921","30557","24773","32816","31867","22727","20830","20419","19698","22037","18953","20429","22450","27735","24181","26712","28598","21830","21655","23471","20078","23710","24672","23476","23636","28410","25269","33863","33639","23610","22761","22023","17953","21624","22880","22191","25425","30241","29211","30310","28536","23051","22028","19224","19366","21552","17638","23885","21959","29345","29740","29580","25059","22026","19419","20726","19753","18082","19722","21414","17847","25389","22022","29062","27141","22312","22037","24006","22800","23053","26802","23651","22764","28229","24741","26282","28232","20737","19000","21227","19323","21180","18416","22805","22180","24451","21683","25972","25842","20014","20833","19687","20008","22928","17147","19504","22143","24800","19232","26513","21833","17967","17790","15583","15754","19170","15401","19460","19990","19919","18826","21451","20177","18541","17835","19531","18767","17425","14487","18978","19692","20986","19571","25487","22220","19462","20054","20683","20474","19169","18114","19725","18465","19642","20383","21520","24853","20384","16647","17225","16074","18135","14920","17014","17962","19486","17078","19697","18673","18454","18670","17556","15324","18116","15792","17360","17896","18560","17484","22751","20451","15679","16438","15601","15040","18683","16586","14974","17362","17089","20458","19797","20144","17070","17926","16660","17701","18135","14792","20268","18556","17385","19967","21632","19595","17074","17058","15069","18826","18003","16068","17673","17761","18404","19502","21373","22788","19521","17022","18435","16869","16303","18133","17106","18019","21092","20620","20827","20424","17224","16786","16297","17009","17523","17599","16203","15889","16487","14985","18406","18246","13529","14883","14738",
"광주광역시","총전출[명]","명","22905","29785","32357","23585","26311","28913","17234","22548","20487","26843","25519","25025","21152","31513","33738","23942","23348","26361","17813","24142","22528","23355","26249","26447","24679","27366","33047","29068","24502","17986","19707","19719","18261","26257","24510","24663","22520","31109","31401","26584","25793","27190","20632","22363","21012","26188","26080","33320","21617","31927","31864","23016","21626","21618","20072","22604","19358","21185","23291","29704","24162","26528","30009","22432","22410","24627","20453","24227","25427","23735","24394","29358","24394","33961","35888","24992","23826","21328","17616","21258","22417","22080","25455","30994","28964","29937","29111","23764","22382","20061","19366","21567","17898","24322","22120","30756","29243","28953","26052","22314","19770","20783","19324","17599","19398","21098","17784","25992","21707","28504","27755","22227","21580","24031","22144","22330","25843","23644","22559","28447","24034","25835","29262","21538","18890","20100","18509","20308","17741","21965","21614","25247","20722","24710","26442","20212","20663","19941","19144","22114","17231","19466","22300","26337","18033","25922","22182","18746","18577","16236","15689","18943","15259","19375","19565","21910","18535","21254","20634","18639","17946","19928","18788","17489","14621","19199","19969","22286","19498","26162","23645","20664","18696","20301","19825","18830","17659","20000","18367","22396","19891","21599","25119","20763","17547","17925","16777","19172","15928","18549","18041","22564","16925","20759","19646","18693","18653","17966","15522","18609","16256","18230","18771","21044","17358","24050","21526","16691","16948","16034","15356","18658","16753","15138","17986","19758","20319","20775","21431","18307","18615","16695","17392","18102","14607","20280","19472","19113","19465","22340","19992","17215","17165","15129","18496","18171","15990","18003","18254","20785","19282","21884","23235","19133","17539","18889","17230","16906","18371","17942","18907","22928","21594","22001","21570","17967","17366","16658","17235","18095","16855","16527","16070","16833","14907","19894","19503","14671","15680","15340",
"광주광역시","순이동[명]","명","1187","901","-869","143","-1592","-6296","3323","1949","911","833","277","-781","1482","1478","-417","-617","-685","-6217","2876","1422","601","744","211","-999","2263","1471","-1803","-2118","-1267","1351","1609","1155","533","504","462","195","-32","-1385","-2800","-811","-708","-2787","1379","245","173","-39","-159","-2763","3156","889","3","-289","-796","-1199","-374","-567","-405","-756","-841","-1969","19","184","-1411","-602","-755","-1156","-375","-517","-755","-259","-758","-948","875","-98","-2249","-1382","-1065","695","337","366","463","111","-30","-753","247","373","-575","-713","-354","-837","0","-15","-260","-437","-161","-1411","497","627","-993","-288","-351","-57","429","483","324","316","63","-603","315","558","-614","85","457","-25","656","723","959","7","205","-218","707","447","-1030","-801","110","1127","814","872","675","840","566","-796","961","1262","-600","-198","170","-254","864","814","-84","38","-157","-1537","1199","591","-349","-779","-787","-653","65","227","142","85","425","-1991","291","197","-457","-98","-111","-397","-21","-64","-134","-221","-277","-1300","73","-675","-1425","-1202","1358","382","649","339","455","-275","98","-2754","492","-79","-266","-379","-900","-700","-703","-1037","-1008","-1535","-79","-3078","153","-1062","-973","-239","17","-410","-198","-493","-464","-870","-875","-2484","126","-1299","-1075","-1012","-510","-433","-316","25","-167","-164","-624","-2669","139","-978","-1287","-1237","-689","-35","309","33","185","-12","-916","-1728","502","-708","-397","-141","-107","-60","330","-168","78","-330","-493","-2381","220","-511","-447","388","-517","-454","-361","-603","-238","-836","-888","-1836","-974","-1174","-1146","-743","-580","-361","-226","-572","744","-324","-181","-346","78","-1488","-1257","-1142","-797","-602",
"광주광역시","시도간전입[명]","명","8895","11372","10308","7518","7794","7081","9291","8941","7436","8159","7608","8171","8345","12006","10262","7116","6849","6138","8927","8859","7184","7481","7748","8699","10424","10919","9938","7706","7690","6671","7711","8182","6793","8062","7621","8299","7919","11350","9228","7710","7379","7215","8188","7691","6906","7805","7110","9544","10264","12227","11018","6936","6270","5945","6389","7288","5723","6208","6247","8369","8260","9423","8747","6631","6531","6424","5726","7385","6725","6637","6517","8541","8692","11511","9439","6526","6583","7361","6167","7833","6617","6518","7358","9342","9746","10643","9005","6785","6784","5720","6230","7254","5411","7489","7021","8481","9724","11034","8322","6824","6080","5835","6363","6561","6291","6360","5416","7474","7166","10529","8798","6662","6636","6534","6823","7277","6973","6396","6190","7748","7937","9507","9131","6137","6013","6969","6365","7212","5722","6480","6326","7279","7565","9683","8196","6039","5888","5868","6036","7374","5649","5809","5808","6775","7491","10260","7927","5592","5531","4849","5227","5958","4753","5915","6348","6191","7418","8538","6875","5669","5288","4774","5406","5548","4510","5547","5402","6456","6505","8583","7061","6054","7655","6132","6389","6134","6262","6064","5653","6253","7588","7840","8462","6549","4925","5227","5137","5486","4669","5536","6142","6265","6576","7675","6775","5231","5232","5035","4931","5804","4743","4798","5070","5724","6480","8050","6902","4845","5124","4789","4645","5839","4690","4332","5004","5264","7263","7109","6703","4925","5019","5163","5706","6026","4502","5813","5208","5752","7720","7629","6388","5297","5163","4307","5505","5253","4893","4856","4924","5843","6998","7417","7014","5610","5025","5303","4880","4869","4980","4419","4694","6437","6256","6464","6571","4778","4387","4569","5056","5341","6408","4567","4738","5586","5262","6482","5477","3969","4306","4174",
"광주광역시","시도간전출[명]","명","7708","10471","11177","7375","9386","13377","5968","6992","6525","7326","7331","8952","6863","10528","10679","7733","7534","12355","6051","7437","6583","6737","7537","9698","8161","9448","11741","9824","8957","5320","6102","7027","6260","7558","7159","8104","7951","12735","12028","8521","8087","10002","6809","7446","6733","7844","7269","12307","7108","11338","11015","7225","7066","7144","6763","7855","6128","6964","7088","10338","8241","9239","10158","7233","7286","7580","6101","7902","7480","6896","7275","9489","7817","11609","11688","7908","7648","6666","5830","7467","6154","6407","7388","10095","9499","10270","9580","7498","7138","6557","6230","7269","5671","7926","7182","9892","9227","10407","9315","7112","6431","5892","5934","6078","5967","6044","5353","8077","6851","9971","9412","6577","6179","6559","6167","6554","6014","6389","5985","7966","7230","9060","10161","6938","5903","5842","5551","6340","5047","5640","5760","8075","6604","8421","8796","6237","5718","6122","5172","6560","5733","5771","5965","8312","6292","9669","8276","6371","6318","5502","5162","5731","4611","5830","5923","8182","7127","8341","7332","5767","5399","5171","5427","5612","4644","5768","5679","7756","6432","9258","8486","7256","6297","5750","5740","5795","5807","6339","5555","9007","7096","7919","8728","6928","5825","5927","5840","6523","5677","7071","6221","9343","6423","8737","7748","5470","5215","5445","5129","6297","5207","5668","5945","8208","6354","9349","7977","5857","5634","5222","4961","5814","4857","4496","5628","7933","7124","8087","7990","6162","5708","5198","5397","5993","4317","5825","6124","7480","7218","8337","6785","5438","5270","4367","5175","5421","4815","5186","5417","8224","6778","7928","7461","5222","5542","5757","5241","5472","5218","5255","5582","8273","7230","7638","7717","5521","4967","4930","5282","5913","5664","4891","4919","5932","5184","7970","6734","5111","5103","4776",
"대전광역시","총전입[명]","명","24661","33265","32529","26617","26078","22129","19810","23920","22162","25869","30645","24875","22180","33074","31936","26646","24376","23502","21897","24087","22339","24896","25773","24279","26272","26396","27926","28467","26181","19237","23811","26106","21352","27500","26313","23383","23585","32718","30379","26693","26112","25745","22153","24097","20691","27551","22924","22088","20705","31005","29026","21485","20141","20756","22208","25334","19647","22007","22813","24901","21961","26356","28724","24914","23671","23220","19210","24544","21048","22662","24381","27144","23189","35398","34384","24329","23007","22557","18405","23490","21186","21592","22891","24386","25847","34184","28205","23435","22313","18414","19390","23134","17695","25060","22869","22534","25170","31449","25669","21809","20253","18591","18837","20035","18145","21536","19393","22645","18471","27888","25851","20483","18756","18975","19710","22532","18500","20318","20166","20774","19378","25379","26618","20193","18749","19470","18995","21995","17834","24415","24835","24571","21019","27347","25698","19796","20302","18784","17557","24980","20321","20750","21984","25706","22823","30516","22479","18650","18673","16426","17905","18498","15296","19463","19477","19429","20176","25105","20348","18779","17386","17161","17785","16597","14187","22122","20036","21176","18486","26749","23396","20622","17976","16889","19737","18884","17901","19537","18492","20890","19703","21423","22529","17893","15955","17100","18199","17798","15448","18093","17744","18889","18658","23139","20578","15435","16214","17211","16011","19408","15466","18049","19300","19783","18367","23601","19915","15090","18652","16847","15462","17413","16413","14866","16522","18301","20467","20144","19083","16239","17019","16263","18149","18280","13023","18023","17536","18653","20825","22011","18653","16142","15385","13593","17507","16575","16127","18194","17310","20102","20717","24741","21887","18178","18244","18653","17112","16995","18151","18794","16951","21898","20609","21046","20487","15976","15358","14709","15342","15827","15811","14438","17714","24248","20084","22275","19200","15139","16413","15466",
"대전광역시","총전출[명]","명","22953","31053","31898","25945","26087","22149","19346","22951","22015","25478","29540","24569","20958","30476","31697","25999","23805","23409","20859","23115","22586","24267","25564","25410","23979","25189","27933","28033","25949","18690","22747","24852","20784","26954","25794","23485","21726","31275","28922","25528","25277","25855","22082","22754","20689","27563","22838","24401","18780","29841","28710","22058","21039","21599","22178","24578","19932","21893","23146","23658","20042","25362","29010","24795","23233","23692","19392","23867","21337","22608","24486","26801","22775","34680","34475","24378","22985","22696","17960","22247","20879","21496","22797","25131","25829","32555","28009","23479","22622","18812","19413","22607","17927","25733","23518","23624","25592","31640","26564","22290","20921","19290","18791","19785","18962","21968","19697","23642","18521","28433","26526","20940","19262","19478","20089","21878","18902","20919","20734","22500","19920","25294","26525","20748","18854","19992","18994","21487","17844","24226","24420","25173","20836","26609","25594","19750","19800","18509","17663","24774","19991","20126","21535","25713","21683","29830","22288","18359","18298","16177","18637","19632","15364","19466","19253","20149","19570","24585","20459","18701","17412","17108","18014","16563","14360","21762","19934","22079","18448","26604","23403","20947","18620","17242","19695","19606","19048","21022","20051","23711","20806","23922","24608","19298","17387","18597","19362","19585","16777","19809","19509","21730","19819","23979","21724","16238","17177","18142","16489","20086","15982","18978","20106","21163","18700","24507","21952","16194","20854","18585","16382","18333","17155","16105","18273","20584","21511","22463","20911","17985","18215","16837","18248","19199","13820","19255","18642","20546","22133","23295","19846","17372","16640","15142","18850","17890","17136","19436","18866","22160","21431","25800","23210","18408","18014","19547","17945","17860","18551","20288","18519","23845","21146","22280","21761","16804","15875","15835","16190","16435","15410","15253","18113","25394","20938","22615","19777","15463","16731","15953",
"대전광역시","순이동[명]","명","1708","2212","631","672","-9","-20","464","969","147","391","1105","306","1222","2598","239","647","571","93","1038","972","-247","629","209","-1131","2293","1207","-7","434","232","547","1064","1254","568","546","519","-102","1859","1443","1457","1165","835","-110","71","1343","2","-12","86","-2313","1925","1164","316","-573","-898","-843","30","756","-285","114","-333","1243","1919","994","-286","119","438","-472","-182","677","-289","54","-105","343","414","718","-91","-49","22","-139","445","1243","307","96","94","-745","18","1629","196","-44","-309","-398","-23","527","-232","-673","-649","-1090","-422","-191","-895","-481","-668","-699","46","250","-817","-432","-304","-997","-50","-545","-675","-457","-506","-503","-379","654","-402","-601","-568","-1726","-542","85","93","-555","-105","-522","1","508","-10","189","415","-602","183","738","104","46","502","275","-106","206","330","624","449","-7","1140","686","191","291","375","249","-732","-1134","-68","-3","224","-720","606","520","-111","78","-26","53","-229","34","-173","360","102","-903","38","145","-7","-325","-644","-353","42","-722","-1147","-1485","-1559","-2821","-1103","-2499","-2079","-1405","-1432","-1497","-1163","-1787","-1329","-1716","-1765","-2841","-1161","-840","-1146","-803","-963","-931","-478","-678","-516","-929","-806","-1380","-333","-906","-2037","-1104","-2202","-1738","-920","-920","-742","-1239","-1751","-2283","-1044","-2319","-1828","-1746","-1196","-574","-99","-919","-797","-1232","-1106","-1893","-1308","-1284","-1193","-1230","-1255","-1549","-1343","-1315","-1009","-1242","-1556","-2058","-714","-1059","-1323","-230","230","-894","-833","-865","-400","-1494","-1568","-1947","-537","-1234","-1274","-828","-517","-1126","-848","-608","401","-815","-399","-1146","-854","-340","-577","-324","-318","-487",
"대전광역시","시도간전입[명]","명","9018","13382","10622","8611","7710","6553","6357","8284","6459","8252","7826","7639","7903","12989","10009","8488","7216","6627","7371","8769","6414","7949","7234","7887","10718","10591","9458","9075","7636","6001","7850","9101","6707","8753","7525","7951","9866","12574","10783","9341","8010","7254","7523","9039","6806","8462","6973","8404","9655","12959","10508","7275","6696","6543","7038","8685","5825","6880","7007","10769","9634","10811","9660","7999","7347","6707","6229","9231","6840","6829","7048","9931","9065","12413","10124","7083","7183","7136","6381","8885","6592","6591","7204","9416","9984","12397","9317","7242","6783","6140","6536","8597","5651","7729","6948","8716","9783","11081","8587","7169","6325","5927","6541","7442","5912","6388","5470","8159","7590","10758","8866","6665","6223","6195","6466","8026","5903","6111","5728","7057","7817","10396","9695","6388","6071","5938","6103","8060","5603","6439","6584","7376","8178","11253","8824","6383","6752","6336","5692","8634","6239","6482","6448","7563","8844","12727","8467","6382","6251","5852","5900","6814","5362","6894","6508","7253","8866","11239","7706","6422","5803","5645","5716","5993","4685","6623","5920","7447","7774","10920","8488","6454","5857","5575","6486","6124","5555","6180","5801","7384","8464","9410","8669","6211","5567","5731","6431","6212","5333","5938","5934","7265","7975","10222","8119","5591","5578","5558","5635","6943","5342","5798","6074","7541","7978","10774","8127","6005","6049","5586","5690","6728","5552","5142","5494","6668","8659","8920","7905","6247","5790","5675","6551","6852","4757","6130","5548","6527","8587","9643","7510","5980","5481","4634","5966","5995","5635","6144","5604","7250","8480","10072","8217","6401","6256","6076","5728","6098","5905","5497","5524","7487","7996","8785","8189","5856","5361","5192","5959","6417","7310","5438","5677","7850","7477","9865","7711","5534","5731","5192",
"대전광역시","시도간전출[명]","명","7310","11170","9991","7939","7719","6573","5893","7315","6312","7861","6721","7333","6681","10391","9770","7841","6645","6534","6333","7797","6661","7320","7025","9018","8425","9384","9465","8641","7404","5454","6786","7847","6139","8207","7006","8053","8007","11131","9326","8176","7175","7364","7452","7696","6804","8474","6887","10717","7730","11795","10192","7848","7594","7386","7008","7929","6110","6766","7340","9526","7715","9817","9946","7880","6909","7179","6411","8554","7129","6775","7153","9588","8651","11695","10215","7132","7161","7275","5936","7642","6285","6495","7110","10161","9966","10768","9121","7286","7092","6538","6559","8070","5883","8402","7597","9806","10205","11272","9482","7650","6993","6626","6495","7192","6729","6820","5774","9156","7640","11303","9541","7122","6729","6698","6845","7372","6305","6712","6296","8783","8359","10311","9602","6943","6176","6460","6102","7552","5613","6250","6169","7978","7995","10515","8720","6337","6250","6061","5798","8428","5909","5858","5999","7570","7704","12041","8276","6091","5876","5603","6632","7948","5430","6897","6284","7973","8260","10719","7817","6344","5829","5592","5945","5959","4858","6263","5818","8350","7736","10775","8495","6779","6501","5928","6444","6846","6702","7665","7360","10205","9567","11909","10748","7616","6999","7228","7594","7999","6662","7654","7699","10106","9136","11062","9265","6394","6541","6489","6113","7621","5858","6727","6880","8921","8311","11680","10164","7109","8251","7324","6610","7648","6294","6381","7245","8951","9703","11239","9733","7993","6986","6249","6650","7771","5554","7362","6654","8420","9895","10927","8703","7210","6736","6183","7309","7310","6644","7386","7160","9308","9194","11131","9540","6631","6026","6970","6561","6963","6305","6991","7092","9434","8533","10019","9463","6684","5878","6318","6807","7025","6909","6253","6076","8996","8331","10205","8288","5858","6049","5679",
"울산광역시","총전입[명]","명","14296","16841","15882","14082","16547","12579","10597","11409","11140","14758","15103","13456","11085","16349","16828","15919","13363","12655","11095","11904","11718","13397","17929","18345","16571","15276","16912","20704","17277","11828","10909","11754","11310","15035","14469","14368","15470","16804","15712","15370","15796","18845","14403","12916","15113","18802","14678","17346","15051","19738","19082","14656","13148","14519","11543","15870","11994","13502","17760","17636","14490","16351","16570","14140","13371","12004","10329","12490","11551","14280","17445","16660","13354","19650","17609","14612","14846","15853","11544","12718","12517","12295","14109","15282","16312","15987","14875","12003","13076","13608","16677","16131","12516","17524","15778","15888","18859","20662","17361","16088","15415","15802","14172","13184","11713","13378","11575","13453","11784","16420","14844","13547","15796","13588","12556","11826","11387","12356","12442","13407","12368","13721","16196","15120","14273","12689","11835","12135","9637","12239","14086","16847","14134","15662","15258","13904","13078","12769","13202","14447","11650","12745","13029","15085","12222","16092","13982","14096","14530","12361","12581","15417","10742","13293","12935","13182","12314","14067","16725","13512","12597","12595","12839","11696","10089","13051","14476","15531","13381","16262","14667","15708","15083","14342","14075","13856","12263","14072","15767","16539","13757","12995","16683","15102","14180","15927","13986","12016","10873","16539","14284","14051","15058","15687","13638","11855","13865","11798","10411","11559","9995","11208","11493","11623","11137","13655","12416","10745","10572","10225","9807","10444","11440","11057","11724","11977","13415","13003","12100","10358","10575","9605","10120","10043","7346","10065","10561","10731","12723","14625","13707","13338","12146","9640","11352","10444","9162","11188","11173","12558","12339","15309","13492","11083","9939","10630","9820","9865","9662","9940","10809","13224","13400","13125","12237","10080","9873","10051","10204","9565","9574","9505","11134","11132","10509","11693","10116","8760","10074","8939",
"울산광역시","총전출[명]","명","13774","16837","15416","13983","15942","12372","10458","11106","11104","14576","14875","13031","10767","16053","16120","15126","12853","12355","10607","11501","11248","12709","17229","18031","15741","15232","16645","20178","16779","11769","10888","11656","11365","14812","14351","14372","15061","17034","15510","15268","15157","18729","14184","13428","14432","18556","14665","17359","14261","19571","18285","14396","13293","14676","11968","16628","12313","13767","17022","16555","14103","16303","16677","14253","13503","12629","10544","13232","11909","14093","16896","15931","13526","20231","17805","15036","14727","15728","11566","13251","12814","12461","14235","15420","16536","16836","15365","12210","13266","13709","16417","16228","12489","17408","15439","15464","18191","20080","17186","15626","15104","15479","13891","12899","11619","12844","11499","13338","11788","17354","15479","13696","16008","13767","12933","12466","12034","12713","12746","14000","12724","14845","17341","15460","14290","12893","12041","12669","9982","12124","13835","16467","13718","15957","15277","13852","13167","12104","13196","14481","11324","12082","12861","15072","11779","16149","13677","13094","14168","12616","12647","15109","10413","12531","12166","13078","12103","14297","15685","13587","12526","12404","12664","10797","10515","13099","14064","15444","13227","16447","14677","15384","14709","14175","14033","13698","12114","14067","13785","16913","13484","13423","16119","14962","14577","16391","14101","12258","11106","15062","13828","15162","15514","16634","14375","12474","14317","12334","10994","12152","10643","11576","12217","12582","12210","15728","13919","11518","11593","11014","10770","11930","12397","11318","12307","12412","14162","14550","13471","11419","11561","10924","11135","11223","8205","10899","11433","11594","13788","15870","14893","14154","13018","10234","11967","11208","9795","11892","11808","13601","13474","16779","14811","11731","11001","11695","10763","11110","10800","10813","12101","14618","14144","15609","14469","11220","10966","10951","10957","10930","10910","10241","11199","11958","11030","13334","11410","9398","10683","9807",
"울산광역시","순이동[명]","명","522","4","466","99","605","207","139","303","36","182","228","425","318","296","708","793","510","300","488","403","470","688","700","314","830","44","267","526","498","59","21","98","-55","223","118","-4","409","-230","202","102","639","116","219","-512","681","246","13","-13","790","167","797","260","-145","-157","-425","-758","-319","-265","738","1081","387","48","-107","-113","-132","-625","-215","-742","-358","187","549","729","-172","-581","-196","-424","119","125","-22","-533","-297","-166","-126","-138","-224","-849","-490","-207","-190","-101","260","-97","27","116","339","424","668","582","175","462","311","323","281","285","94","534","76","115","-4","-934","-635","-149","-212","-179","-377","-640","-647","-357","-304","-593","-356","-1124","-1145","-340","-17","-204","-206","-534","-345","115","251","380","416","-295","-19","52","-89","665","6","-34","326","663","168","13","443","-57","305","1002","362","-255","-66","308","329","762","769","104","211","-230","1040","-75","71","191","175","899","-426","-48","412","87","154","-185","-10","324","374","167","42","158","149","5","1982","-374","273","-428","564","140","-397","-464","-115","-242","-233","1477","456","-1111","-456","-947","-737","-619","-452","-536","-583","-593","-648","-368","-724","-959","-1073","-2073","-1503","-773","-1021","-789","-963","-1486","-957","-261","-583","-435","-747","-1547","-1371","-1061","-986","-1319","-1015","-1180","-859","-834","-872","-863","-1065","-1245","-1186","-816","-872","-594","-615","-764","-633","-704","-635","-1043","-1135","-1470","-1319","-648","-1062","-1065","-943","-1245","-1138","-873","-1292","-1394","-744","-2484","-2232","-1140","-1093","-900","-753","-1365","-1336","-736","-65","-826","-521","-1641","-1294","-638","-609","-868",
"울산광역시","시도간전입[명]","명","4293","5335","5414","4203","4726","3827","3311","3926","3346","4291","4136","4023","3864","5734","5548","4732","4352","3922","3554","4220","3746","4288","4496","4820","4996","5106","5271","5013","4809","3424","3465","4247","3565","4421","4072","4223","4681","5729","5224","4616","4784","4165","3788","3784","4522","5478","3957","4980","4828","6104","6211","4215","3669","3650","3045","3831","3262","3754","4654","5780","4785","5263","5406","4041","3813","3472","3260","3955","3618","4017","4257","5628","4198","5855","5390","3819","4196","4168","3288","3991","3510","3696","4134","5201","5067","5271","4965","3939","4068","3571","3822","4236","3271","4937","4352","4920","5251","6381","5503","4623","4375","4066","3934","4155","3797","4136","3443","4429","4096","5623","4924","3892","3667","3753","3553","3694","3329","3605","3477","4002","4100","4596","4852","4047","3969","3660","3335","3936","3096","3701","3976","4521","4309","5191","4991","4155","3781","4244","3488","4231","3760","4137","3801","4306","4373","5955","5027","5030","4835","3511","3458","4130","3224","4325","4206","4203","4593","5258","6304","4158","3814","3567","3876","4756","3302","3933","4218","4460","4359","5677","5147","4446","4184","3748","3777","3912","3810","4269","5646","4907","4980","4981","6320","4797","3586","3936","3875","3785","3221","5713","4725","4343","4357","5097","4686","3354","3372","3292","3095","3848","3146","3422","3386","3793","3729","4821","4082","3142","3166","3037","2847","3193","2894","2891","3056","3552","4323","4323","3910","3110","3001","2757","2998","3300","2218","3104","2868","3318","4044","4790","3746","3189","3033","2549","3137","3102","2762","3030","2942","3749","4086","4730","4291","3246","2903","3112","2965","3046","2707","2758","2845","3786","4156","4055","3929","2980","2822","2771","3157","2918","3258","2686","3348","3332","3562","4546","3601","2850","3018","2662",
"울산광역시","시도간전출[명]","명","3771","5331","4948","4104","4121","3620","3172","3623","3310","4109","3908","3598","3546","5438","4840","3939","3842","3622","3066","3817","3276","3600","3796","4506","4166","5062","5004","4487","4311","3365","3444","4149","3620","4198","3954","4227","4272","5959","5022","4514","4145","4049","3569","4296","3841","5232","3944","4993","4038","5937","5414","3955","3814","3807","3470","4589","3581","4019","3916","4699","4398","5215","5513","4154","3945","4097","3475","4697","3976","3830","3708","4899","4370","6436","5586","4243","4077","4043","3310","4524","3807","3862","4260","5339","5291","6120","5455","4146","4258","3672","3562","4333","3244","4821","4013","4496","4583","5799","5328","4161","4064","3743","3653","3870","3703","3602","3367","4314","4100","6557","5559","4041","3879","3932","3930","4334","3976","3962","3781","4595","4456","5720","5997","4387","3986","3864","3541","4470","3441","3586","3725","4141","3893","5486","5010","4103","3870","3579","3482","4265","3434","3474","3633","4293","3930","6012","4722","4028","4473","3766","3524","3822","2895","3563","3437","4099","4382","5488","5264","4233","3743","3376","3701","3857","3728","3981","3806","4373","4205","5862","5157","4122","3810","3581","3735","3754","3661","4264","3664","5281","4707","5409","5756","4657","3983","4400","3990","4027","3454","4236","4269","5454","4813","6044","5423","3973","3824","3828","3678","4441","3794","3790","4110","4752","4802","6894","5585","3915","4187","3826","3810","4679","3851","3152","3639","3987","5070","5870","5281","4171","3987","4076","4013","4480","3077","3938","3740","4181","5109","6035","4932","4005","3905","3143","3752","3866","3395","3734","3577","4792","5221","6200","5610","3894","3965","4177","3908","4291","3845","3631","4137","5180","4900","6539","6161","4120","3915","3671","3910","4283","4594","3422","3413","4158","4083","6187","4895","3488","3627","3530",
"세종특별자치시","총전입[명]","명","","","","","","","","","","","","","","","","","","","","","","","","","","","","","","","","","","","","","","","","","","","","","","","","","","","","","","","","","","","","","","","","","","","","","","","","","","","","","","","","","","","","","","","","","","","","","","","","","","","","","","","","","","","","","","","","","","","","","","","","","","","","","","","","","","","","","","","","","","","","","","","","","2495","3959","2302","1327","1306","1288","3691","4974","2521","3095","2647","3179","2255","2982","2225","1851","1542","1229","1332","1581","1202","1740","1662","4204","2838","3961","2467","2903","2937","2272","2853","4434","5536","6921","8039","11365","8109","10916","8272","6084","5442","5252","6519","7111","5870","6652","6173","7594","7097","7625","5963","4349","4876","4646","3703","5323","3965","5209","5679","6617","5331","7066","7392","6298","9434","7819","6492","7536","5518","5820","6252","7115","7436","9837","7957","8808","6498","7023","7101","7490","6082","6600","5485","6116","7825","9622","6729","5500","5038","5663","7592","6269","6175","7952","6785","7248","7787","8900","6572","4571","4017","4598","5109","5577","5547","9401","8039","8816","8038","7717","6400","4939","4421","5290","6117","5632","5576","6433","6024","10325","9763","8610","5826","4874","5434","4676",
"세종특별자치시","총전출[명]","명","","","","","","","","","","","","","","","","","","","","","","","","","","","","","","","","","","","","","","","","","","","","","","","","","","","","","","","","","","","","","","","","","","","","","","","","","","","","","","","","","","","","","","","","","","","","","","","","","","","","","","","","","","","","","","","","","","","","","","","","","","","","","","","","","","","","","","","","","","","","","","","","","1427","1678","1325","1024","987","930","1352","1510","1130","1329","1281","1318","1482","1683","1538","1473","1082","1072","1019","1055","919","1294","1129","1363","1203","1851","1573","1598","1514","1292","1576","1873","2099","2399","2654","3438","2590","2975","3215","2467","2227","2235","2408","2584","2244","2568","2486","2951","2734","3119","2808","2535","2598","2487","2112","3144","2539","3032","3820","4308","3630","4612","4001","3519","4624","4085","3679","4711","3450","3365","3651","4056","4557","5140","5079","5170","4171","4498","4954","4782","3816","4494","4006","4333","5368","6329","4653","4014","3953","4002","5129","4701","4694","5549","4745","5537","6292","7597","5826","4361","4035","4780","4428","4767","4924","6557","5765","6577","6216","6220","5413","4218","3972","4521","4980","4863","4531","4924","4980","7989","7452","6741","5097","4062","4464","3957",
"세종특별자치시","순이동[명]","명","","","","","","","","","","","","","","","","","","","","","","","","","","","","","","","","","","","","","","","","","","","","","","","","","","","","","","","","","","","","","","","","","","","","","","","","","","","","","","","","","","","","","","","","","","","","","","","","","","","","","","","","","","","","","","","","","","","","","","","","","","","","","","","","","","","","","","","","","","","","","","","","","1068","2281","977","303","319","358","2339","3464","1391","1766","1366","1861","773","1299","687","378","460","157","313","526","283","446","533","2841","1635","2110","894","1305","1423","980","1277","2561","3437","4522","5385","7927","5519","7941","5057","3617","3215","3017","4111","4527","3626","4084","3687","4643","4363","4506","3155","1814","2278","2159","1591","2179","1426","2177","1859","2309","1701","2454","3391","2779","4810","3734","2813","2825","2068","2455","2601","3059","2879","4697","2878","3638","2327","2525","2147","2708","2266","2106","1479","1783","2457","3293","2076","1486","1085","1661","2463","1568","1481","2403","2040","1711","1495","1303","746","210","-18","-182","681","810","623","2844","2274","2239","1822","1497","987","721","449","769","1137","769","1045","1509","1044","2336","2311","1869","729","812","970","719",
"세종특별자치시","시도간전입[명]","명","","","","","","","","","","","","","","","","","","","","","","","","","","","","","","","","","","","","","","","","","","","","","","","","","","","","","","","","","","","","","","","","","","","","","","","","","","","","","","","","","","","","","","","","","","","","","","","","","","","","","","","","","","","","","","","","","","","","","","","","","","","","","","","","","","","","","","","","","","","","","","","","","1984","3436","1887","1107","1122","1075","3132","4350","2174","2684","2265","2864","1845","2513","1676","1357","1270","983","1132","1336","1006","1437","1355","3790","2567","3365","2023","2221","2299","1800","2277","3541","4402","5617","6461","9498","6895","9411","6810","4998","4349","4333","5464","5920","4831","5522","5074","6397","6000","6562","4975","3332","3715","3654","2994","4092","2929","3844","3730","4679","3951","5482","5558","4475","6434","5340","4710","5185","3975","4054","4458","5206","5544","7374","5517","5528","4166","4293","4394","4970","3870","4333","3682","4312","5614","6756","4607","3626","3235","3565","4723","4129","3805","4872","4179","4906","5135","5680","4221","2830","2607","2998","3338","3591","3293","5243","4710","5243","5001","5010","4186","3045","2725","3319","3726","3502","3474","3783","3481","5623","5517","5587","3735","2973","3236","2766",
"세종특별자치시","시도간전출[명]","명","","","","","","","","","","","","","","","","","","","","","","","","","","","","","","","","","","","","","","","","","","","","","","","","","","","","","","","","","","","","","","","","","","","","","","","","","","","","","","","","","","","","","","","","","","","","","","","","","","","","","","","","","","","","","","","","","","","","","","","","","","","","","","","","","","","","","","","","","","","","","","","","","916","1155","910","804","803","717","793","886","783","918","899","1003","1072","1214","989","979","810","826","819","810","723","991","822","949","932","1255","1129","916","876","820","1000","980","965","1095","1076","1571","1376","1470","1753","1381","1134","1316","1353","1393","1205","1438","1387","1754","1637","2056","1820","1518","1437","1495","1403","1913","1503","1667","1871","2370","2250","3028","2167","1696","1624","1606","1897","2360","1907","1599","1857","2147","2665","2677","2639","1890","1839","1768","2247","2262","1604","2227","2203","2529","3157","3463","2531","2140","2150","1904","2260","2561","2324","2469","2139","3195","3640","4377","3475","2620","2625","3180","2657","2781","2670","2399","2436","3004","3179","3513","3199","2324","2276","2550","2589","2733","2429","2274","2437","3287","3206","3718","3006","2161","2266","2047",
"경기도","총전입[명]","명","134482","182889","204557","180557","194638","160688","136586","150713","144059","200546","190574","162038","119455","182722","212374","202350","210669","184081","161936","189735","187424","204188","201962","199207","183319","212594","232117","235400","224900","172503","169259","190141","189690","240667","215999","182833","154850","199939","213450","203965","206618","193249","181951","180029","167646","214582","195540","192716","148265","211699","215617","173578","166738","155081","146934","174908","143112","171319","176969","195000","152372","185574","216100","195777","189097","170775","149825","193818","178257","184730","189666","191330","160108","222424","242408","192860","204401","199094","161986","192885","181893","208973","238491","254118","220927","219405","207084","191739","189274","161580","164612","183949","150183","218234","202114","197856","174041","210909","206870","197522","194038","183288","181863","176218","163587","180452","159285","167512","132350","200649","210953","178306","170450","174408","171727","181780","180064","190867","187443","196684","157527","203897","226665","187955","183084","170278","161550","174637","146567","179546","190587","186527","156832","192456","205764","169761","172095","154487","144658","181495","151746","167562","177702","187864","140297","207252","182275","163117","162489","142103","144534","152907","133166","169670","171945","175207","150337","181930","162131","160159","157401","154291","151228","145126","125658","160957","164436","181780","140799","186403","173771","160261","150654","150137","153043","147166","138030","165840","152382","173289","143982","163198","195143","165605","156564","164830","159241","166985","148450","174074","173851","181157","148176","175465","172219","140411","152523","147796","152101","182540","152589","170234","181152","183387","147008","186226","172041","136220","147097","138178","141537","169095","172577","147785","164794","165766","178928","193015","192019","162039","166629","149992","159655","171979","135423","183701","176460","171875","176207","180669","168062","163263","159107","136256","162085","164377","148739","164544","150814","166839","167181","212602","214173","168095","159073","166937","165296","185522","183155","168521","169893","192124","170399","199244","211876","171897","155395","151195","157735","172947","162006","153172","162677","167672","148540","162769","147430","126702","139279","126466",
"경기도","총전출[명]","명","121255","170966","187902","165898","178707","148221","122863","140141","133264","180804","166981","141299","105237","167527","190641","179905","184379","164022","141461","166599","165046","180263","179938","182138","155361","188273","204305","207200","195511","149203","145815","165011","163383","209333","191321","158924","136532","182459","192166","183915","185993","178797","163059","160927","151881","196847","174884","175032","126210","192076","196307","159221","153283","144235","133128","162071","133442","158217","162165","169990","138134","172066","198558","181314","174882","157020","140012","181302","167604","172014","175731","169833","149344","211501","228152","181865","194147","187000","154773","182645","175390","199428","223498","233265","209640","210740","195890","181610","179093","153530","157670","178082","145526","210628","191096","180352","166936","204758","199584","187133","183641","174449","173116","167421","155558","172360","150642","159390","128641","194729","203199","172510","165531","170206","165685","174373","170871","181867","174614","179302","145918","189607","210418","174956","170517","158818","151656","164235","138578","169723","178620","173337","148612","185534","198410","164222","165823","151046","138330","174705","147353","164212","171695","176681","134980","200526","176857","156701","155442","135985","138146","145132","127826","164098","166612","159904","142267","174428","156634","154667","150674","148122","142909","138806","121671","158057","160975","172093","134553","181044","169187","155741","146704","141377","145897","141985","134452","163552","151336","168551","140535","158963","186340","158683","149045","157694","152228","157204","139325","164682","165298","168315","138986","165671","162955","132857","142146","137581","138877","167422","141531","157398","169278","170274","138863","177324","162209","129921","139991","132131","133528","158331","158654","137313","151095","152802","164821","177473","177098","149259","152815","136387","144748","155741","123587","168821","162919","157952","165024","169249","158699","153050","145768","124662","147964","148674","137590","155225","143562","156829","157840","198804","192318","147641","147775","154269","154006","168377","167947","157536","158193","179493","149255","178431","196741","159297","146073","140592","147144","157023","151755","146647","154108","158632","143015","160593","145242","123114","135560","122570",
"경기도","순이동[명]","명","13227","11923","16655","14659","15931","12467","13723","10572","10795","19742","23593","20739","14218","15195","21733","22445","26290","20059","20475","23136","22378","23925","22024","17069","27958","24321","27812","28200","29389","23300","23444","25130","26307","31334","24678","23909","18318","17480","21284","20050","20625","14452","18892","19102","15765","17735","20656","17684","22055","19623","19310","14357","13455","10846","13806","12837","9670","13102","14804","25010","14238","13508","17542","14463","14215","13755","9813","12516","10653","12716","13935","21497","10764","10923","14256","10995","10254","12094","7213","10240","6503","9545","14993","20853","11287","8665","11194","10129","10181","8050","6942","5867","4657","7606","11018","17504","7105","6151","7286","10389","10397","8839","8747","8797","8029","8092","8643","8122","3709","5920","7754","5796","4919","4202","6042","7407","9193","9000","12829","17382","11609","14290","16247","12999","12567","11460","9894","10402","7989","9823","11967","13190","8220","6922","7354","5539","6272","3441","6328","6790","4393","3350","6007","11183","5317","6726","5418","6416","7047","6118","6388","7775","5340","5572","5333","15303","8070","7502","5497","5492","6727","6169","8319","6320","3987","2900","3461","9687","6246","5359","4584","4520","3950","8760","7146","5181","3578","2288","1046","4738","3447","4235","8803","6922","7519","7136","7013","9781","9125","9392","8553","12842","9190","9794","9264","7554","10377","10215","13224","15118","11058","12836","11874","13113","8145","8902","9832","6299","7106","6047","8009","10764","13923","10472","13699","12964","14107","15542","14921","12780","13814","13605","14907","16238","11836","14880","13541","13923","11183","11420","9363","10213","13339","11594","14121","15703","11149","9319","7252","10010","9341","13798","21855","20454","11298","12668","11290","17145","15208","10985","11700","12631","21144","20813","15135","12600","9322","10603","10591","15924","10251","6525","8569","9040","5525","2176","2188","3588","3719","3896",
"경기도","시도간전입[명]","명","53077","71241","76292","65396","69266","58622","51516","56317","52664","71236","70190","62354","48999","72731","78957","72401","74162","68088","62265","71524","66817","73202","72010","72993","73398","78694","84897","82609","79889","61124","63035","72237","69713","84691","74615","70149","60720","77086","77127","71138","71212","65457","64498","66472","61167","73701","67956","76449","61354","80470","77886","60811","58542","55411","53327","61761","49621","59047","61172","76381","57519","67509","75192","66047","63831","60174","52352","67517","60337","61730","63184","74769","58196","78680","79707","62099","65067","64199","52593","64996","57927","64998","74656","87498","75750","76292","70835","64227","63946","54646","54291","62525","49665","71456","64509","72911","62194","72862","68902","65360","63683","59907","60229","60074","56427","59645","51428","59923","48016","70703","70236","55960","54588","56534","56249","60439","58774","60825","58765","68727","56940","73788","79589","62851","59345","56142","53817","60329","49347","57575","59784","64044","55424","68048","68355","53635","54325","49317","48556","60846","49544","52073","54217","60276","49957","72526","60727","52344","52294","46520","48535","52761","43248","54890","55330","61265","54395","65783","55807","51367","50178","46215","49264","48372","40580","49960","48634","60384","49562","65829","57592","51231","47403","48270","50237","48044","44567","51229","45887","56852","50886","56835","64617","52113","48568","51788","51392","54173","46947","54242","53514","61741","52595","64475","59752","47685","50429","50243","51099","60642","49338","55167","55207","60860","51727","67282","60201","44877","48660","45829","46942","55420","53547","45604","52940","56108","61952","66583","65327","53339","53704","49631","53777","57197","43584","57844","55347","56928","60399","64687","56472","51493","51495","44177","53244","54658","47609","51044","47517","56459","58312","72578","72667","53329","50621","55129","53352","59995","56778","52869","54107","64774","62410","68704","69107","54257","49343","50064","52650","58310","52623","47797","50661","54473","48598","58539","51985","41842","45175","41548",
"경기도","시도간전출[명]","명","39850","59318","59637","50737","53335","46155","37793","45745","41869","51494","46597","41615","34781","57536","57224","49956","47872","48029","41790","48388","44439","49277","49986","55924","45440","54373","57085","54409","50500","37824","39591","47107","43406","53357","49937","46240","42402","59606","55843","51088","50587","51005","45606","47370","45402","55966","47300","58765","39299","60847","58576","46454","45087","44565","39521","48924","39951","45945","46368","51371","43281","54001","57650","51584","49616","46419","42539","55001","49684","49014","49249","53272","47432","67757","65451","51104","54813","52105","45380","54756","51424","55453","59663","66645","64463","67627","59641","54098","53765","46596","47349","56658","45008","63850","53491","55407","55089","66711","61616","54971","53286","51068","51482","51277","48398","51553","42785","51801","44307","64783","62482","50164","49669","52332","50207","53032","49581","51825","45936","51345","45331","59498","63342","49852","46778","44682","43923","49927","41358","47752","47817","50854","47204","61126","61001","48096","48053","45876","42228","54056","45151","48723","48210","49093","44640","65800","55309","45928","45247","40402","42147","44986","37908","49318","49997","45962","46325","58281","50310","45875","43451","40046","40945","42052","36593","47060","45173","50697","43316","60470","53008","46711","43453","39510","43091","42863","40989","48941","44841","52114","47439","52600","55814","45191","41049","44652","44379","44392","37822","44850","44961","48899","43405","54681","50488","40131","40052","40028","37875","45524","38280","42331","43333","47747","43582","58380","50369","38578","41554","39782","38933","44656","39624","35132","39241","43144","47845","51041","50406","40559","39890","36026","38870","40959","31748","42964","41806","43005","49216","53267","47109","41280","38156","32583","39123","38955","36460","41725","40265","46449","48971","58780","50812","32875","39323","42461","42062","42850","41570","41884","42407","52143","41266","47891","53972","41657","40021","39461","42059","42386","42372","41272","42092","45433","43073","56363","49797","38254","41456","37652",
"강원특별자치도","총전입[명]","명","20167","27240","28329","20365","20786","18377","16651","19536","19117","22319","21836","20680","17129","25420","27962","22365","20038","19146","16205","19621","19915","20840","22333","25793","21173","23779","27172","23429","26181","19369","17914","19355","18358","23069","20751","26330","22174","25855","25527","22566","24730","20606","20793","20454","19334","24400","19196","23661","18943","26413","27505","19342","17957","18122","17073","21053","19099","20206","22542","24647","21392","22406","24953","19767","19227","17662","16242","22051","19731","19691","20403","22164","20915","26988","28314","19951","19838","20395","16279","19502","18735","18530","21906","23155","25737","24876","24286","19805","18805","16008","16884","19278","16067","22518","19967","20951","23550","26027","25983","22059","20169","20341","18705","17944","18433","19145","17937","21900","19519","25531","27293","20392","18689","19759","18507","18711","18376","18876","19799","23739","20427","22870","28393","19935","17575","17974","17183","20322","16892","19287","20515","20365","18598","22444","27002","19665","17846","16942","16557","19835","17108","19787","19404","20889","18710","25055","25429","18471","18238","16702","16701","17281","15638","17999","18203","17469","19387","22535","22902","19265","17391","15798","16129","15600","14346","18157","17350","19057","16030","21023","25057","18848","18267","17014","17100","16477","17072","19944","18596","22941","19038","19540","23654","18197","17295","19296","17745","17140","15783","19842","18169","21426","20120","23257","23483","17715","15995","15898","14964","17116","15714","18666","18753","21803","18522","23477","21771","15430","15883","15639","14486","15950","15381","14119","19835","21160","21088","20077","21369","17163","16936","14585","17393","16510","13650","17767","20066","19794","21694","21212","20616","18628","17508","14676","16224","17743","15502","16178","17691","19954","22167","23144","22074","16900","15922","19094","17746","15527","16250","17277","17736","19517","17653","18990","20811","17827","16609","15807","16691","16305","19701","18585","18596","19528","18837","21403","19075","16251","16812","14808",
"강원특별자치도","총전출[명]","명","21782","29244","29027","21985","22095","19273","17262","19969","19425","22741","22339","21395","18394","27081","29058","23216","20776","19692","17115","20304","20385","21803","23057","23999","25924","26010","28929","24999","26882","20230","19365","20411","19165","24321","22008","25817","26229","28365","27026","23545","25075","20874","20678","21170","19599","23659","20883","25256","20637","28295","27984","20115","18228","18214","17611","21022","18221","21198","23551","26168","22949","23788","26531","20782","19914","18459","16954","22655","20114","20373","21164","23479","22148","28482","29606","20384","20176","21070","16603","20428","19124","19007","22705","24335","26483","26568","24841","20427","19001","16250","17299","19677","16248","22683","20219","21632","24356","26352","25886","21931","19783","19159","18512","18114","18210","19045","17633","21902","20352","26706","25808","19931","18670","19540","18324","18603","18322","18595","19472","23050","21688","24229","27331","19967","17592","18216","17349","19367","16154","18789","19975","20526","19821","23603","25104","18057","17851","16868","16032","19667","16793","19018","18356","20254","19938","26095","23311","18066","17782","16596","16447","17520","15070","18243","18109","18007","20401","23693","21401","18286","17186","15539","16027","15446","13824","17581","16715","18832","17587","22411","23179","18400","17992","17303","17468","16818","16760","19248","18103","21015","19840","20284","23369","17568","15933","17419","17222","17282","15369","18758","18195","21113","20392","24257","23619","17382","16263","15126","14927","16937","15114","18091","18458","21026","19855","24219","21877","15444","15846","14859","14791","15788","14980","13632","18306","20021","22708","21543","21235","17681","16855","14810","17704","16925","13450","17746","19674","19921","22722","22213","20361","18094","17293","14403","16154","17434","15212","15687","16874","19518","22664","23679","22746","17495","14772","18102","16661","14604","15610","16166","16799","18599","18450","19475","20872","17287","15717","15089","15769","15876","18747","17145","17404","18591","18219","20515","18245","15293","16171","14314",
"강원특별자치도","순이동[명]","명","-1615","-2004","-698","-1620","-1309","-896","-611","-433","-308","-422","-503","-715","-1265","-1661","-1096","-851","-738","-546","-910","-683","-470","-963","-724","1794","-4751","-2231","-1757","-1570","-701","-861","-1451","-1056","-807","-1252","-1257","513","-4055","-2510","-1499","-979","-345","-268","115","-716","-265","741","-1687","-1595","-1694","-1882","-479","-773","-271","-92","-538","31","878","-992","-1009","-1521","-1557","-1382","-1578","-1015","-687","-797","-712","-604","-383","-682","-761","-1315","-1233","-1494","-1292","-433","-338","-675","-324","-926","-389","-477","-799","-1180","-746","-1692","-555","-622","-196","-242","-415","-399","-181","-165","-252","-681","-806","-325","97","128","386","1182","193","-170","223","100","304","-2","-833","-1175","1485","461","19","219","183","108","54","281","327","689","-1261","-1359","1062","-32","-17","-242","-166","955","738","498","540","-161","-1223","-1159","1898","1608","-5","74","525","168","315","769","1048","635","-1228","-1040","2118","405","456","106","254","-239","568","-244","94","-538","-1014","-1158","1501","979","205","259","102","154","522","576","635","225","-1557","-1388","1878","448","275","-289","-368","-341","312","696","493","1926","-802","-744","285","629","1362","1877","523","-142","414","1084","-26","313","-272","-1000","-136","333","-268","772","37","179","600","575","295","777","-1333","-742","-106","-14","37","780","-305","162","401","487","1529","1139","-1620","-1466","134","-518","81","-225","-311","-415","200","21","392","-127","-1028","-1001","255","534","215","273","70","309","290","491","817","436","-497","-535","-672","-595","1150","992","1085","923","640","1111","937","918","-797","-485","-61","540","892","718","922","429","954","1440","1192","937","618","888","830","958","641","494",
"강원특별자치도","시도간전입[명]","명","6063","8710","9401","6812","7163","6372","5729","7162","6247","7385","6581","6728","5763","8838","8884","7467","6811","6408","5931","7310","6317","6768","6691","10088","6727","7756","8528","7515","7232","5474","5709","6983","6029","7328","6398","8972","6530","8638","8358","7235","7119","6840","6998","7049","6618","8695","5910","7589","6393","8944","9186","6513","6473","6445","5913","7671","7268","6516","6269","8065","6561","7662","8255","6611","6457","5892","5412","7428","6599","6157","6239","7339","7034","9141","8906","6684","6741","6211","5680","7052","6226","6211","6725","7663","8770","8411","8455","7062","6905","6098","6145","7286","5797","7837","6845","7505","8006","9481","8954","7506","7119","7692","6758","6861","6841","6906","6172","8043","6749","9453","10546","7151","6683","7207","7025","7366","6526","6747","6309","8603","7034","8638","10937","7261","6600","6398","6223","8309","6357","6684","6982","7150","6734","8531","10551","7922","6390","6244","6426","8013","6318","6735","6994","8077","7109","9669","10417","6935","6854","6087","6249","6500","5969","6743","6429","6286","7189","8601","9055","7311","6086","5810","5938","6163","5445","6747","6211","7320","6214","8230","10196","7034","6403","5532","5988","5708","5807","6582","6028","9397","7503","7687","9167","7008","6785","7850","6868","6284","5956","7626","6442","7931","7763","8605","8314","6604","5830","6390","5807","6623","6118","6598","6144","7767","6722","9313","8507","6015","6000","6171","5637","6265","5952","5297","7117","7694","7489","7507","8167","6372","6105","5371","5946","5996","4841","6062","5949","6507","7809","7872","7626","6823","5965","5220","5956","5942","5470","5841","6112","7309","7694","8380","7807","5611","6073","6978","6649","6392","5799","6195","6627","8086","7188","7602","8195","6718","6150","6223","6511","6491","7491","6511","6731","7647","7166","8839","7916","6116","6016","5490",
"강원특별자치도","시도간전출[명]","명","7678","10714","10099","8432","8472","7268","6340","7595","6555","7807","7084","7443","7028","10499","9980","8318","7549","6954","6841","7993","6787","7731","7415","8294","11478","9987","10285","9085","7933","6335","7160","8039","6836","8580","7655","8459","10585","11148","9857","8214","7464","7108","6883","7765","6883","7954","7597","9184","8087","10826","9665","7286","6744","6537","6451","7640","6390","7508","7278","9586","8118","9044","9833","7626","7144","6689","6124","8032","6982","6839","7000","8654","8267","10635","10198","7117","7079","6886","6004","7978","6615","6688","7524","8843","9516","10103","9010","7684","7101","6340","6560","7685","5978","8002","7097","8186","8812","9806","8857","7378","6733","6510","6565","7031","6618","6806","5868","8045","7582","10628","9061","6690","6664","6988","6842","7258","6472","6466","5982","7914","8295","9997","9875","7293","6617","6640","6389","7354","5619","6186","6442","7311","7957","9690","8653","6314","6395","6170","5901","7845","6003","5966","5946","7442","8337","10709","8299","6530","6398","5981","5995","6739","5401","6987","6335","6824","8203","9759","7554","6332","5881","5551","5836","6009","4923","6171","5576","7095","7771","9618","8318","6586","6128","5821","6356","6049","5495","5886","5535","7471","8305","8431","8882","6379","5423","5973","6345","6426","5542","6542","6468","7618","8035","9605","8450","6271","6098","5618","5770","6444","5518","6023","5849","6990","8055","10055","8613","6029","5963","5391","5942","6103","5551","4810","5588","6555","9109","8973","8033","6890","6024","5596","6257","6411","4641","6041","5557","6634","8837","8873","7371","6289","5750","4947","5886","5633","5180","5350","5295","6873","8191","8915","8479","6206","4923","5986","5564","5469","5159","5084","5690","7168","7985","8087","8256","6178","5258","5505","5589","6062","6537","5071","5539","6710","6548","7951","7086","5158","5375","4996",
"충청북도","총전입[명]","명","17734","24235","25808","19256","20058","17616","14600","17770","16812","21988","20822","18456","17213","23725","25687","20276","17932","16268","14647","17068","17301","19743","18483","22485","22333","21230","26344","22512","19842","15660","15231","20872","16842","21679","19638","21388","19452","23709","23379","19602","18909","17736","18695","23286","18161","23382","19340","20764","17530","24363","24635","18747","17804","16788","17967","19685","15074","18124","18014","22436","19913","22126","23844","20704","18325","17144","14621","19037","18071","19556","20974","21592","19595","26156","25591","18401","18800","22359","18505","20178","18237","18425","19040","20690","24498","25647","23502","20274","22356","18068","18632","21212","16299","22210","19884","20851","22299","25726","24373","20744","18740","17172","17422","21004","19664","21230","16871","19427","17379","23415","24223","19406","17580","19560","18103","18507","17921","18774","17186","20818","18707","21605","23348","18247","16435","21680","18407","19527","15879","18992","20264","22580","19342","22402","23249","18600","18132","17076","16372","19633","17068","18730","18284","19706","17178","22622","20848","17516","17176","15807","17242","16697","14653","18398","16713","17413","17218","19979","20314","19322","17058","17100","18288","16447","14295","19206","16784","19962","16093","20323","18850","20660","17741","17440","17220","17009","15801","18326","16568","19913","18060","18098","22178","17890","15353","19698","17711","16199","14307","17464","16401","21267","17449","19374","20021","16527","16024","14684","14742","16696","14253","16509","17612","18788","16809","20859","19145","15093","15601","15333","15148","16739","15261","13354","15944","17891","19100","19384","21672","17325","16609","13981","15097","16365","14140","23688","20000","21525","21634","20595","17892","16665","16272","13028","14167","16609","15404","20353","18601","20176","20320","20845","22105","16583","16664","20531","17247","15964","17004","18901","18625","25106","20302","20952","20652","18142","16237","17823","16083","15833","16286","16177","15915","19898","16260","19541","18547","14661","15363","15406",
"충청북도","총전출[명]","명","18723","24961","26095","19652","20214","17801","14991","18081","16721","21947","21008","19365","17512","24211","25567","20041","18685","17148","15299","17960","18118","20263","19587","24965","22045","22715","26230","23324","20321","16178","16317","21495","17287","22105","20458","23298","20256","24736","24238","19864","19529","18161","18732","22930","18054","23620","19333","23043","17520","25058","24939","18766","18289","17158","17145","19891","16024","18934","19440","23820","20908","23274","23992","20836","18478","17209","14738","19205","18160","19492","21212","23111","20276","26641","25647","17995","18413","21772","17423","19861","17536","18213","19083","21367","24405","25544","22952","19738","21808","17723","17963","20682","15822","21463","19138","20503","22347","25183","23414","19871","17794","16597","17090","20410","18631","20203","16637","19582","17738","23519","24023","18854","17365","19052","17886","18356","17321","18137","16986","21114","18925","21593","23344","18001","16011","20762","17985","19128","15363","18254","19151","21190","18791","21706","22650","17642","17520","16636","15698","18862","16433","17857","17214","19506","17288","22870","20079","16805","16809","15211","16638","16479","14055","17534","16607","17247","17487","20596","20358","18701","16657","15988","18204","16501","13964","18317","16492","19595","16363","20470","19187","19391","17555","16743","16858","16690","15332","18128","16639","20221","18712","18742","21946","17641","14872","17932","18383","16518","14333","17273","16280","20556","17631","19842","19717","15721","15220","14382","14375","16554","13948","15935","16534","17809","16797","20587","19379","14363","15685","15310","15060","16726","15102","13116","15352","17438","19359","19052","21085","16899","15971","14062","14754","16302","13837","22666","19421","20329","21478","20772","17929","15827","15798","13201","14373","16472","15284","20000","18214","19483","20743","21342","22830","17433","16422","19437","16684","15657","16600","18006","17757","23530","21205","21225","20853","17260","15283","16673","15852","15937","16475","15713","15329","19033","16324","19187","17359","14051","15089","14999",
"충청북도","순이동[명]","명","-989","-726","-287","-396","-156","-185","-391","-311","91","41","-186","-909","-299","-486","120","235","-753","-880","-652","-892","-817","-520","-1104","-2480","288","-1485","114","-812","-479","-518","-1086","-623","-445","-426","-820","-1910","-804","-1027","-859","-262","-620","-425","-37","356","107","-238","7","-2279","10","-695","-304","-19","-485","-370","822","-206","-950","-810","-1426","-1384","-995","-1148","-148","-132","-153","-65","-117","-168","-89","64","-238","-1519","-681","-485","-56","406","387","587","1082","317","701","212","-43","-677","93","103","550","536","548","345","669","530","477","747","746","348","-48","543","959","873","946","575","332","594","1033","1027","234","-155","-359","-104","200","552","215","508","217","151","600","637","200","-296","-218","12","4","246","424","918","422","399","516","738","1113","1390","551","696","599","958","612","440","674","771","635","873","1070","200","-110","-248","769","711","367","596","604","218","598","864","106","166","-269","-617","-44","621","401","1112","84","-54","331","889","292","367","-270","-147","-337","1269","186","697","362","319","469","198","-71","-308","-652","-644","232","249","481","1766","-672","-319","-26","191","121","711","-182","-468","304","806","804","302","367","142","305","574","1078","979","12","272","-234","730","-84","23","88","13","159","238","592","453","-259","332","587","426","638","-81","343","63","303","1022","579","1196","156","-177","-37","838","474","-173","-206","137","120","353","387","693","-423","-497","-725","-850","242","1094","563","307","404","895","868","1576","-903","-273","-201","882","954","1150","231","-104","-189","464","586","865","-64","354","1188","610","274","407",
"충청북도","시도간전입[명]","명","5809","8712","8690","6496","6855","5903","4946","6274","5695","6810","6330","5651","5589","9001","8849","7041","6101","5405","5132","5996","5488","5994","5605","6165","7592","7356","8569","7118","6531","5066","5094","6374","5539","6711","6040","5984","6368","8623","7623","6665","6020","5962","5864","6729","5866","7084","6324","6244","6296","8884","8572","6560","5987","5940","6625","7811","5112","5742","5601","7346","6257","7633","8113","6549","6114","5833","5315","7104","6189","6231","6162","7026","6578","9171","8950","6567","6838","6959","6165","7294","6270","6208","6560","7635","8271","9049","8290","7033","6732","5711","6139","7363","5556","7913","7050","7471","7621","9266","8883","7366","6801","6320","6275","6478","6672","6821","5482","6852","6291","8717","8513","6671","6107","6480","6148","6708","6567","6446","5855","7153","6481","8172","8785","6695","6069","6463","5945","7003","5617","6587","6936","7851","6863","8682","8554","6574","6466","6058","5791","7339","6176","6723","6519","7170","6627","9268","8191","6611","6249","5677","5828","6186","5291","6604","5831","6439","6775","8047","7269","6587","5904","5831","5704","5740","5045","6541","5731","6840","6177","8551","7335","7177","6098","6020","6079","6204","6039","6523","5771","7356","7009","7633","8636","6522","5881","7655","6139","6186","5322","6528","5905","7946","6926","8225","7984","6434","6150","5812","5471","6405","5354","5937","6516","7309","6558","9010","7664","6419","6043","5708","5554","6339","5738","5083","6296","6940","7581","8247","8219","6383","6409","5368","6229","6352","4782","6856","6090","7500","8089","8243","7275","6734","6180","4928","5631","6039","5484","5889","5955","7565","7464","8377","7741","5536","6126","7391","6218","6251","6016","6189","6537","8896","7169","7966","8215","6761","6387","6957","6428","6479","6835","5866","6127","7680","6578","8937","8520","5972","6064","5708",
"충청북도","시도간전출[명]","명","6798","9438","8977","6892","7011","6088","5337","6585","5604","6769","6516","6560","5888","9487","8729","6806","6854","6285","5784","6888","6305","6514","6709","8645","7304","8841","8455","7930","7010","5584","6180","6997","5984","7137","6860","7894","7172","9650","8482","6927","6640","6387","5901","6373","5759","7322","6317","8523","6286","9579","8876","6579","6472","6310","5803","8017","6062","6552","7027","8730","7252","8781","8261","6681","6267","5898","5432","7272","6278","6167","6400","8545","7259","9656","9006","6161","6451","6372","5083","6977","5569","5996","6603","8312","8178","8946","7740","6497","6184","5366","5470","6833","5079","7166","6304","7123","7669","8723","7924","6493","5855","5745","5943","5884","5639","5794","5248","7007","6650","8821","8313","6119","5892","5972","5931","6557","5967","5809","5655","7449","6699","8160","8781","6449","5645","5545","5523","6604","5101","5849","5823","6461","6312","7986","7955","5616","5854","5618","5117","6568","5541","5850","5449","6970","6737","9516","7422","5900","5882","5081","5224","5968","4693","5740","5725","6273","7044","8664","7313","5966","5503","4719","5620","5794","4714","5652","5439","6473","6447","8698","7672","5908","5912","5323","5717","5885","5570","6325","5842","7664","7661","8277","8404","6273","5400","5889","6811","6505","5348","6337","5784","7235","7108","8693","7680","5628","5346","5510","5104","6263","5049","5363","5438","6330","6546","8738","7898","5689","6127","5685","5466","6326","5579","4845","5704","6487","7840","7915","7632","5957","5771","5449","5886","6289","4479","5834","5511","6304","7933","8420","7312","5896","5706","5101","5837","5902","5364","5536","5568","6872","7887","8874","8466","6386","5884","6297","5655","5944","5612","5294","5669","7320","8072","8239","8416","5879","5433","5807","6197","6583","7024","5402","5541","6815","6642","8583","7332","5362","5790","5301",
"충청남도","총전입[명]","명","20029","27721","30554","22698","23423","21158","16109","19225","19120","22411","21573","21578","18432","27914","28551","22770","22359","19510","17541","20503","19758","21573","25006","22624","22998","24347","28885","24959","24159","18182","18189","20669","20377","23105","23487","25463","21806","29186","27797","25395","23304","24045","22716","22006","23119","30232","27743","35390","24043","32304","32476","26006","27441","30912","25742","31239","24004","30421","39838","40056","27139","29634","34620","26032","24670","24795","22129","28231","24691","24166","27126","32211","27629","35815","34089","25663","25654","27952","22400","25204","24564","25078","28844","33974","34777","34929","32036","27348","26817","23659","23887","27865","21283","37403","33665","31544","38218","42213","36195","34842","27063","25406","23895","24040","23060","25609","23848","30905","24145","36570","32525","26203","24818","25914","25719","25138","23817","27630","26954","30193","27089","31921","35915","26298","24157","24681","22022","25653","20797","24878","26232","28210","24979","32294","33700","26029","25815","24851","22684","27241","23750","24887","25386","29571","23711","33017","28237","24077","23361","20593","21156","21668","18399","23019","24771","25186","24726","29939","25808","23314","22241","21880","22001","21141","18099","24328","22466","25485","22228","30886","27544","24385","23536","22336","21978","21894","20804","24082","23961","25993","27236","25672","29196","23551","21088","22171","20610","23065","21120","24459","24050","27734","24576","29694","27075","21739","24471","21438","19478","22955","20524","22619","25035","27160","23264","32414","30178","22158","22636","21108","21017","26580","23068","19693","23385","23237","27368","28396","27896","24497","24676","23755","23667","23523","18078","22865","23800","23784","25843","26570","24307","20857","20084","17911","19691","21446","19170","20454","19826","22631","24055","28358","26843","21396","22339","25941","22813","22190","21956","20897","22288","28051","24977","27481","29230","23313","21553","22815","22573","22670","21879","20104","21086","24514","22431","28340","24976","20594","22677","21185",
"충청남도","총전출[명]","명","21091","28871","30166","23008","23770","21551","16983","20201","19299","22752","22494","23155","19755","29631","28829","22876","22604","20350","18530","22047","20057","22283","25620","25587","24538","26665","29116","25914","24489","18723","20025","22608","21315","24599","24178","26275","23851","30902","28524","24019","23849","23487","23135","22915","23070","28671","25746","31888","26747","33040","31474","23579","24219","25301","23977","28399","20917","25854","30044","35948","30498","31681","34039","24951","23900","23480","22176","27484","23439","23369","25821","29607","29358","36845","33797","24365","24881","27023","22607","25565","23727","24053","27363","30227","35324","35029","30803","25452","24905","22534","23714","26420","20347","35269","32003","30050","36593","40652","34042","34754","25427","23087","23100","23304","22276","24912","23071","28547","24106","36796","32239","25282","24081","24807","24695","24660","22445","25473","24620","28307","26344","31243","33107","24108","22748","23603","20953","24945","19684","23622","24453","26865","24850","31469","30803","24122","23942","23483","21227","25985","22333","23275","23878","27179","23479","32724","27423","22601","22255","19475","20451","21677","17928","21891","23696","23746","24286","28774","24858","21832","20972","20565","21098","20109","16842","22649","21386","24682","21804","30009","25750","22877","21712","21642","21582","21853","20872","23615","23129","24972","26747","26228","28378","22558","20165","21263","20431","21272","20627","23930","22769","25312","23967","28601","26291","20926","23236","20051","18960","21718","19233","21113","22948","24402","22634","30003","27861","20211","21164","19354","19512","24570","21619","18413","22073","21923","26298","27741","26562","23331","23793","23147","23416","22710","17716","22029","22797","22681","26122","27053","23777","20685","20194","17580","20148","21538","19249","20506","19892","22840","24999","29472","27850","22465","22113","24381","21779","22166","21778","20623","21638","27122","25706","27628","28040","22133","20300","21859","21539","22381","21748","18718","19712","23909","22549","27458","23851","19213","21526","20071",
"충청남도","순이동[명]","명","-1062","-1150","388","-310","-347","-393","-874","-976","-179","-341","-921","-1577","-1323","-1717","-278","-106","-245","-840","-989","-1544","-299","-710","-614","-2963","-1540","-2318","-231","-955","-330","-541","-1836","-1939","-938","-1494","-691","-812","-2045","-1716","-727","1376","-545","558","-419","-909","49","1561","1997","3502","-2704","-736","1002","2427","3222","5611","1765","2840","3087","4567","9794","4108","-3359","-2047","581","1081","770","1315","-47","747","1252","797","1305","2604","-1729","-1030","292","1298","773","929","-207","-361","837","1025","1481","3747","-547","-100","1233","1896","1912","1125","173","1445","936","2134","1662","1494","1625","1561","2153","88","1636","2319","795","736","784","697","777","2358","39","-226","286","921","737","1107","1024","478","1372","2157","2334","1886","745","678","2808","2190","1409","1078","1069","708","1113","1256","1779","1345","129","825","2897","1907","1873","1368","1457","1256","1417","1612","1508","2392","232","293","814","1476","1106","1118","705","-9","471","1128","1075","1440","440","1165","950","1482","1269","1315","903","1032","1257","1679","1080","803","424","877","1794","1508","1824","694","396","41","-68","467","832","1021","489","-556","818","993","923","908","179","1793","493","529","1281","2422","609","1093","784","813","1235","1387","518","1237","1291","1506","2087","2758","630","2411","2317","1947","1472","1754","1505","2010","1449","1280","1312","1314","1070","655","1334","1166","883","608","251","813","362","836","1003","1103","-279","-483","530","172","-110","331","-457","-92","-79","-52","-66","-209","-944","-1114","-1007","-1069","226","1560","1034","24","178","274","650","929","-729","-147","1190","1180","1253","956","1034","289","131","1386","1374","605","-118","882","1125","1381","1151","1114",
"충청남도","시도간전입[명]","명","9284","13038","13654","10057","10406","9103","7492","9121","8419","10031","9335","9266","8431","13029","12951","10399","9814","8585","8151","9451","8696","9228","9629","9418","10419","11021","13083","10909","10353","8162","8034","9371","8266","9955","9605","10551","9518","13569","12749","12358","10413","10557","9587","9872","9641","12429","12181","16797","10421","15257","14811","12682","13374","15799","12166","14056","11235","14432","20220","19817","11819","13139","15558","12146","11513","11646","9777","12640","11264","10857","11467","15091","11655","15607","14831","11135","11068","11292","9309","11191","10290","10586","12002","16326","14370","15283","14587","12731","12379","10784","10280","13259","9528","14391","12861","14134","15175","16667","15294","12565","11940","12047","11005","11296","10373","10881","9437","14312","11023","15250","14042","11012","10653","11230","10735","11167","10777","11651","11285","13043","11711","14235","16798","12281","10655","10679","9931","11457","9474","10296","10939","12025","11395","14527","15368","11355","11491","10518","9958","11812","10405","10952","10708","13046","10706","15087","12410","10276","9945","9043","9067","9742","7914","10083","10064","11115","11125","13886","11388","10318","9634","8856","9150","9445","7969","10393","9190","10518","9950","14061","12514","10871","10457","9363","9711","8850","8538","9826","9111","11274","11672","11490","12887","10072","9119","9512","9161","10972","8802","10004","9862","12903","10950","13442","12015","9179","9492","9306","8354","10357","8672","9560","10087","12344","10813","15175","13324","9768","10084","9541","9323","11259","9306","8353","9394","10786","12382","12794","12535","10223","9490","8841","9276","10110","7350","9694","9333","10612","12049","12716","11371","9152","8729","7707","8440","8857","8163","8768","8402","10483","11182","12927","11787","8734","9411","10877","9690","9532","8906","8705","9459","12551","11113","12388","13238","10001","9281","9404","9891","9979","10388","9192","9637","11174","10270","13093","11862","9133","9463","8993",
"충청남도","시도간전출[명]","명","10346","14188","13266","10367","10753","9496","8366","10097","8598","10372","10256","10843","9754","14746","13229","10505","10059","9425","9140","10995","8995","9938","10243","12381","11959","13339","13314","11864","10683","8703","9870","11310","9204","11449","10296","11363","11563","15285","13476","10982","10958","9999","10006","10781","9592","10868","10184","13295","13125","15993","13809","10255","10152","10188","10401","11216","8148","9865","10426","15709","15178","15186","14977","11065","10743","10331","9824","11893","10012","10060","10162","12487","13384","16637","14539","9837","10295","10363","9516","11552","9453","9561","10521","12579","14917","15383","13354","10835","10467","9659","10107","11814","8592","12257","11199","12640","13550","15106","13141","12477","10304","9728","10210","10560","9589","10184","8660","11954","10984","15476","13756","10091","9916","10123","9711","10689","9405","9494","8951","11157","10966","13557","13990","10091","9246","9601","8862","10749","8361","9040","9160","10680","11266","13702","12471","9448","9618","9150","8501","10556","8988","9340","9200","10654","10474","14794","11596","8800","8839","7925","8362","9751","7443","8955","8989","9675","10685","12721","10438","8836","8365","7541","8247","8413","6712","8714","8110","9715","9526","13184","10720","9363","8633","8669","9315","8809","8606","9359","8279","10253","11183","12046","12069","9079","8196","8604","8982","9179","8309","9475","8581","10481","10341","12349","11231","8366","8257","7919","7836","9120","7381","8054","8000","9586","10183","12764","11007","7821","8612","7787","7818","9249","7857","7073","8082","9472","11312","12139","11201","9057","8607","8233","9025","9297","6988","8858","8330","9509","12328","13199","10841","8980","8839","7376","8897","8949","8242","8820","8468","10692","12126","14041","12794","9803","9185","9317","8656","9508","8728","8431","8809","11622","11842","12535","12048","8821","8028","8448","8857","9690","10257","7806","8263","10569","10388","12211","10737","7752","8312","7879",
"전북특별자치도","총전입[명]","명","28898","36260","37777","28974","30259","27762","21435","23625","22735","29136","31371","32396","25221","35707","36265","29977","27621","29174","23022","24965","24811","26053","32346","55781","30732","31950","35360","34088","30691","22866","22399","23091","21844","28308","28762","28463","24121","33848","33734","29874","31252","30888","26528","26325","23331","33398","29868","74132","32412","35790","34745","24320","24683","23818","21469","25410","20208","22880","28220","35956","27363","28896","30470","23949","23822","22581","20264","24424","23950","23384","28472","33962","27169","36992","34553","25193","24710","26406","23244","25199","23709","22586","25952","31524","32831","36082","32072","24814","23873","24266","20970","22999","18581","29628","29757","37084","36260","36660","31447","25990","23849","22166","22183","22390","22814","25567","22798","30371","24408","33979","31840","25697","24829","25421","23310","23123","23068","24194","24331","29937","26188","30862","33808","26737","22813","24128","21717","23237","19789","22557","25860","28093","24447","29831","32727","23973","23730","26370","21433","25565","24073","23459","25092","27311","23584","30834","27478","21635","21667","19748","21091","20093","17813","21714","22604","23574","23622","26811","24042","21558","19347","17975","18799","18883","16467","21374","22605","26715","22206","28472","27264","22844","20666","19289","22427","21180","19972","22694","21394","25929","22448","24021","26708","21987","18601","19608","19298","21078","18501","21714","22673","25195","20207","24447","25641","18996","19474","19922","16979","19681","16884","18586","22437","24934","20975","25336","23022","16925","18192","16964","17423","18559","16893","14990","18866","23902","23420","25288","25393","21353","20119","17201","17971","18869","14529","18628","19302","21251","22266","23797","22556","19189","17233","14484","17448","16965","16265","18041","18806","21725","22316","24287","23599","19116","17710","20423","20489","18830","20169","19251","19500","23393","20333","20731","21930","17228","16396","18077","18118","16937","17856","17072","18964","20068","16959","20238","18390","14998","16077","16265",
"전북특별자치도","총전출[명]","명","32455","39256","40036","30977","32387","29257","23082","25494","23934","31025","31309","33006","29896","39318","38640","31991","29215","29358","25592","27054","26275","27635","30556","37324","50552","38057","40166","37135","33552","25577","25221","26097","24182","31186","31717","31847","27137","38049","36377","31677","32542","30610","30268","28898","25348","34362","33422","51648","54095","43224","39099","27242","25748","25878","24115","27334","21551","25096","29944","37554","30993","31648","33283","26025","25525","24093","21287","26328","25298","25270","30066","36198","29451","39969","36038","26228","25766","28356","24581","26837","24723","23390","27685","33375","35111","38202","33624","25954","24839","24012","22862","24770","19126","29013","30516","35802","40140","38498","32511","26839","24596","22907","22598","22916","23067","25675","23041","30257","25359","35001","32417","25792","25085","25535","23840","23519","23536","24358","24209","30292","26972","31198","34323","26392","22738","24612","21921","23537","19604","22812","25750","28378","25038","30562","32910","23935","23436","25036","21075","24989","22780","23629","25200","27700","24472","31412","26833","22236","22175","19792","21510","20353","17900","21846","22605","23992","24731","27474","24547","21561","19913","18219","18949","19081","16409","21448","21931","26132","23045","29514","27444","22888","20550","19838","22029","20775","20298","23051","21410","26058","22976","24467","27521","22045","18725","20064","19715","21547","18406","21781","22314","25101","21659","25209","26441","19508","20054","19764","17243","20063","17360","19158","21806","24342","22213","26503","23962","17498","18741","17650","18172","19370","17334","15565","19331","22914","25710","27010","26575","22109","20729","18460","19355","20130","15230","19491","20203","22095","23930","25655","23912","20044","18353","15264","18391","17940","16979","18647","19440","22968","23350","25856","25269","20086","18710","21151","20756","19354","20375","19181","19650","23839","21142","21678","22727","17747","16136","17676","18133","17800","18688","17647","19284","20853","17820","20991","18954","15000","16691","16654",
"전북특별자치도","순이동[명]","명","-3557","-2996","-2259","-2003","-2128","-1495","-1647","-1869","-1199","-1889","62","-610","-4675","-3611","-2375","-2014","-1594","-184","-2570","-2089","-1464","-1582","1790","18457","-19820","-6107","-4806","-3047","-2861","-2711","-2822","-3006","-2338","-2878","-2955","-3384","-3016","-4201","-2643","-1803","-1290","278","-3740","-2573","-2017","-964","-3554","22484","-21683","-7434","-4354","-2922","-1065","-2060","-2646","-1924","-1343","-2216","-1724","-1598","-3630","-2752","-2813","-2076","-1703","-1512","-1023","-1904","-1348","-1886","-1594","-2236","-2282","-2977","-1485","-1035","-1056","-1950","-1337","-1638","-1014","-804","-1733","-1851","-2280","-2120","-1552","-1140","-966","254","-1892","-1771","-545","615","-759","1282","-3880","-1838","-1064","-849","-747","-741","-415","-526","-253","-108","-243","114","-951","-1022","-577","-95","-256","-114","-530","-396","-468","-164","122","-355","-784","-336","-515","345","75","-484","-204","-300","185","-255","110","-285","-591","-731","-183","38","294","1334","358","576","1293","-170","-108","-389","-888","-578","645","-601","-508","-44","-419","-260","-87","-132","-1","-418","-1109","-663","-505","-3","-566","-244","-150","-198","58","-74","674","583","-839","-1042","-180","-44","116","-549","398","405","-326","-357","-16","-129","-528","-446","-813","-58","-124","-456","-417","-469","95","-67","359","94","-1452","-762","-800","-512","-580","158","-264","-382","-476","-572","631","592","-1238","-1167","-940","-573","-549","-686","-749","-811","-441","-575","-465","988","-2290","-1722","-1182","-756","-610","-1259","-1384","-1261","-701","-863","-901","-844","-1664","-1858","-1356","-855","-1120","-780","-943","-975","-714","-606","-634","-1243","-1034","-1569","-1670","-970","-1000","-728","-267","-524","-206","70","-150","-446","-809","-947","-797","-519","260","401","-15","-863","-832","-575","-320","-785","-861","-753","-564","-2","-614","-389",
"전북특별자치도","시도간전입[명]","명","6157","8465","8694","6269","6696","6582","5098","6044","5496","6689","8031","8353","5501","8392","8296","6347","6286","7712","5628","6538","5710","6261","10030","28677","6085","7117","7827","6808","6412","4575","4857","5702","5057","6189","5566","5912","5543","7837","7908","6818","7223","8405","5582","6011","5631","8296","5892","34744","5516","8152","8185","5717","6705","6146","5162","6489","4983","5263","5864","9111","6077","7114","7430","5951","5684","5577","5383","6389","5943","5464","5926","7527","6166","8570","8413","6225","6314","5801","5015","6610","5705","5774","6031","8402","7878","8183","7593","6364","6213","6590","5054","6207","5097","8867","6907","10354","7293","8936","7905","6613","6070","5536","6002","6098","6044","6379","5350","7898","6385","8698","8281","6413","6228","6587","5839","6541","5675","5979","5656","7070","6428","8148","8637","6581","5816","5715","5713","6684","5292","5638","5763","6493","6045","7744","7821","6126","6009","6890","5623","7321","7106","5991","5770","6729","6270","8668","8246","5990","5832","5212","4940","5496","4703","5587","5675","5962","6097","7608","6539","5651","4986","4694","5117","5354","4569","5455","5533","6930","5642","7715","7080","6055","5504","4904","5800","5980","5083","5424","4785","6640","6263","6716","7132","5609","4963","5172","5090","5476","4802","5232","5494","6807","5386","7183","6776","4892","4982","5321","4582","5453","4308","4740","5747","7161","5851","7795","6837","4919","4983","4470","4296","5086","4383","4027","4730","7332","5910","6369","6276","4976","4731","4195","4342","4849","3586","4713","4512","5519","6095","6188","5634","4765","4371","3682","4396","4517","4212","4421","4552","5585","5870","6583","6215","4589","4322","4882","4697","4851","4609","4565","5034","6408","5668","6284","6590","4789","4738","4927","4910","4848","4900","4095","4506","5223","5036","6602","5662","4286","4353","4086",
"전북특별자치도","시도간전출[명]","명","9714","11461","10953","8272","8824","8077","6745","7913","6695","8578","7969","8963","10176","12003","10671","8361","7880","7896","8198","8627","7174","7843","8240","10220","25905","13224","12633","9855","9273","7286","7679","8708","7395","9067","8521","9296","8559","12038","10551","8621","8513","8127","9322","8584","7648","9260","9446","12260","27199","15586","12539","8639","7770","8206","7808","8413","6326","7479","7588","10709","9707","9866","10243","8027","7387","7089","6406","8293","7291","7350","7520","9763","8448","11547","9898","7260","7370","7751","6352","8248","6719","6578","7764","10253","10158","10303","9145","7504","7179","6336","6946","7978","5642","8252","7666","9072","11173","10774","8969","7462","6817","6277","6417","6624","6297","6487","5593","7784","7336","9720","8858","6508","6484","6701","6369","6937","6143","6143","5534","7425","7212","8484","9152","6236","5741","6199","5917","6984","5107","5893","5653","6778","6636","8475","8004","6088","5715","5556","5265","6745","5813","6161","5878","7118","7158","9246","7601","6591","6340","5256","5359","5756","4790","5719","5676","6380","7206","8271","7044","5654","5552","4938","5267","5552","4511","5529","4859","6347","6481","8757","7260","6099","5388","5453","5402","5575","5409","5781","4801","6769","6791","7162","7945","5667","5087","5628","5507","5945","4707","5299","5135","6713","6838","7945","7576","5404","5562","5163","4846","5835","4784","5312","5116","6569","7089","8962","7777","5492","5532","5156","5045","5897","4824","4602","5195","6344","8200","8091","7458","5732","5341","5454","5726","6110","4287","5576","5413","6363","7759","8046","6990","5620","5491","4462","5339","5492","4926","5027","5186","6828","6904","8152","7885","5559","5322","5610","4964","5375","4815","4495","5184","6854","6477","7231","7387","5308","4478","4526","4925","5711","5732","4670","4826","6008","5897","7355","6226","4288","4967","4475",
"전라남도","총전입[명]","명","26142","32763","34914","23843","27736","37037","20950","21662","22121","24840","25043","28460","22965","32725","34333","25430","24553","39701","21994","23711","22032","21933","23999","27616","28610","28782","40093","32715","27352","18224","20528","20715","20937","27391","24960","26340","23092","39466","35873","27088","26632","31172","23151","21243","21804","25195","22474","29392","23555","31099","31394","21129","20230","21193","18093","20151","18019","21532","23150","27028","25228","27518","32929","22747","22987","21402","18016","24803","22235","20617","22152","23778","22781","32459","34028","23024","21911","22262","18682","21602","19551","19187","22972","25817","28139","29563","29202","22907","20722","19183","19321","21887","18224","27055","25008","25968","28305","32122","29632","22647","19951","19230","19812","20223","20230","21129","18834","25791","23177","30669","30666","21871","20348","21672","20888","21342","19794","21436","21325","27863","23218","27316","32551","22295","18921","19644","19938","20046","17926","19133","19932","24680","22621","26958","28545","20160","18950","20640","17538","20670","19360","19985","20040","25772","20977","27996","25219","18717","18489","16674","16381","16653","15096","18624","21272","22928","22876","25181","24427","19558","18859","17279","19067","17233","14945","19205","20360","25339","21057","28378","28663","23491","19210","19715","19488","19701","17871","19026","18248","25430","21817","21225","25307","19356","16484","19390","20058","20383","17879","20815","19913","27477","19642","24258","24802","17935","18097","17659","16610","19007","15793","16900","18921","24508","19979","24414","22288","17470","17433","16008","16888","17648","16496","15183","18721","24976","22457","21302","22567","17929","17321","15526","16616","18159","13200","17881","18899","22527","21716","21376","19907","18190","17371","15099","16258","16938","15782","16888","18313","26645","20955","21529","22901","18167","17043","17919","18072","19768","18213","17909","20556","25984","22058","22046","23393","18130","16315","16446","16412","16829","16714","15492","17725","22059","18840","21012","19299","15644","16357","14711",
"전라남도","총전출[명]","명","30678","37008","37705","26927","28921","27503","30403","27302","25664","28272","28598","30068","26936","37907","37150","27719","25807","27764","33599","29112","25419","25569","27769","32665","33679","33968","41286","33632","29386","22738","25920","25735","24496","31096","29328","31535","26960","39208","36655","29860","29328","29351","30009","25924","25259","28562","25837","35732","26625","36389","34750","23697","22021","22396","20945","23030","19667","23521","25403","30381","27935","30726","34475","23826","24143","21852","19340","26326","23298","21915","23322","27261","25611","36074","34578","23588","22446","25340","20607","24340","21592","20810","25021","28954","30553","32613","30784","23776","22015","19741","19914","22987","18902","28094","25789","28584","30289","34828","30114","23359","20733","19758","20944","21415","21297","21974","19728","26785","23881","32587","30746","22276","21211","21766","21261","22444","21012","21435","21727","28130","24721","29216","32157","22115","19167","21336","21165","22018","18610","20243","20439","24474","24429","29871","28657","20563","19197","20094","18620","22081","19244","19772","19564","24369","22736","29883","25086","18848","18365","16479","16874","17664","15562","18861","21502","22220","24481","26459","24395","19762","18990","17032","19609","17894","15117","19000","19395","24501","21766","29478","27877","21927","20055","20937","20528","20738","18676","18930","17601","22361","23283","22226","25997","19303","16350","19065","19680","19830","17168","19522","20020","23724","21590","25284","25068","18134","18469","17721","17153","19636","16490","16814","18445","22533","21243","25694","23082","17065","17614","16439","17077","18938","16892","15405","18570","22532","24787","22799","23022","17630","17621","16939","17929","19723","14539","18626","18218","20581","25181","23935","21218","18861","18382","15881","17573","18303","16594","17262","17208","22873","24283","23596","24927","19807","17610","18671","18817","20633","18612","17681","19923","24210","22369","22253","23903","17898","16325","16953","16999","17526","18792","15592","17505","21991","18299","21251","19798","14988","16178","15054",
"전라남도","순이동[명]","명","-4536","-4245","-2791","-3084","-1185","9534","-9453","-5640","-3543","-3432","-3555","-1608","-3971","-5182","-2817","-2289","-1254","11937","-11605","-5401","-3387","-3636","-3770","-5049","-5069","-5186","-1193","-917","-2034","-4514","-5392","-5020","-3559","-3705","-4368","-5195","-3868","258","-782","-2772","-2696","1821","-6858","-4681","-3455","-3367","-3363","-6340","-3070","-5290","-3356","-2568","-1791","-1203","-2852","-2879","-1648","-1989","-2253","-3353","-2707","-3208","-1546","-1079","-1156","-450","-1324","-1523","-1063","-1298","-1170","-3483","-2830","-3615","-550","-564","-535","-3078","-1925","-2738","-2041","-1623","-2049","-3137","-2414","-3050","-1582","-869","-1293","-558","-593","-1100","-678","-1039","-781","-2616","-1984","-2706","-482","-712","-782","-528","-1132","-1192","-1067","-845","-894","-994","-704","-1918","-80","-405","-863","-94","-373","-1102","-1218","1","-402","-267","-1503","-1900","394","180","-246","-1692","-1227","-1972","-684","-1110","-507","206","-1808","-2913","-112","-403","-247","546","-1082","-1411","116","213","476","1403","-1759","-1887","133","-131","124","195","-493","-1011","-466","-237","-230","708","-1605","-1278","32","-204","-131","247","-542","-661","-172","205","965","838","-709","-1100","786","1564","-845","-1222","-1040","-1037","-805","96","647","3069","-1466","-1001","-690","53","134","325","378","553","711","1293","-107","3753","-1948","-1026","-266","-199","-372","-62","-543","-629","-697","86","476","1975","-1264","-1280","-794","405","-181","-431","-189","-1290","-396","-222","151","2444","-2330","-1497","-455","299","-300","-1413","-1313","-1564","-1339","-745","681","1946","-3465","-2559","-1311","-671","-1011","-782","-1315","-1365","-812","-374","1105","3772","-3328","-2067","-2026","-1640","-567","-752","-745","-865","-399","228","633","1774","-311","-207","-510","232","-10","-507","-587","-697","-2078","-100","220","68","541","-239","-499","656","179","-343",
"전라남도","시도간전입[명]","명","9593","12914","13720","8981","11565","20693","7408","8457","8282","9326","8639","11367","8558","12557","13080","9748","10052","22461","7388","8902","7804","8475","8431","9779","10039","10398","14802","12014","10545","6041","6642","7615","7203","8757","7788","8574","8567","17634","14677","9949","9647","13587","7887","8291","7767","8978","8024","10734","9662","11986","12501","8183","8093","8551","7156","8368","7180","7939","7971","10004","9232","10256","11904","8868","8561","9018","7137","9528","8839","8395","8744","9456","8990","12595","13288","9452","9259","8099","7118","8758","7448","7618","8502","10227","11117","11446","11116","9291","8545","8055","8070","9323","7097","10157","9251","9900","10424","11685","11347","9128","8101","7566","7482","7786","7715","7955","6768","9305","8699","11755","11724","8359","8157","8847","8216","8474","7556","8556","7691","10098","8692","10494","12737","8856","7739","7479","7044","7840","6803","7152","7581","9840","7868","9638","11029","7767","7666","8433","6759","8259","7736","7882","7962","10687","8215","11170","9999","7588","7611","7020","6654","7056","5879","7712","7555","9144","8405","9791","9342","7474","6948","6791","6721","6787","5981","7630","7688","9305","7852","10299","10451","9623","7177","6808","6827","6688","6739","7615","7191","11517","8859","8817","10240","8216","6920","7478","7394","7958","7060","8885","8026","12548","7630","9859","9822","7047","6837","7023","6310","7546","6201","6993","7625","10281","7759","10219","9215","7327","7077","6308","6306","6931","6304","5698","7025","10163","8315","8454","9039","7594","6970","5932","6486","6804","4914","6973","7777","10153","8207","8682","7829","6888","6290","5445","6160","6161","6015","6399","7635","12358","7675","8708","8510","6340","6483","6885","6246","6283","6302","6348","7462","10561","8597","8645","8945","7033","6219","5948","6307","6716","6535","6194","6296","7613","7288","8728","7288","6246","6274","5515",
"전라남도","시도간전출[명]","명","14129","17159","16511","12065","12750","11159","16861","14097","11825","12758","12194","12975","12529","17739","15897","12037","11306","10524","18993","14303","11191","12111","12201","14828","15108","15584","15995","12931","12579","10555","12034","12635","10762","12462","12156","13769","12435","17376","15459","12721","12343","11766","14745","12972","11222","12345","11387","17074","12732","17276","15857","10751","9884","9754","10008","11247","8828","9928","10224","13357","11939","13464","13450","9947","9717","9468","8461","11051","9902","9693","9914","12939","11820","16210","13838","10016","9794","11177","9043","11496","9489","9241","10551","13364","13531","14496","12698","10160","9838","8613","8663","10423","7775","11196","10032","12516","12408","14391","11829","9840","8883","8094","8614","8978","8782","8800","7662","10299","9403","13673","11804","8764","9020","8941","8589","9576","8774","8555","8093","10365","10195","12394","12343","8676","7985","9171","8271","9812","7487","8262","8088","9634","9676","12551","11141","8170","7913","7887","7841","9670","7620","7669","7486","9284","9974","13057","9866","7719","7487","6825","7147","8067","6345","7949","7785","8436","10010","11069","9310","7678","7079","6544","7263","7448","6153","7425","6723","8467","8561","11399","9665","8059","8022","8030","7867","7725","7544","7519","6544","8448","10325","9818","10930","8163","6786","7153","7016","7405","6349","7592","8133","8795","9578","10885","10088","7246","7209","7085","6853","8175","6898","6907","7149","8306","9023","11499","10009","6922","7258","6739","6495","8221","6700","5920","6874","7719","10645","9951","9494","7295","7270","7345","7799","8368","6253","7718","7096","8207","11672","11241","9140","7559","7301","6227","7475","7526","6827","6773","6530","8586","11003","10775","10536","7980","7050","7637","6991","7148","6701","6120","6829","8787","8908","8852","9455","6801","6229","6455","6894","7413","8613","6294","6076","7545","6747","8967","7787","5590","6095","5858",
"경상북도","총전입[명]","명","31395","40951","41171","28186","33801","31559","23890","26906","26164","31598","31723","33294","26622","38724","39256","30431","29575","28334","23955","27976","28162","28729","34423","44639","36919","36939","42254","35192","33862","23420","24234","26571","23304","32136","29935","39823","30539","37642","35258","30814","29097","31210","26681","26926","26331","31728","28344","36436","31872","39970","39854","28068","25465","25298","24285","27082","23659","28397","30654","36160","29269","33930","38988","31563","30643","28236","26144","30319","27361","29774","32283","36201","36042","45193","43296","34056","31042","28808","23313","27943","26364","27108","30713","37608","37171","39337","37701","30459","28154","26006","26436","27990","23750","36562","33423","33936","35177","38871","38670","30437","26775","26516","26517","27295","26294","27819","25953","32973","27708","39474","38336","30832","30280","28276","28241","28398","26691","26854","27755","34399","28511","35166","40369","31001","26872","27191","24319","27342","23448","26651","30058","33647","29095","34190","36782","29430","27161","27122","27656","30839","27009","28581","28890","36756","28984","38001","33899","27725","27424","23603","22902","23790","20654","27234","30395","30751","30503","32645","32014","26969","25308","25338","24320","23380","21252","27589","26866","32934","28460","34572","34295","28427","25454","23808","25126","23385","30101","26552","24397","32464","29208","31184","35808","28237","24957","30216","28043","25701","22633","27280","29066","32397","27354","33835","34906","25347","24655","23520","21912","25400","21155","24104","25265","28199","25341","31878","29122","21978","22006","21740","24410","28946","27433","23102","26795","28310","29327","29749","30290","26713","25336","23041","23027","24663","19071","25756","25203","27270","29181","30891","29294","25780","25621","22191","22771","21685","20649","22770","24518","31160","28254","31464","31923","28090","22122","24641","22946","21828","23975","23839","25795","32824","28704","31528","34387","26786","24478","24479","23587","23799","24353","22060","24387","29318","24367","29187","27572","21380","22176","19948",
"경상북도","총전출[명]","명","35338","45348","42447","30576","35704","32595","25858","29751","27946","33420","33563","33798","30458","43961","41487","32076","31280","29710","25841","29772","28964","30878","35948","41756","43611","42273","44661","37352","35293","25739","27014","29739","25382","34986","32792","37025","39190","44792","38169","32792","31222","31852","28766","29845","28292","34345","30286","38288","38784","46346","41850","29772","27085","27262","25050","28824","24100","29078","31670","37864","32070","37142","39109","31371","30781","28992","26478","32139","27614","29781","32955","37796","35206","46826","42079","32470","30355","30468","24521","29743","27068","27427","31057","37585","40654","42673","38916","30481","29229","26629","27855","29495","23911","36018","34148","35527","37528","42700","37446","32160","27999","27407","27568","28543","27094","28313","26749","33890","29185","42753","38723","30717","29555","29344","29702","29491","27400","27622","27711","33348","31032","37876","40131","29913","26560","28441","24588","27908","23447","26676","28971","32584","30881","35980","36718","28858","26863","26565","26800","30456","25884","27480","27693","34517","31408","40439","33993","27976","27790","23580","23213","24600","20843","26747","29344","30289","30887","34694","32374","27270","25424","25153","25013","23685","21384","27210","25715","32174","29849","35785","34591","28351","25493","24272","25295","23102","24329","30405","25080","31477","30848","32243","37122","28861","25449","29273","27179","24985","22574","26993","27864","31916","29039","33917","34784","25404","24234","23352","22327","26328","21067","24642","25372","28337","26785","34046","30584","22496","22831","22436","25062","29092","26465","22517","26371","27957","31382","32143","31796","27152","25583","24010","24148","25616","19312","26012","24594","26923","31304","32917","29379","25993","25787","21652","23344","22355","20969","22851","24247","30284","30667","34193","36640","29790","23634","26162","24780","24193","24378","23274","25433","31535","29732","31770","32948","25653","23151","23873","23669","24427","25479","21480","23693","28654","25706","30343","28087","21461","22205","21091",
"경상북도","순이동[명]","명","-3943","-4397","-1276","-2390","-1903","-1036","-1968","-2845","-1782","-1822","-1840","-504","-3836","-5237","-2231","-1645","-1705","-1376","-1886","-1796","-802","-2149","-1525","2883","-6692","-5334","-2407","-2160","-1431","-2319","-2780","-3168","-2078","-2850","-2857","2798","-8651","-7150","-2911","-1978","-2125","-642","-2085","-2919","-1961","-2617","-1942","-1852","-6912","-6376","-1996","-1704","-1620","-1964","-765","-1742","-441","-681","-1016","-1704","-2801","-3212","-121","192","-138","-756","-334","-1820","-253","-7","-672","-1595","836","-1633","1217","1586","687","-1660","-1208","-1800","-704","-319","-344","23","-3483","-3336","-1215","-22","-1075","-623","-1419","-1505","-161","544","-725","-1591","-2351","-3829","1224","-1723","-1224","-891","-1051","-1248","-800","-494","-796","-917","-1477","-3279","-387","115","725","-1068","-1461","-1093","-709","-768","44","1051","-2521","-2710","238","1088","312","-1250","-269","-566","1","-25","1087","1063","-1786","-1790","64","572","298","557","856","383","1125","1101","1197","2239","-2424","-2438","-94","-251","-366","23","-311","-810","-189","487","1051","462","-384","-2049","-360","-301","-116","185","-693","-305","-132","379","1151","760","-1389","-1213","-296","76","-39","-464","-169","283","5772","-3853","-683","987","-1640","-1059","-1314","-624","-492","943","864","716","59","287","1202","481","-1685","-82","122","-57","421","168","-415","-928","88","-538","-107","-138","-1444","-2168","-1462","-518","-825","-696","-652","-146","968","585","424","353","-2055","-2394","-1506","-439","-247","-969","-1121","-953","-241","-256","609","347","-2123","-2026","-85","-213","-166","539","-573","-670","-320","-81","271","876","-2413","-2729","-4717","-1700","-1512","-1521","-1834","-2365","-403","565","362","1289","-1028","-242","1439","1133","1327","606","-82","-628","-1126","580","694","664","-1339","-1156","-515","-81","-29","-1143",
"경상북도","시도간전입[명]","명","10460","14055","15298","10550","11618","10330","8419","9786","8728","11137","10452","12261","9659","13982","13833","10914","10239","9820","8702","10535","9776","10020","10434","16915","12290","12100","13923","12008","11597","7817","8499","9619","8349","10607","9776","16461","9573","12924","12910","10855","10162","11553","9822","9899","9447","11647","10118","13902","10481","13608","14105","10043","9541","9177","9096","10527","8817","10402","10602","13513","10957","12778","15338","12767","12380","10771","10759","12049","11111","11210","11940","14832","14043","17190","16736","13160","12163","10673","8943","11178","10175","11015","11897","15748","13727","14149","13829","12093","10956","9619","9534","11221","9124","13868","11602","12398","12561","13948","15491","11163","10103","9471","9758","10039","9625","10239","9181","12385","10678","14534","14461","11054","11801","10644","10480","11184","10125","10207","10153","13907","10868","13332","15872","12283","10647","9907","9624","10997","9216","10112","11094","12981","10923","13718","14186","11162","10473","10483","10204","11770","10781","10849","11057","14371","10899","15080","13349","10400","10319","9166","9123","10010","8204","10758","11634","12172","11935","13234","12110","10299","9637","9482","9168","9532","8332","10555","10770","12858","10481","14187","13667","11053","9922","9080","9385","9798","15312","9882","9265","13750","11831","13638","14082","10455","9295","11312","10899","10837","8777","10313","11106","13076","10631","14425","13364","9591","9437","9028","8303","9819","8438","8687","9412","11163","10108","13273","11587","8623","8773","8337","8242","10204","9528","8344","9792","11015","11238","11761","11231","9437","9342","8264","8581","9587","7233","9447","9784","11386","11346","12548","11659","9465","9342","8741","8885","8994","8377","9012","9460","12983","11142","12250","11795","9244","8502","9595","8455","8192","9002","9260","9957","13829","11891","13348","14772","10828","10170","9564","9648","9604","10469","8988","9505","11669","9908","13013","12278","8800","9065","7724",
"경상북도","시도간전출[명]","명","14403","18452","16574","12940","13521","11366","10387","12631","10510","12959","12292","12765","13495","19219","16064","12559","11944","11196","10588","12331","10578","12169","11959","14032","18982","17434","16330","14168","13028","10136","11279","12787","10427","13457","12633","13663","18224","20074","15821","12833","12287","12195","11907","12818","11408","14264","12060","15754","17393","19984","16101","11747","11161","11141","9861","12269","9258","11083","11618","15217","13758","15990","15459","12575","12518","11527","11093","13869","11364","11217","12612","16427","13207","18823","15519","11574","11476","12333","10151","12978","10879","11334","12241","15725","17210","17485","15044","12115","12031","10242","10953","12726","9285","13324","12327","13989","14912","17777","14267","12886","11327","10362","10809","11287","10425","10733","9977","13302","12155","17813","14848","10939","11076","11712","11941","12277","10834","10975","10109","12856","13389","16042","15634","11195","10335","11157","9893","11563","9215","10137","10007","11918","12709","15508","14122","10590","10175","9926","9348","11387","9656","9748","9860","12132","13323","17518","13443","10651","10685","9143","9434","10820","8393","10271","10583","11710","12319","15283","12470","10600","9753","9297","9861","9837","8464","10176","9619","12098","11870","15400","13963","10977","9961","9544","9554","9515","9540","13735","9948","12763","13471","14697","15396","11079","9787","10369","10035","10121","8718","10026","9904","12595","12316","14507","13242","9648","9016","8860","8718","10747","8350","9225","9519","11301","11552","15441","13049","9141","9598","9033","8894","10350","8560","7759","9368","10662","13293","14155","12737","9876","9589","9233","9702","10540","7474","9703","9175","11039","13469","14574","11744","9678","9508","8202","9458","9664","8697","9093","9189","12107","13555","14979","16512","10944","10014","11116","10289","10557","9405","8695","9595","12540","12919","13590","13333","9695","8843","8958","9730","10232","11595","8408","8811","11005","11247","14169","12793","8881","9094","8867",
"경상남도","총전입[명]","명","41433","48621","45440","39121","40866","37559","28354","37530","33262","38741","37280","35688","32264","45657","45251","40443","37009","37324","32114","33338","33715","37122","39894","44354","46662","45374","48404","46488","49667","35498","32180","38528","37551","47888","44944","40956","39368","49486","47776","47610","43991","43946","36002","40990","34725","45440","42923","51625","39494","50503","49660","39347","37074","35143","31281","34415","31830","37541","41099","46694","40625","43449","46248","40251","42703","44623","33759","40737","35223","36897","41564","47273","43893","54601","47944","39201","37836","36398","28627","34372","35677","39309","48093","50762","49245","49348","44276","37243","38347","33260","33845","39515","31519","45176","40858","48910","48234","51576","46846","42389","38940","36777","37333","35582","33236","38061","34146","44236","37140","50298","45774","40927","36685","39656","41663","37362","35219","37837","36758","46030","43867","46862","51719","42815","39808","37951","33556","37013","31155","35776","38184","43249","43965","46302","45268","40655","39072","37456","31802","40311","33009","37581","37912","40424","36916","45467","38653","36651","35742","30764","29395","30090","26398","34738","32846","36896","35686","39524","36638","34219","33778","34276","32709","30675","26759","37838","39758","45798","37984","43886","40389","39448","38979","35741","35603","33883","34731","40811","37792","42992","40249","39669","46278","38367","35672","38018","34066","32214","31211","36285","39672","43683","38068","43029","39973","34249","33272","32391","27779","32183","27454","31838","33251","38465","33822","42196","38197","31635","36716","35099","32708","34778","30366","28356","32808","36498","39383","38428","38478","31844","32543","30109","31145","32010","22885","30481","29139","33269","40480","41218","36734","32983","30943","26267","31634","30261","26426","30243","29596","39466","41860","44995","38811","32365","28774","29426","27989","30104","30110","29480","30357","39068","36012","38202","38612","30589","28217","28380","28118","28137","28624","27166","29408","33317","30852","37497","31791","27812","27237","24464",
"경상남도","총전출[명]","명","41110","50788","46495","39547","41265","37166","29203","37882","33593","39971","37866","37521","33336","48134","46424","40634","37516","37735","32337","34096","33517","36072","39309","44541","46818","47330","48355","45548","46224","34020","32013","38459","36242","45270","43116","43849","40630","50376","46425","46349","42077","40814","37056","39805","35560","45248","42917","52337","41881","53111","50376","39282","36023","34927","31548","36083","32067","37600","40429","46365","43704","44448","46414","39212","40631","40891","34197","40370","34637","36828","40028","46373","45567","55991","47852","38534","36794","36263","28716","34998","35845","38678","46996","49185","50939","50091","44209","37338","37798","33002","32837","37321","30020","43035","39388","47621","50190","52192","46235","41721","37590","34695","35353","34158","31936","36185","32530","41542","38453","51479","45066","39715","35750","38221","39667","36229","34236","36378","35095","43821","43874","47737","51359","41672","38488","37842","33717","37199","30484","35665","37795","42877","44049","47576","44874","39242","39183","37557","31845","39429","31610","36582","37386","39890","37107","48186","39433","36582","34612","30022","30107","30836","26477","33971","33212","36783","36878","41430","37570","34312","33552","32392","32036","30586","26545","36383","38626","43554","37591","45361","40611","38432","37039","35326","35313","33758","35217","41366","35513","40637","40066","40368","45291","37323","35091","38441","34882","32337","29703","35282","39054","42441","38550","43715","40216","33457","33010","32116","27885","33006","27623","31236","32673","36693","33949","44175","38767","31979","36277","34485","31780","35344","29827","26171","31429","35017","39386","39788","39453","32295","32195","30366","31427","32641","23590","31096","29338","33949","40989","43422","37827","33844","31921","27009","32070","31059","27515","30245","29887","39773","42474","47008","41934","34061","30403","30887","29434","32086","31275","29710","31563","39162","37269","40124","40168","30937","28904","29004","28819","30006","31191","27647","30189","34227","32853","41055","33843","28710","28842","26113",
"경상남도","순이동[명]","명","323","-2167","-1055","-426","-399","393","-849","-352","-331","-1230","-586","-1833","-1072","-2477","-1173","-191","-507","-411","-223","-758","198","1050","585","-187","-156","-1956","49","940","3443","1478","167","69","1309","2618","1828","-2893","-1262","-890","1351","1261","1914","3132","-1054","1185","-835","192","6","-712","-2387","-2608","-716","65","1051","216","-267","-1668","-237","-59","670","329","-3079","-999","-166","1039","2072","3732","-438","367","586","69","1536","900","-1674","-1390","92","667","1042","135","-89","-626","-168","631","1097","1577","-1694","-743","67","-95","549","258","1008","2194","1499","2141","1470","1289","-1956","-616","611","668","1350","2082","1980","1424","1300","1876","1616","2694","-1313","-1181","708","1212","935","1435","1996","1133","983","1459","1663","2209","-7","-875","360","1143","1320","109","-161","-186","671","111","389","372","-84","-1274","394","1413","-111","-101","-43","882","1399","999","526","534","-191","-2719","-780","69","1130","742","-712","-746","-79","767","-366","113","-1192","-1906","-932","-93","226","1884","673","89","214","1455","1132","2244","393","-1475","-222","1016","1940","415","290","125","-486","-555","2279","2355","183","-699","987","1044","581","-423","-816","-123","1508","1003","618","1242","-482","-686","-243","792","262","275","-106","-823","-169","602","578","1772","-127","-1979","-570","-344","439","614","928","-566","539","2185","1379","1481","-3","-1360","-975","-451","348","-257","-282","-631","-705","-615","-199","-680","-509","-2204","-1093","-861","-978","-742","-436","-798","-1089","-2","-291","-307","-614","-2013","-3123","-1696","-1629","-1461","-1445","-1982","-1165","-230","-1206","-94","-1257","-1922","-1556","-348","-687","-624","-701","-1869","-2567","-481","-781","-910","-2001","-3558","-2052","-898","-1605","-1649",
"경상남도","시도간전입[명]","명","11702","13976","13438","11746","12357","11487","8571","10647","9099","10788","10612","9660","9573","14108","13120","11913","10720","10067","9208","10368","9804","11506","11822","12359","13496","12640","14173","13284","15678","10762","10124","11358","11060","14668","14112","12196","12269","15817","15879","13641","14003","14583","11484","13819","11235","13641","12723","15066","10985","15272","15141","11540","11670","10682","9721","11116","9403","10796","11736","14585","11104","13738","14906","12548","12870","14482","10392","12935","11108","11249","12304","15909","12154","16676","15030","12077","12101","11228","9222","11346","10466","11063","12664","16230","14343","15589","14412","11757","11807","10433","11549","14381","10690","15391","12829","15385","14443","16531","15200","12930","12214","11897","11959","11951","11326","12099","10695","14799","11304","16180","14985","12179","11502","12309","12615","12697","11576","12075","11347","14568","12880","15135","16053","12698","11693","11037","9994","11829","10046","11119","11179","12905","12691","14816","14600","12581","11507","11213","9841","13045","11251","11462","11288","12716","12356","15295","12943","10709","11169","9905","9386","9896","8366","11474","10442","11506","11626","13703","11967","10288","10377","10874","10263","10196","8581","11537","11241","13974","12049","14758","13318","11978","11809","10294","10259","10215","10005","11418","11641","14570","13136","13411","15173","11847","10750","11248","10303","10833","10614","11898","11046","13417","11850","14376","13120","10753","10314","10156","9161","10999","9179","10432","10815","13593","11843","14878","12803","9499","10901","10658","10632","12217","10439","10316","10898","12220","13203","13095","12582","9849","10259","8949","9533","10119","7188","9503","9148","10289","12573","13531","11508","9660","9131","7500","9298","9309","8126","9361","9134","12372","12297","14020","12437","9655","8736","9255","8664","9160","8651","8982","9255","12917","11871","13146","13057","9975","8968","9128","9603","9281","9787","8757","9157","10780","10101","12872","10794","8435","8514","7805",
"경상남도","시도간전출[명]","명","11379","16143","14493","12172","12756","11094","9420","10999","9430","12018","11198","11493","10645","16585","14293","12104","11227","10478","9431","11126","9606","10456","11237","12546","13652","14596","14124","12344","12235","9284","9957","11289","9751","12050","12284","15089","13531","16707","14528","12380","12089","11451","12538","12634","12070","13449","12717","15778","13372","17880","15857","11475","10619","10466","9988","12784","9640","10855","11066","14256","14183","14737","15072","11509","10798","10750","10830","12568","10522","11180","10768","15009","13828","18066","14938","11410","11059","11093","9311","11972","10634","10432","11567","14653","16037","16332","14345","11852","11258","10175","10541","12187","9191","13250","11359","14096","16399","17147","14589","12262","10864","9815","9979","10527","10026","10223","9079","12105","12617","17361","14277","10967","10567","10874","10619","11564","10593","10616","9684","12359","12887","16010","15693","11555","10373","10928","10155","12015","9375","11008","10790","12533","12775","16090","14206","11168","11618","11314","9884","12163","9852","10463","10762","12182","12547","18014","13723","10640","10039","9163","10098","10642","8445","10707","10808","11393","12818","15609","12899","10381","10151","8990","9590","10107","8367","10082","10109","11730","11656","16233","13540","10962","9869","9879","9969","10090","10491","11973","9362","12215","12953","14110","14186","10803","10169","11671","11119","10956","9106","10895","10428","12175","12332","15062","13363","9961","10052","9881","9267","11822","9348","9830","10237","11821","11970","16857","13373","9843","10462","10044","9704","12783","9900","8131","9519","10739","13206","14455","13557","10300","9911","9206","9815","10750","7893","10118","9347","10969","13082","15735","12601","10521","10109","8242","9734","10107","9215","9363","9425","12679","12911","16033","15560","11351","10365","10716","10109","11142","9816","9212","10461","13011","13128","15068","14613","10323","9655","9752","10304","11150","12354","9238","9938","11690","12102","16430","12846","9333","10119","9454",
"제주특별자치도","총전입[명]","명","11149","17907","8322","5174","6576","5408","4194","4757","4409","5260","5848","6238","12592","19687","9161","6130","5916","5427","4998","6160","5399","5886","7478","7417","12955","18056","10854","7820","6051","4513","4843","5132","4900","5838","7623","7083","11711","16025","8928","6796","5829","5860","5065","5727","5058","6505","8114","12797","12649","16117","13454","7598","6977","5872","5297","5556","5206","5857","6292","12103","13940","15479","9630","6397","6692","5812","5014","6406","5547","5401","5811","6912","12506","17014","9628","5897","5434","5681","4666","5683","5281","5042","5680","6480","12057","14275","8486","6033","5539","4927","4825","5305","4050","5710","5779","6308","10833","13504","7599","5769","5412","4873","5117","5879","5001","5190","4772","6175","8887","12963","8485","5836","5737","5060","4984","4910","4473","4665","4709","5866","8731","12460","8501","5602","4927","5258","4933","5211","4465","5413","5729","5994","12621","14244","8701","5370","5267","4786","4380","5621","4877","5004","5595","6242","10135","12686","8116","5782","5670","4783","4924","5105","4717","5514","6033","6036","11324","13053","8177","6416","6139","5171","5820","5784","5622","6667","6712","7966","11105","12614","8428","6753","6296","6079","6311","6159","5981","6951","7201","8630","11164","11443","9833","7460","6455","6787","7204","6602","6528","7341","7533","9230","11926","13677","10544","8217","8464","7716","7137","8382","6775","7344","7693","8950","11105","13356","10158","7390","7951","7041","7418","8199","7728","7107","8670","8904","13090","11457","10238","8033","8211","7233","7973","8028","5946","7854","7618","8521","11509","10679","8536","7462","7334","6316","7034","6975","6278","7095","7121","8627","9990","10577","8903","8618","7523","7439","7073","7065","7434","7013","7135","9344","9713","10561","9443","7445","6832","7060","7187","7096","7289","6652","7192","8509","8792","10701","8523","6743","6977","6502",
"제주특별자치도","총전출[명]","명","11604","18208","8310","5239","6738","5609","4218","5104","4670","5378","6024","6498","13084","19610","9016","6090","5784","5551","4841","6073","5411","5886","7432","7799","13226","17839","10633","7615","5844","4563","4793","5285","4915","5913","7338","7470","12304","16441","8955","6765","6024","5904","5098","5865","5416","6515","7851","12724","13307","16576","13080","7412","6836","6005","5148","5540","5118","5799","6426","11814","14482","15812","9585","6404","6398","5781","4915","6159","5686","5466","5877","7281","12966","17262","9463","5725","5294","5739","4670","5911","5528","5292","5926","7118","12664","14730","8537","6260","5599","4965","4836","5562","4160","6056","5934","6919","11630","13735","7572","5873","5488","4829","4960","6073","5249","5537","4922","6492","9096","13383","8477","5846","5579","4887","4800","4914","4750","4819","4788","6251","9017","12435","8610","5431","4638","5180","4783","5087","4475","5450","5577","6104","12661","14026","8402","5149","4964","4711","4083","5294","4647","4752","5422","6254","10000","12333","7588","5362","5123","4399","4242","4737","4265","5071","5684","5821","11218","12130","7342","5596","5423","4716","5025","5176","4985","6069","6054","7294","10505","11523","7585","5890","5412","5127","5330","5331","5167","6000","6052","7474","10412","10357","8637","6194","5356","5637","5670","5423","5193","5971","6474","7999","11070","11939","8955","6608","7006","6519","5808","7255","5926","6413","6701","7993","10479","12126","9029","6310","6666","6197","5845","6646","6501","5793","7546","7884","12052","10460","9102","7056","7185","6467","7044","7254","5479","7417","7359","8474","11419","10543","8009","7044","6758","5920","6688","6733","6236","7012","7017","8651","10274","10499","9265","8527","7363","6985","6547","6512","7044","6291","6737","8692","9770","10059","9193","6909","6404","6653","6628","7033","7032","6120","6874","8387","8847","10199","8290","6354","6540","6188",
"제주특별자치도","순이동[명]","명","-455","-301","12","-65","-162","-201","-24","-347","-261","-118","-176","-260","-492","77","145","40","132","-124","157","87","-12","0","46","-382","-271","217","221","205","207","-50","50","-153","-15","-75","285","-387","-593","-416","-27","31","-195","-44","-33","-138","-358","-10","263","73","-658","-459","374","186","141","-133","149","16","88","58","-134","289","-542","-333","45","-7","294","31","99","247","-139","-65","-66","-369","-460","-248","165","172","140","-58","-4","-228","-247","-250","-246","-638","-607","-455","-51","-227","-60","-38","-11","-257","-110","-346","-155","-611","-797","-231","27","-104","-76","44","157","-194","-248","-347","-150","-317","-209","-420","8","-10","158","173","184","-4","-277","-154","-79","-385","-286","25","-109","171","289","78","150","124","-10","-37","152","-110","-40","218","299","221","303","75","297","327","230","252","173","-12","135","353","528","420","547","384","682","368","452","443","349","215","106","923","835","820","716","455","795","608","637","598","658","672","600","1091","843","863","884","952","981","828","814","951","1149","1156","752","1086","1196","1266","1099","1150","1534","1179","1335","1370","1059","1231","856","1738","1589","1609","1458","1197","1329","1127","849","931","992","957","626","1230","1129","1080","1285","844","1573","1553","1227","1314","1124","1020","1038","997","1136","977","1026","766","929","774","467","437","259","47","90","136","527","418","576","396","346","242","42","83","104","-24","-284","78","-362","91","160","454","526","553","390","722","398","652","-57","502","250","536","428","407","559","63","257","532","318","122","-55","502","233","389","437","314",
"제주특별자치도","시도간전입[명]","명","1668","2650","2335","1700","1806","1565","1484","1665","1394","1671","1451","1492","1512","2774","2305","1828","1832","1514","1613","1932","1606","1661","1640","1465","2112","2658","2497","2038","1954","1285","1587","1942","1614","1841","1992","1510","1643","2716","2250","1947","1667","1661","1635","1826","1516","1822","1683","2191","1788","2662","2753","1869","1770","1537","1631","1907","1708","1801","1515","2085","1785","2486","2387","1822","1917","1636","1611","2117","1694","1653","1485","1566","1967","2894","2450","1827","1827","1669","1504","1842","1623","1555","1521","1481","2012","2559","2231","1737","1781","1602","1642","1789","1388","1828","1591","1455","1797","2661","2163","1655","1625","1485","1673","1659","1586","1551","1260","1445","1831","2644","2227","1714","1652","1647","1677","1770","1466","1506","1314","1454","1768","2600","2316","1806","1697","1520","1724","1935","1548","1608","1623","1572","1979","2860","2392","1740","1749","1538","1612","2114","1750","1745","1680","1703","2068","3193","2443","2001","2060","1682","2039","2083","1823","2046","1955","1828","2274","3492","2666","2337","2121","1846","2345","2393","2055","2308","2038","2369","2625","3969","2922","2551","2413","2400","2674","2512","2404","2618","2652","3095","3246","3675","3737","3128","2644","2874","3302","3170","3121","3270","3022","3355","3373","4843","4106","3394","3340","3032","3132","3545","2813","2755","2944","3104","3322","4790","4025","2948","3306","2934","3458","3990","3327","3110","3334","3208","4168","4410","4053","3205","3336","2866","3315","3486","2371","2811","2572","2596","3578","4118","3305","2818","2942","2413","2889","2925","2389","2575","2432","2774","3372","4088","3307","2681","2707","3002","2938","2949","2835","2815","2665","3357","3197","4196","3669","2897","2706","2689","3122","3018","3267","2665","2629","3047","3339","4713","3369","2684","2850","2583",
"제주특별자치도","시도간전출[명]","명","2123","2951","2323","1765","1968","1766","1508","2012","1655","1789","1627","1752","2004","2697","2160","1788","1700","1638","1456","1845","1618","1661","1594","1847","2383","2441","2276","1833","1747","1335","1537","2095","1629","1916","1707","1897","2236","3132","2277","1916","1862","1705","1668","1964","1874","1832","1420","2118","2446","3121","2379","1683","1629","1670","1482","1891","1620","1743","1649","1796","2327","2819","2342","1829","1623","1605","1512","1870","1833","1718","1551","1935","2427","3142","2285","1655","1687","1727","1508","2070","1870","1805","1767","2119","2619","3014","2282","1964","1841","1640","1653","2046","1498","2174","1746","2066","2594","2892","2136","1759","1701","1441","1516","1853","1834","1898","1410","1762","2040","3064","2219","1724","1494","1474","1493","1774","1743","1660","1393","1839","2054","2575","2425","1635","1408","1442","1574","1811","1558","1645","1471","1682","2019","2642","2093","1519","1446","1463","1315","1787","1520","1493","1507","1715","1933","2840","1915","1581","1513","1298","1357","1715","1371","1603","1606","1613","2168","2569","1831","1517","1405","1391","1550","1785","1418","1710","1380","1697","2025","2878","2079","1688","1529","1448","1693","1684","1590","1667","1503","1939","2494","2589","2541","1862","1545","1724","1768","1991","1786","1900","1963","2124","2517","3105","2517","1785","1882","1835","1803","2418","1964","1824","1952","2147","2696","3560","2896","1868","2021","2090","1885","2437","2100","1796","2210","2188","3130","3413","2917","2228","2310","2100","2386","2712","1904","2374","2313","2549","3488","3982","2778","2400","2366","2017","2543","2683","2347","2492","2328","2798","3656","4010","3669","2590","2547","2548","2412","2396","2445","2093","2267","2705","3254","3694","3419","2361","2278","2282","2563","2955","3010","2133","2311","2925","3394","4211","3136","2295","2413","2269",
